domain,model,configuration,slice_type,slice_value,sgadr_lambda,ADR,ADR_minus_ADR_with_witness,ADR_with_two_sided_witness,ADR_with_witness,GADR,GADR_minus_ADR,GADR_minus_GADR_with_witness,GADR_with_two_sided_witness,GADR_with_witness,SGADR,SGADR_minus_SGADR_star,SGADR_star,SGADR_star_with_two_sided_witness,SGADR_star_with_witness,SGADR_with_two_sided_witness,SGADR_with_witness,between_group_ADR_variance,group_concept_applicable,group_coverage,group_level_ADR_at_least_10_pair_success,group_level_ADR_at_least_1_pair_success,group_level_ADR_at_least_2_pair_success,group_level_ADR_at_least_3_pair_success,group_level_ADR_at_least_4_pair_success,group_level_ADR_at_least_5_pair_success,group_level_ADR_at_least_6_pair_success,group_level_ADR_at_least_7_pair_success,group_level_ADR_at_least_8_pair_success,group_level_ADR_at_least_9_pair_success,group_level_ADR_with_two_sided_witness_at_least_10_pair_success,group_level_ADR_with_two_sided_witness_at_least_1_pair_success,group_level_ADR_with_two_sided_witness_at_least_2_pair_success,group_level_ADR_with_two_sided_witness_at_least_3_pair_success,group_level_ADR_with_two_sided_witness_at_least_4_pair_success,group_level_ADR_with_two_sided_witness_at_least_5_pair_success,group_level_ADR_with_two_sided_witness_at_least_6_pair_success,group_level_ADR_with_two_sided_witness_at_least_7_pair_success,group_level_ADR_with_two_sided_witness_at_least_8_pair_success,group_level_ADR_with_two_sided_witness_at_least_9_pair_success,group_level_ADR_with_witness_at_least_10_pair_success,group_level_ADR_with_witness_at_least_1_pair_success,group_level_ADR_with_witness_at_least_2_pair_success,group_level_ADR_with_witness_at_least_3_pair_success,group_level_ADR_with_witness_at_least_4_pair_success,group_level_ADR_with_witness_at_least_5_pair_success,group_level_ADR_with_witness_at_least_6_pair_success,group_level_ADR_with_witness_at_least_7_pair_success,group_level_ADR_with_witness_at_least_8_pair_success,group_level_ADR_with_witness_at_least_9_pair_success,macro_second_moment_ADR_g,max_complete_pairs_in_group,max_pairs_in_group,mean_group_bernoulli_variance,micro_ADR_square,negative_witness_followup_records,negative_witness_followup_results,negative_witness_followup_success_records,num_complete_pairs_total,num_groups_total,num_groups_with_at_least_10_candidate_pairs,num_groups_with_at_least_10_complete_pairs,num_groups_with_at_least_1_candidate_pairs,num_groups_with_at_least_1_complete_pairs,num_groups_with_at_least_2_candidate_pairs,num_groups_with_at_least_2_complete_pairs,num_groups_with_at_least_3_candidate_pairs,num_groups_with_at_least_3_complete_pairs,num_groups_with_at_least_4_candidate_pairs,num_groups_with_at_least_4_complete_pairs,num_groups_with_at_least_5_candidate_pairs,num_groups_with_at_least_5_complete_pairs,num_groups_with_at_least_6_candidate_pairs,num_groups_with_at_least_6_complete_pairs,num_groups_with_at_least_7_candidate_pairs,num_groups_with_at_least_7_complete_pairs,num_groups_with_at_least_8_candidate_pairs,num_groups_with_at_least_8_complete_pairs,num_groups_with_at_least_9_candidate_pairs,num_groups_with_at_least_9_complete_pairs,num_groups_with_complete_pairs,num_pairs_negative_witness_available,num_pairs_negative_witness_verified,num_pairs_total,pair_completion_rate,pair_success_both_correct_total,pair_success_with_two_sided_witness_total,pair_success_with_witness_total,source_id,threshold_10_interpretation,threshold_10_structurally_possible,witness_status_cdcl_unavailable,witness_status_invalid_assignment,witness_status_missing_assignment,witness_status_missing_cnf,witness_status_satisfied,witness_status_unsatisfied
2-SAT,Llama-Nemotron-Super-49B (r-on),NVIDIA__nvidia__Llama-3_3-Nemotron-Super-49B-v1_5__cnf_llama_nemotron_super_49b_v15_cases_prompt_interleave_zero_shot_desc_allN_3_5_8_10_15_20_25_30_40_50_60_thinking_reasoning_on,overall,all,0.0,0.5579399141630901,0.51931330472103,,0.03862660944206009,0.5557851239669421,-0.0021547901961479488,0.518595041322314,,0.0371900826446281,0.5557851239669421,-0.0021547901961479488,0.5579399141630901,,0.03862660944206009,,0.0371900826446281,0.08601273820094256,True,1.0,0.2727272727272727,1.0,0.8636363636363636,0.8181818181818182,0.8181818181818182,0.5454545454545454,0.45454545454545453,0.36363636363636365,0.3181818181818182,0.2727272727272727,,,,,,,,,,,0.0,0.36363636363636365,0.045454545454545456,0.0,0.0,0.0,0.0,0.0,0.0,0.0,0.39490984222389175,11,11,0.16087528174305035,0.31129694781631634,,,,233,22,22,21,22,22,22,22,22,21,22,21,22,21,22,21,22,21,22,21,22,21,22,0,0,242,0.9628099173553719,130,,9,SAT_Group_Evaluation/analysis/open_source_LLM_2SAT_analysis/open_source_LLM_2SAT_group_adr_with_wilson_and_cp_RMC_rmc_paper_open_vendor_case_b.json,substantive repeated-success threshold,True,0,1,124,0,9,4
2-SAT,Llama-Nemotron-Super-49B (r-on),NVIDIA__nvidia__Llama-3_3-Nemotron-Super-49B-v1_5__cnf_llama_nemotron_super_49b_v15_cases_prompt_interleave_zero_shot_desc_allN_3_5_8_10_15_20_25_30_40_50_60_thinking_reasoning_on,overall,all,0.25,0.5579399141630901,0.51931330472103,,0.03862660944206009,0.5557851239669421,-0.0021547901961479488,0.518595041322314,,0.0371900826446281,0.5155663035311796,0.01928713095478296,0.49627917257639664,,0.02934296082079243,,0.028925619834710745,0.08601273820094256,True,1.0,0.2727272727272727,1.0,0.8636363636363636,0.8181818181818182,0.8181818181818182,0.5454545454545454,0.45454545454545453,0.36363636363636365,0.3181818181818182,0.2727272727272727,,,,,,,,,,,0.0,0.36363636363636365,0.045454545454545456,0.0,0.0,0.0,0.0,0.0,0.0,0.0,0.39490984222389175,11,11,0.16087528174305035,0.31129694781631634,,,,233,22,22,21,22,22,22,22,22,21,22,21,22,21,22,21,22,21,22,21,22,21,22,0,0,242,0.9628099173553719,130,,9,SAT_Group_Evaluation/analysis/open_source_LLM_2SAT_analysis/open_source_LLM_2SAT_group_adr_with_wilson_and_cp_RMC_rmc_paper_open_vendor_case_b.json,substantive repeated-success threshold,True,0,1,124,0,9,4
2-SAT,Llama-Nemotron-Super-49B (r-on),NVIDIA__nvidia__Llama-3_3-Nemotron-Super-49B-v1_5__cnf_llama_nemotron_super_49b_v15_cases_prompt_interleave_zero_shot_desc_allN_3_5_8_10_15_20_25_30_40_50_60_thinking_reasoning_on,overall,all,0.5,0.5579399141630901,0.51931330472103,,0.03862660944206009,0.5557851239669421,-0.0021547901961479488,0.518595041322314,,0.0371900826446281,0.47534748309541697,0.04072905210571376,0.4346184309897032,,0.020059312199524768,,0.02066115702479339,0.08601273820094256,True,1.0,0.2727272727272727,1.0,0.8636363636363636,0.8181818181818182,0.8181818181818182,0.5454545454545454,0.45454545454545453,0.36363636363636365,0.3181818181818182,0.2727272727272727,,,,,,,,,,,0.0,0.36363636363636365,0.045454545454545456,0.0,0.0,0.0,0.0,0.0,0.0,0.0,0.39490984222389175,11,11,0.16087528174305035,0.31129694781631634,,,,233,22,22,21,22,22,22,22,22,21,22,21,22,21,22,21,22,21,22,21,22,21,22,0,0,242,0.9628099173553719,130,,9,SAT_Group_Evaluation/analysis/open_source_LLM_2SAT_analysis/open_source_LLM_2SAT_group_adr_with_wilson_and_cp_RMC_rmc_paper_open_vendor_case_b.json,substantive repeated-success threshold,True,0,1,124,0,9,4
2-SAT,Llama-Nemotron-Super-49B (r-on),NVIDIA__nvidia__Llama-3_3-Nemotron-Super-49B-v1_5__cnf_llama_nemotron_super_49b_v15_cases_prompt_interleave_zero_shot_desc_allN_3_5_8_10_15_20_25_30_40_50_60_thinking_reasoning_on,overall,all,0.75,0.5579399141630901,0.51931330472103,,0.03862660944206009,0.5557851239669421,-0.0021547901961479488,0.518595041322314,,0.0371900826446281,0.4351286626596544,0.06217097325664461,0.3729576894030098,,0.010775663578257107,,0.012396694214876037,0.08601273820094256,True,1.0,0.2727272727272727,1.0,0.8636363636363636,0.8181818181818182,0.8181818181818182,0.5454545454545454,0.45454545454545453,0.36363636363636365,0.3181818181818182,0.2727272727272727,,,,,,,,,,,0.0,0.36363636363636365,0.045454545454545456,0.0,0.0,0.0,0.0,0.0,0.0,0.0,0.39490984222389175,11,11,0.16087528174305035,0.31129694781631634,,,,233,22,22,21,22,22,22,22,22,21,22,21,22,21,22,21,22,21,22,21,22,21,22,0,0,242,0.9628099173553719,130,,9,SAT_Group_Evaluation/analysis/open_source_LLM_2SAT_analysis/open_source_LLM_2SAT_group_adr_with_wilson_and_cp_RMC_rmc_paper_open_vendor_case_b.json,substantive repeated-success threshold,True,0,1,124,0,9,4
2-SAT,Llama-Nemotron-Super-49B (r-on),NVIDIA__nvidia__Llama-3_3-Nemotron-Super-49B-v1_5__cnf_llama_nemotron_super_49b_v15_cases_prompt_interleave_zero_shot_desc_allN_3_5_8_10_15_20_25_30_40_50_60_thinking_reasoning_on,overall,all,1.0,0.5579399141630901,0.51931330472103,,0.03862660944206009,0.5557851239669421,-0.0021547901961479488,0.518595041322314,,0.0371900826446281,0.39490984222389175,0.08361289440757541,0.31129694781631634,,0.0014920149569894459,,0.004132231404958678,0.08601273820094256,True,1.0,0.2727272727272727,1.0,0.8636363636363636,0.8181818181818182,0.8181818181818182,0.5454545454545454,0.45454545454545453,0.36363636363636365,0.3181818181818182,0.2727272727272727,,,,,,,,,,,0.0,0.36363636363636365,0.045454545454545456,0.0,0.0,0.0,0.0,0.0,0.0,0.0,0.39490984222389175,11,11,0.16087528174305035,0.31129694781631634,,,,233,22,22,21,22,22,22,22,22,21,22,21,22,21,22,21,22,21,22,21,22,21,22,0,0,242,0.9628099173553719,130,,9,SAT_Group_Evaluation/analysis/open_source_LLM_2SAT_analysis/open_source_LLM_2SAT_group_adr_with_wilson_and_cp_RMC_rmc_paper_open_vendor_case_b.json,substantive repeated-success threshold,True,0,1,124,0,9,4
2-SAT,Llama-Nemotron-Super-49B (r-on),NVIDIA__nvidia__Llama-3_3-Nemotron-Super-49B-v1_5__cnf_llama_nemotron_super_49b_v15_cases_prompt_interleave_zero_shot_desc_allN_3_5_8_10_15_20_25_30_40_50_60_thinking_reasoning_on,N,3,0.0,1.0,1.0,,0.0,1.0,0.0,1.0,,0.0,1.0,0.0,1.0,,0.0,,0.0,0.0,True,1.0,1.0,1.0,1.0,1.0,1.0,1.0,1.0,1.0,1.0,1.0,,,,,,,,,,,0.0,0.0,0.0,0.0,0.0,0.0,0.0,0.0,0.0,0.0,1.0,11,11,0.0,1.0,,,,22,2,2,2,2,2,2,2,2,2,2,2,2,2,2,2,2,2,2,2,2,2,2,0,0,22,1.0,22,,0,SAT_Group_Evaluation/analysis/open_source_LLM_2SAT_analysis/open_source_LLM_2SAT_group_adr_with_wilson_and_cp_RMC_rmc_paper_open_vendor_case_b.json,substantive repeated-success threshold,True,0,0,22,0,0,0
2-SAT,Llama-Nemotron-Super-49B (r-on),NVIDIA__nvidia__Llama-3_3-Nemotron-Super-49B-v1_5__cnf_llama_nemotron_super_49b_v15_cases_prompt_interleave_zero_shot_desc_allN_3_5_8_10_15_20_25_30_40_50_60_thinking_reasoning_on,N,3,0.25,1.0,1.0,,0.0,1.0,0.0,1.0,,0.0,1.0,0.0,1.0,,0.0,,0.0,0.0,True,1.0,1.0,1.0,1.0,1.0,1.0,1.0,1.0,1.0,1.0,1.0,,,,,,,,,,,0.0,0.0,0.0,0.0,0.0,0.0,0.0,0.0,0.0,0.0,1.0,11,11,0.0,1.0,,,,22,2,2,2,2,2,2,2,2,2,2,2,2,2,2,2,2,2,2,2,2,2,2,0,0,22,1.0,22,,0,SAT_Group_Evaluation/analysis/open_source_LLM_2SAT_analysis/open_source_LLM_2SAT_group_adr_with_wilson_and_cp_RMC_rmc_paper_open_vendor_case_b.json,substantive repeated-success threshold,True,0,0,22,0,0,0
2-SAT,Llama-Nemotron-Super-49B (r-on),NVIDIA__nvidia__Llama-3_3-Nemotron-Super-49B-v1_5__cnf_llama_nemotron_super_49b_v15_cases_prompt_interleave_zero_shot_desc_allN_3_5_8_10_15_20_25_30_40_50_60_thinking_reasoning_on,N,3,0.5,1.0,1.0,,0.0,1.0,0.0,1.0,,0.0,1.0,0.0,1.0,,0.0,,0.0,0.0,True,1.0,1.0,1.0,1.0,1.0,1.0,1.0,1.0,1.0,1.0,1.0,,,,,,,,,,,0.0,0.0,0.0,0.0,0.0,0.0,0.0,0.0,0.0,0.0,1.0,11,11,0.0,1.0,,,,22,2,2,2,2,2,2,2,2,2,2,2,2,2,2,2,2,2,2,2,2,2,2,0,0,22,1.0,22,,0,SAT_Group_Evaluation/analysis/open_source_LLM_2SAT_analysis/open_source_LLM_2SAT_group_adr_with_wilson_and_cp_RMC_rmc_paper_open_vendor_case_b.json,substantive repeated-success threshold,True,0,0,22,0,0,0
2-SAT,Llama-Nemotron-Super-49B (r-on),NVIDIA__nvidia__Llama-3_3-Nemotron-Super-49B-v1_5__cnf_llama_nemotron_super_49b_v15_cases_prompt_interleave_zero_shot_desc_allN_3_5_8_10_15_20_25_30_40_50_60_thinking_reasoning_on,N,3,0.75,1.0,1.0,,0.0,1.0,0.0,1.0,,0.0,1.0,0.0,1.0,,0.0,,0.0,0.0,True,1.0,1.0,1.0,1.0,1.0,1.0,1.0,1.0,1.0,1.0,1.0,,,,,,,,,,,0.0,0.0,0.0,0.0,0.0,0.0,0.0,0.0,0.0,0.0,1.0,11,11,0.0,1.0,,,,22,2,2,2,2,2,2,2,2,2,2,2,2,2,2,2,2,2,2,2,2,2,2,0,0,22,1.0,22,,0,SAT_Group_Evaluation/analysis/open_source_LLM_2SAT_analysis/open_source_LLM_2SAT_group_adr_with_wilson_and_cp_RMC_rmc_paper_open_vendor_case_b.json,substantive repeated-success threshold,True,0,0,22,0,0,0
2-SAT,Llama-Nemotron-Super-49B (r-on),NVIDIA__nvidia__Llama-3_3-Nemotron-Super-49B-v1_5__cnf_llama_nemotron_super_49b_v15_cases_prompt_interleave_zero_shot_desc_allN_3_5_8_10_15_20_25_30_40_50_60_thinking_reasoning_on,N,3,1.0,1.0,1.0,,0.0,1.0,0.0,1.0,,0.0,1.0,0.0,1.0,,0.0,,0.0,0.0,True,1.0,1.0,1.0,1.0,1.0,1.0,1.0,1.0,1.0,1.0,1.0,,,,,,,,,,,0.0,0.0,0.0,0.0,0.0,0.0,0.0,0.0,0.0,0.0,1.0,11,11,0.0,1.0,,,,22,2,2,2,2,2,2,2,2,2,2,2,2,2,2,2,2,2,2,2,2,2,2,0,0,22,1.0,22,,0,SAT_Group_Evaluation/analysis/open_source_LLM_2SAT_analysis/open_source_LLM_2SAT_group_adr_with_wilson_and_cp_RMC_rmc_paper_open_vendor_case_b.json,substantive repeated-success threshold,True,0,0,22,0,0,0
2-SAT,Llama-Nemotron-Super-49B (r-on),NVIDIA__nvidia__Llama-3_3-Nemotron-Super-49B-v1_5__cnf_llama_nemotron_super_49b_v15_cases_prompt_interleave_zero_shot_desc_allN_3_5_8_10_15_20_25_30_40_50_60_thinking_reasoning_on,N,5,0.0,0.9545454545454546,0.9090909090909092,,0.045454545454545456,0.9545454545454546,0.0,0.9090909090909092,,0.045454545454545456,0.9545454545454546,0.0,0.9545454545454546,,0.045454545454545456,,0.045454545454545456,0.00206611570247934,True,1.0,1.0,1.0,1.0,1.0,1.0,1.0,1.0,1.0,1.0,1.0,,,,,,,,,,,0.0,0.5,0.0,0.0,0.0,0.0,0.0,0.0,0.0,0.0,0.9132231404958677,11,11,0.04132231404958679,0.9111570247933886,,,,22,2,2,2,2,2,2,2,2,2,2,2,2,2,2,2,2,2,2,2,2,2,2,0,0,22,1.0,21,,1,SAT_Group_Evaluation/analysis/open_source_LLM_2SAT_analysis/open_source_LLM_2SAT_group_adr_with_wilson_and_cp_RMC_rmc_paper_open_vendor_case_b.json,substantive repeated-success threshold,True,0,0,21,0,1,0
2-SAT,Llama-Nemotron-Super-49B (r-on),NVIDIA__nvidia__Llama-3_3-Nemotron-Super-49B-v1_5__cnf_llama_nemotron_super_49b_v15_cases_prompt_interleave_zero_shot_desc_allN_3_5_8_10_15_20_25_30_40_50_60_thinking_reasoning_on,N,5,0.25,0.9545454545454546,0.9090909090909092,,0.045454545454545456,0.9545454545454546,0.0,0.9090909090909092,,0.045454545454545456,0.9442148760330578,0.0005165289256197081,0.943698347107438,,0.03460743801652893,,0.03512396694214876,0.00206611570247934,True,1.0,1.0,1.0,1.0,1.0,1.0,1.0,1.0,1.0,1.0,1.0,,,,,,,,,,,0.0,0.5,0.0,0.0,0.0,0.0,0.0,0.0,0.0,0.0,0.9132231404958677,11,11,0.04132231404958679,0.9111570247933886,,,,22,2,2,2,2,2,2,2,2,2,2,2,2,2,2,2,2,2,2,2,2,2,2,0,0,22,1.0,21,,1,SAT_Group_Evaluation/analysis/open_source_LLM_2SAT_analysis/open_source_LLM_2SAT_group_adr_with_wilson_and_cp_RMC_rmc_paper_open_vendor_case_b.json,substantive repeated-success threshold,True,0,0,21,0,1,0
2-SAT,Llama-Nemotron-Super-49B (r-on),NVIDIA__nvidia__Llama-3_3-Nemotron-Super-49B-v1_5__cnf_llama_nemotron_super_49b_v15_cases_prompt_interleave_zero_shot_desc_allN_3_5_8_10_15_20_25_30_40_50_60_thinking_reasoning_on,N,5,0.5,0.9545454545454546,0.9090909090909092,,0.045454545454545456,0.9545454545454546,0.0,0.9090909090909092,,0.045454545454545456,0.9338842975206612,0.0010330578512396382,0.9328512396694215,,0.023760330578512397,,0.024793388429752067,0.00206611570247934,True,1.0,1.0,1.0,1.0,1.0,1.0,1.0,1.0,1.0,1.0,1.0,,,,,,,,,,,0.0,0.5,0.0,0.0,0.0,0.0,0.0,0.0,0.0,0.0,0.9132231404958677,11,11,0.04132231404958679,0.9111570247933886,,,,22,2,2,2,2,2,2,2,2,2,2,2,2,2,2,2,2,2,2,2,2,2,2,0,0,22,1.0,21,,1,SAT_Group_Evaluation/analysis/open_source_LLM_2SAT_analysis/open_source_LLM_2SAT_group_adr_with_wilson_and_cp_RMC_rmc_paper_open_vendor_case_b.json,substantive repeated-success threshold,True,0,0,21,0,1,0
2-SAT,Llama-Nemotron-Super-49B (r-on),NVIDIA__nvidia__Llama-3_3-Nemotron-Super-49B-v1_5__cnf_llama_nemotron_super_49b_v15_cases_prompt_interleave_zero_shot_desc_allN_3_5_8_10_15_20_25_30_40_50_60_thinking_reasoning_on,N,5,0.75,0.9545454545454546,0.9090909090909092,,0.045454545454545456,0.9545454545454546,0.0,0.9090909090909092,,0.045454545454545456,0.9235537190082644,0.0015495867768594573,0.922004132231405,,0.012913223140495873,,0.014462809917355376,0.00206611570247934,True,1.0,1.0,1.0,1.0,1.0,1.0,1.0,1.0,1.0,1.0,1.0,,,,,,,,,,,0.0,0.5,0.0,0.0,0.0,0.0,0.0,0.0,0.0,0.0,0.9132231404958677,11,11,0.04132231404958679,0.9111570247933886,,,,22,2,2,2,2,2,2,2,2,2,2,2,2,2,2,2,2,2,2,2,2,2,2,0,0,22,1.0,21,,1,SAT_Group_Evaluation/analysis/open_source_LLM_2SAT_analysis/open_source_LLM_2SAT_group_adr_with_wilson_and_cp_RMC_rmc_paper_open_vendor_case_b.json,substantive repeated-success threshold,True,0,0,21,0,1,0
2-SAT,Llama-Nemotron-Super-49B (r-on),NVIDIA__nvidia__Llama-3_3-Nemotron-Super-49B-v1_5__cnf_llama_nemotron_super_49b_v15_cases_prompt_interleave_zero_shot_desc_allN_3_5_8_10_15_20_25_30_40_50_60_thinking_reasoning_on,N,5,1.0,0.9545454545454546,0.9090909090909092,,0.045454545454545456,0.9545454545454546,0.0,0.9090909090909092,,0.045454545454545456,0.9132231404958677,0.0020661157024792765,0.9111570247933884,,0.002066115702479339,,0.004132231404958678,0.00206611570247934,True,1.0,1.0,1.0,1.0,1.0,1.0,1.0,1.0,1.0,1.0,1.0,,,,,,,,,,,0.0,0.5,0.0,0.0,0.0,0.0,0.0,0.0,0.0,0.0,0.9132231404958677,11,11,0.04132231404958679,0.9111570247933886,,,,22,2,2,2,2,2,2,2,2,2,2,2,2,2,2,2,2,2,2,2,2,2,2,0,0,22,1.0,21,,1,SAT_Group_Evaluation/analysis/open_source_LLM_2SAT_analysis/open_source_LLM_2SAT_group_adr_with_wilson_and_cp_RMC_rmc_paper_open_vendor_case_b.json,substantive repeated-success threshold,True,0,0,21,0,1,0
2-SAT,Llama-Nemotron-Super-49B (r-on),NVIDIA__nvidia__Llama-3_3-Nemotron-Super-49B-v1_5__cnf_llama_nemotron_super_49b_v15_cases_prompt_interleave_zero_shot_desc_allN_3_5_8_10_15_20_25_30_40_50_60_thinking_reasoning_on,N,8,0.0,0.8636363636363636,0.8181818181818182,,0.045454545454545456,0.8636363636363636,0.0,0.8181818181818182,,0.045454545454545456,0.8636363636363636,0.0,0.8636363636363636,,0.045454545454545456,,0.045454545454545456,0.018595041322314047,True,1.0,0.5,1.0,1.0,1.0,1.0,1.0,1.0,1.0,1.0,0.5,,,,,,,,,,,0.0,0.5,0.0,0.0,0.0,0.0,0.0,0.0,0.0,0.0,0.7644628099173554,11,11,0.09917355371900825,0.7458677685950413,,,,22,2,2,2,2,2,2,2,2,2,2,2,2,2,2,2,2,2,2,2,2,2,2,0,0,22,1.0,19,,1,SAT_Group_Evaluation/analysis/open_source_LLM_2SAT_analysis/open_source_LLM_2SAT_group_adr_with_wilson_and_cp_RMC_rmc_paper_open_vendor_case_b.json,substantive repeated-success threshold,True,0,0,18,0,1,0
2-SAT,Llama-Nemotron-Super-49B (r-on),NVIDIA__nvidia__Llama-3_3-Nemotron-Super-49B-v1_5__cnf_llama_nemotron_super_49b_v15_cases_prompt_interleave_zero_shot_desc_allN_3_5_8_10_15_20_25_30_40_50_60_thinking_reasoning_on,N,8,0.25,0.8636363636363636,0.8181818181818182,,0.045454545454545456,0.8636363636363636,0.0,0.8181818181818182,,0.045454545454545456,0.8388429752066116,0.004648760330578483,0.8341942148760331,,0.03460743801652893,,0.03512396694214876,0.018595041322314047,True,1.0,0.5,1.0,1.0,1.0,1.0,1.0,1.0,1.0,1.0,0.5,,,,,,,,,,,0.0,0.5,0.0,0.0,0.0,0.0,0.0,0.0,0.0,0.0,0.7644628099173554,11,11,0.09917355371900825,0.7458677685950413,,,,22,2,2,2,2,2,2,2,2,2,2,2,2,2,2,2,2,2,2,2,2,2,2,0,0,22,1.0,19,,1,SAT_Group_Evaluation/analysis/open_source_LLM_2SAT_analysis/open_source_LLM_2SAT_group_adr_with_wilson_and_cp_RMC_rmc_paper_open_vendor_case_b.json,substantive repeated-success threshold,True,0,0,18,0,1,0
2-SAT,Llama-Nemotron-Super-49B (r-on),NVIDIA__nvidia__Llama-3_3-Nemotron-Super-49B-v1_5__cnf_llama_nemotron_super_49b_v15_cases_prompt_interleave_zero_shot_desc_allN_3_5_8_10_15_20_25_30_40_50_60_thinking_reasoning_on,N,8,0.5,0.8636363636363636,0.8181818181818182,,0.045454545454545456,0.8636363636363636,0.0,0.8181818181818182,,0.045454545454545456,0.8140495867768596,0.009297520661157077,0.8047520661157025,,0.023760330578512397,,0.024793388429752067,0.018595041322314047,True,1.0,0.5,1.0,1.0,1.0,1.0,1.0,1.0,1.0,1.0,0.5,,,,,,,,,,,0.0,0.5,0.0,0.0,0.0,0.0,0.0,0.0,0.0,0.0,0.7644628099173554,11,11,0.09917355371900825,0.7458677685950413,,,,22,2,2,2,2,2,2,2,2,2,2,2,2,2,2,2,2,2,2,2,2,2,2,0,0,22,1.0,19,,1,SAT_Group_Evaluation/analysis/open_source_LLM_2SAT_analysis/open_source_LLM_2SAT_group_adr_with_wilson_and_cp_RMC_rmc_paper_open_vendor_case_b.json,substantive repeated-success threshold,True,0,0,18,0,1,0
2-SAT,Llama-Nemotron-Super-49B (r-on),NVIDIA__nvidia__Llama-3_3-Nemotron-Super-49B-v1_5__cnf_llama_nemotron_super_49b_v15_cases_prompt_interleave_zero_shot_desc_allN_3_5_8_10_15_20_25_30_40_50_60_thinking_reasoning_on,N,8,0.75,0.8636363636363636,0.8181818181818182,,0.045454545454545456,0.8636363636363636,0.0,0.8181818181818182,,0.045454545454545456,0.7892561983471075,0.01394628099173556,0.7753099173553719,,0.012913223140495873,,0.014462809917355376,0.018595041322314047,True,1.0,0.5,1.0,1.0,1.0,1.0,1.0,1.0,1.0,1.0,0.5,,,,,,,,,,,0.0,0.5,0.0,0.0,0.0,0.0,0.0,0.0,0.0,0.0,0.7644628099173554,11,11,0.09917355371900825,0.7458677685950413,,,,22,2,2,2,2,2,2,2,2,2,2,2,2,2,2,2,2,2,2,2,2,2,2,0,0,22,1.0,19,,1,SAT_Group_Evaluation/analysis/open_source_LLM_2SAT_analysis/open_source_LLM_2SAT_group_adr_with_wilson_and_cp_RMC_rmc_paper_open_vendor_case_b.json,substantive repeated-success threshold,True,0,0,18,0,1,0
2-SAT,Llama-Nemotron-Super-49B (r-on),NVIDIA__nvidia__Llama-3_3-Nemotron-Super-49B-v1_5__cnf_llama_nemotron_super_49b_v15_cases_prompt_interleave_zero_shot_desc_allN_3_5_8_10_15_20_25_30_40_50_60_thinking_reasoning_on,N,8,1.0,0.8636363636363636,0.8181818181818182,,0.045454545454545456,0.8636363636363636,0.0,0.8181818181818182,,0.045454545454545456,0.7644628099173554,0.018595041322314043,0.7458677685950413,,0.002066115702479339,,0.004132231404958678,0.018595041322314047,True,1.0,0.5,1.0,1.0,1.0,1.0,1.0,1.0,1.0,1.0,0.5,,,,,,,,,,,0.0,0.5,0.0,0.0,0.0,0.0,0.0,0.0,0.0,0.0,0.7644628099173554,11,11,0.09917355371900825,0.7458677685950413,,,,22,2,2,2,2,2,2,2,2,2,2,2,2,2,2,2,2,2,2,2,2,2,2,0,0,22,1.0,19,,1,SAT_Group_Evaluation/analysis/open_source_LLM_2SAT_analysis/open_source_LLM_2SAT_group_adr_with_wilson_and_cp_RMC_rmc_paper_open_vendor_case_b.json,substantive repeated-success threshold,True,0,0,18,0,1,0
2-SAT,Llama-Nemotron-Super-49B (r-on),NVIDIA__nvidia__Llama-3_3-Nemotron-Super-49B-v1_5__cnf_llama_nemotron_super_49b_v15_cases_prompt_interleave_zero_shot_desc_allN_3_5_8_10_15_20_25_30_40_50_60_thinking_reasoning_on,N,10,0.0,0.7272727272727273,0.6818181818181819,,0.045454545454545456,0.7272727272727273,0.0,0.6818181818181819,,0.045454545454545456,0.7272727272727273,0.0,0.7272727272727273,,0.045454545454545456,,0.045454545454545456,0.03305785123966942,True,1.0,0.5,1.0,1.0,1.0,1.0,1.0,1.0,0.5,0.5,0.5,,,,,,,,,,,0.0,0.5,0.0,0.0,0.0,0.0,0.0,0.0,0.0,0.0,0.5619834710743801,11,11,0.1652892561983471,0.5289256198347108,,,,22,2,2,2,2,2,2,2,2,2,2,2,2,2,2,2,2,2,2,2,2,2,2,0,0,22,1.0,16,,1,SAT_Group_Evaluation/analysis/open_source_LLM_2SAT_analysis/open_source_LLM_2SAT_group_adr_with_wilson_and_cp_RMC_rmc_paper_open_vendor_case_b.json,substantive repeated-success threshold,True,0,0,15,0,1,0
2-SAT,Llama-Nemotron-Super-49B (r-on),NVIDIA__nvidia__Llama-3_3-Nemotron-Super-49B-v1_5__cnf_llama_nemotron_super_49b_v15_cases_prompt_interleave_zero_shot_desc_allN_3_5_8_10_15_20_25_30_40_50_60_thinking_reasoning_on,N,10,0.25,0.7272727272727273,0.6818181818181819,,0.045454545454545456,0.7272727272727273,0.0,0.6818181818181819,,0.045454545454545456,0.6859504132231404,0.008264462809917217,0.6776859504132232,,0.03460743801652893,,0.03512396694214876,0.03305785123966942,True,1.0,0.5,1.0,1.0,1.0,1.0,1.0,1.0,0.5,0.5,0.5,,,,,,,,,,,0.0,0.5,0.0,0.0,0.0,0.0,0.0,0.0,0.0,0.0,0.5619834710743801,11,11,0.1652892561983471,0.5289256198347108,,,,22,2,2,2,2,2,2,2,2,2,2,2,2,2,2,2,2,2,2,2,2,2,2,0,0,22,1.0,16,,1,SAT_Group_Evaluation/analysis/open_source_LLM_2SAT_analysis/open_source_LLM_2SAT_group_adr_with_wilson_and_cp_RMC_rmc_paper_open_vendor_case_b.json,substantive repeated-success threshold,True,0,0,15,0,1,0
2-SAT,Llama-Nemotron-Super-49B (r-on),NVIDIA__nvidia__Llama-3_3-Nemotron-Super-49B-v1_5__cnf_llama_nemotron_super_49b_v15_cases_prompt_interleave_zero_shot_desc_allN_3_5_8_10_15_20_25_30_40_50_60_thinking_reasoning_on,N,10,0.5,0.7272727272727273,0.6818181818181819,,0.045454545454545456,0.7272727272727273,0.0,0.6818181818181819,,0.045454545454545456,0.6446280991735537,0.016528925619834656,0.628099173553719,,0.023760330578512397,,0.024793388429752067,0.03305785123966942,True,1.0,0.5,1.0,1.0,1.0,1.0,1.0,1.0,0.5,0.5,0.5,,,,,,,,,,,0.0,0.5,0.0,0.0,0.0,0.0,0.0,0.0,0.0,0.0,0.5619834710743801,11,11,0.1652892561983471,0.5289256198347108,,,,22,2,2,2,2,2,2,2,2,2,2,2,2,2,2,2,2,2,2,2,2,2,2,0,0,22,1.0,16,,1,SAT_Group_Evaluation/analysis/open_source_LLM_2SAT_analysis/open_source_LLM_2SAT_group_adr_with_wilson_and_cp_RMC_rmc_paper_open_vendor_case_b.json,substantive repeated-success threshold,True,0,0,15,0,1,0
2-SAT,Llama-Nemotron-Super-49B (r-on),NVIDIA__nvidia__Llama-3_3-Nemotron-Super-49B-v1_5__cnf_llama_nemotron_super_49b_v15_cases_prompt_interleave_zero_shot_desc_allN_3_5_8_10_15_20_25_30_40_50_60_thinking_reasoning_on,N,10,0.75,0.7272727272727273,0.6818181818181819,,0.045454545454545456,0.7272727272727273,0.0,0.6818181818181819,,0.045454545454545456,0.6033057851239669,0.024793388429751984,0.578512396694215,,0.012913223140495873,,0.014462809917355376,0.03305785123966942,True,1.0,0.5,1.0,1.0,1.0,1.0,1.0,1.0,0.5,0.5,0.5,,,,,,,,,,,0.0,0.5,0.0,0.0,0.0,0.0,0.0,0.0,0.0,0.0,0.5619834710743801,11,11,0.1652892561983471,0.5289256198347108,,,,22,2,2,2,2,2,2,2,2,2,2,2,2,2,2,2,2,2,2,2,2,2,2,0,0,22,1.0,16,,1,SAT_Group_Evaluation/analysis/open_source_LLM_2SAT_analysis/open_source_LLM_2SAT_group_adr_with_wilson_and_cp_RMC_rmc_paper_open_vendor_case_b.json,substantive repeated-success threshold,True,0,0,15,0,1,0
2-SAT,Llama-Nemotron-Super-49B (r-on),NVIDIA__nvidia__Llama-3_3-Nemotron-Super-49B-v1_5__cnf_llama_nemotron_super_49b_v15_cases_prompt_interleave_zero_shot_desc_allN_3_5_8_10_15_20_25_30_40_50_60_thinking_reasoning_on,N,10,1.0,0.7272727272727273,0.6818181818181819,,0.045454545454545456,0.7272727272727273,0.0,0.6818181818181819,,0.045454545454545456,0.5619834710743801,0.03305785123966931,0.5289256198347108,,0.002066115702479339,,0.004132231404958678,0.03305785123966942,True,1.0,0.5,1.0,1.0,1.0,1.0,1.0,1.0,0.5,0.5,0.5,,,,,,,,,,,0.0,0.5,0.0,0.0,0.0,0.0,0.0,0.0,0.0,0.0,0.5619834710743801,11,11,0.1652892561983471,0.5289256198347108,,,,22,2,2,2,2,2,2,2,2,2,2,2,2,2,2,2,2,2,2,2,2,2,2,0,0,22,1.0,16,,1,SAT_Group_Evaluation/analysis/open_source_LLM_2SAT_analysis/open_source_LLM_2SAT_group_adr_with_wilson_and_cp_RMC_rmc_paper_open_vendor_case_b.json,substantive repeated-success threshold,True,0,0,15,0,1,0
2-SAT,Llama-Nemotron-Super-49B (r-on),NVIDIA__nvidia__Llama-3_3-Nemotron-Super-49B-v1_5__cnf_llama_nemotron_super_49b_v15_cases_prompt_interleave_zero_shot_desc_allN_3_5_8_10_15_20_25_30_40_50_60_thinking_reasoning_on,N,15,0.0,0.45454545454545453,0.36363636363636365,,0.09090909090909091,0.45454545454545453,0.0,0.36363636363636365,,0.09090909090909091,0.45454545454545453,0.0,0.45454545454545453,,0.09090909090909091,,0.09090909090909091,0.0,True,1.0,0.0,1.0,1.0,1.0,1.0,1.0,0.0,0.0,0.0,0.0,,,,,,,,,,,0.0,1.0,0.0,0.0,0.0,0.0,0.0,0.0,0.0,0.0,0.20661157024793386,11,11,0.24793388429752064,0.20661157024793386,,,,22,2,2,2,2,2,2,2,2,2,2,2,2,2,2,2,2,2,2,2,2,2,2,0,0,22,1.0,10,,2,SAT_Group_Evaluation/analysis/open_source_LLM_2SAT_analysis/open_source_LLM_2SAT_group_adr_with_wilson_and_cp_RMC_rmc_paper_open_vendor_case_b.json,substantive repeated-success threshold,True,0,0,8,0,2,0
2-SAT,Llama-Nemotron-Super-49B (r-on),NVIDIA__nvidia__Llama-3_3-Nemotron-Super-49B-v1_5__cnf_llama_nemotron_super_49b_v15_cases_prompt_interleave_zero_shot_desc_allN_3_5_8_10_15_20_25_30_40_50_60_thinking_reasoning_on,N,15,0.25,0.45454545454545453,0.36363636363636365,,0.09090909090909091,0.45454545454545453,0.0,0.36363636363636365,,0.09090909090909091,0.39256198347107435,0.0,0.39256198347107435,,0.07024793388429752,,0.07024793388429752,0.0,True,1.0,0.0,1.0,1.0,1.0,1.0,1.0,0.0,0.0,0.0,0.0,,,,,,,,,,,0.0,1.0,0.0,0.0,0.0,0.0,0.0,0.0,0.0,0.0,0.20661157024793386,11,11,0.24793388429752064,0.20661157024793386,,,,22,2,2,2,2,2,2,2,2,2,2,2,2,2,2,2,2,2,2,2,2,2,2,0,0,22,1.0,10,,2,SAT_Group_Evaluation/analysis/open_source_LLM_2SAT_analysis/open_source_LLM_2SAT_group_adr_with_wilson_and_cp_RMC_rmc_paper_open_vendor_case_b.json,substantive repeated-success threshold,True,0,0,8,0,2,0
2-SAT,Llama-Nemotron-Super-49B (r-on),NVIDIA__nvidia__Llama-3_3-Nemotron-Super-49B-v1_5__cnf_llama_nemotron_super_49b_v15_cases_prompt_interleave_zero_shot_desc_allN_3_5_8_10_15_20_25_30_40_50_60_thinking_reasoning_on,N,15,0.5,0.45454545454545453,0.36363636363636365,,0.09090909090909091,0.45454545454545453,0.0,0.36363636363636365,,0.09090909090909091,0.3305785123966942,0.0,0.3305785123966942,,0.049586776859504134,,0.049586776859504134,0.0,True,1.0,0.0,1.0,1.0,1.0,1.0,1.0,0.0,0.0,0.0,0.0,,,,,,,,,,,0.0,1.0,0.0,0.0,0.0,0.0,0.0,0.0,0.0,0.0,0.20661157024793386,11,11,0.24793388429752064,0.20661157024793386,,,,22,2,2,2,2,2,2,2,2,2,2,2,2,2,2,2,2,2,2,2,2,2,2,0,0,22,1.0,10,,2,SAT_Group_Evaluation/analysis/open_source_LLM_2SAT_analysis/open_source_LLM_2SAT_group_adr_with_wilson_and_cp_RMC_rmc_paper_open_vendor_case_b.json,substantive repeated-success threshold,True,0,0,8,0,2,0
2-SAT,Llama-Nemotron-Super-49B (r-on),NVIDIA__nvidia__Llama-3_3-Nemotron-Super-49B-v1_5__cnf_llama_nemotron_super_49b_v15_cases_prompt_interleave_zero_shot_desc_allN_3_5_8_10_15_20_25_30_40_50_60_thinking_reasoning_on,N,15,0.75,0.45454545454545453,0.36363636363636365,,0.09090909090909091,0.45454545454545453,0.0,0.36363636363636365,,0.09090909090909091,0.26859504132231404,0.0,0.26859504132231404,,0.02892561983471075,,0.02892561983471075,0.0,True,1.0,0.0,1.0,1.0,1.0,1.0,1.0,0.0,0.0,0.0,0.0,,,,,,,,,,,0.0,1.0,0.0,0.0,0.0,0.0,0.0,0.0,0.0,0.0,0.20661157024793386,11,11,0.24793388429752064,0.20661157024793386,,,,22,2,2,2,2,2,2,2,2,2,2,2,2,2,2,2,2,2,2,2,2,2,2,0,0,22,1.0,10,,2,SAT_Group_Evaluation/analysis/open_source_LLM_2SAT_analysis/open_source_LLM_2SAT_group_adr_with_wilson_and_cp_RMC_rmc_paper_open_vendor_case_b.json,substantive repeated-success threshold,True,0,0,8,0,2,0
2-SAT,Llama-Nemotron-Super-49B (r-on),NVIDIA__nvidia__Llama-3_3-Nemotron-Super-49B-v1_5__cnf_llama_nemotron_super_49b_v15_cases_prompt_interleave_zero_shot_desc_allN_3_5_8_10_15_20_25_30_40_50_60_thinking_reasoning_on,N,15,1.0,0.45454545454545453,0.36363636363636365,,0.09090909090909091,0.45454545454545453,0.0,0.36363636363636365,,0.09090909090909091,0.2066115702479339,0.0,0.2066115702479339,,0.008264462809917356,,0.008264462809917356,0.0,True,1.0,0.0,1.0,1.0,1.0,1.0,1.0,0.0,0.0,0.0,0.0,,,,,,,,,,,0.0,1.0,0.0,0.0,0.0,0.0,0.0,0.0,0.0,0.0,0.20661157024793386,11,11,0.24793388429752064,0.20661157024793386,,,,22,2,2,2,2,2,2,2,2,2,2,2,2,2,2,2,2,2,2,2,2,2,2,0,0,22,1.0,10,,2,SAT_Group_Evaluation/analysis/open_source_LLM_2SAT_analysis/open_source_LLM_2SAT_group_adr_with_wilson_and_cp_RMC_rmc_paper_open_vendor_case_b.json,substantive repeated-success threshold,True,0,0,8,0,2,0
2-SAT,Llama-Nemotron-Super-49B (r-on),NVIDIA__nvidia__Llama-3_3-Nemotron-Super-49B-v1_5__cnf_llama_nemotron_super_49b_v15_cases_prompt_interleave_zero_shot_desc_allN_3_5_8_10_15_20_25_30_40_50_60_thinking_reasoning_on,N,20,0.0,0.5,0.36363636363636365,,0.13636363636363635,0.5,0.0,0.36363636363636365,,0.13636363636363635,0.5,0.0,0.5,,0.13636363636363635,,0.13636363636363635,0.018595041322314047,True,1.0,0.0,1.0,1.0,1.0,1.0,0.5,0.5,0.5,0.0,0.0,,,,,,,,,,,0.0,1.0,0.5,0.0,0.0,0.0,0.0,0.0,0.0,0.0,0.26859504132231404,11,11,0.23140495867768596,0.25,,,,22,2,2,2,2,2,2,2,2,2,2,2,2,2,2,2,2,2,2,2,2,2,2,0,0,22,1.0,11,,3,SAT_Group_Evaluation/analysis/open_source_LLM_2SAT_analysis/open_source_LLM_2SAT_group_adr_with_wilson_and_cp_RMC_rmc_paper_open_vendor_case_b.json,substantive repeated-success threshold,True,0,0,8,0,3,0
2-SAT,Llama-Nemotron-Super-49B (r-on),NVIDIA__nvidia__Llama-3_3-Nemotron-Super-49B-v1_5__cnf_llama_nemotron_super_49b_v15_cases_prompt_interleave_zero_shot_desc_allN_3_5_8_10_15_20_25_30_40_50_60_thinking_reasoning_on,N,20,0.25,0.5,0.36363636363636365,,0.13636363636363635,0.5,0.0,0.36363636363636365,,0.13636363636363635,0.4421487603305785,0.004648760330578483,0.4375,,0.10692148760330578,,0.10743801652892562,0.018595041322314047,True,1.0,0.0,1.0,1.0,1.0,1.0,0.5,0.5,0.5,0.0,0.0,,,,,,,,,,,0.0,1.0,0.5,0.0,0.0,0.0,0.0,0.0,0.0,0.0,0.26859504132231404,11,11,0.23140495867768596,0.25,,,,22,2,2,2,2,2,2,2,2,2,2,2,2,2,2,2,2,2,2,2,2,2,2,0,0,22,1.0,11,,3,SAT_Group_Evaluation/analysis/open_source_LLM_2SAT_analysis/open_source_LLM_2SAT_group_adr_with_wilson_and_cp_RMC_rmc_paper_open_vendor_case_b.json,substantive repeated-success threshold,True,0,0,8,0,3,0
2-SAT,Llama-Nemotron-Super-49B (r-on),NVIDIA__nvidia__Llama-3_3-Nemotron-Super-49B-v1_5__cnf_llama_nemotron_super_49b_v15_cases_prompt_interleave_zero_shot_desc_allN_3_5_8_10_15_20_25_30_40_50_60_thinking_reasoning_on,N,20,0.5,0.5,0.36363636363636365,,0.13636363636363635,0.5,0.0,0.36363636363636365,,0.13636363636363635,0.3842975206611571,0.009297520661157077,0.375,,0.0774793388429752,,0.07851239669421488,0.018595041322314047,True,1.0,0.0,1.0,1.0,1.0,1.0,0.5,0.5,0.5,0.0,0.0,,,,,,,,,,,0.0,1.0,0.5,0.0,0.0,0.0,0.0,0.0,0.0,0.0,0.26859504132231404,11,11,0.23140495867768596,0.25,,,,22,2,2,2,2,2,2,2,2,2,2,2,2,2,2,2,2,2,2,2,2,2,2,0,0,22,1.0,11,,3,SAT_Group_Evaluation/analysis/open_source_LLM_2SAT_analysis/open_source_LLM_2SAT_group_adr_with_wilson_and_cp_RMC_rmc_paper_open_vendor_case_b.json,substantive repeated-success threshold,True,0,0,8,0,3,0
2-SAT,Llama-Nemotron-Super-49B (r-on),NVIDIA__nvidia__Llama-3_3-Nemotron-Super-49B-v1_5__cnf_llama_nemotron_super_49b_v15_cases_prompt_interleave_zero_shot_desc_allN_3_5_8_10_15_20_25_30_40_50_60_thinking_reasoning_on,N,20,0.75,0.5,0.36363636363636365,,0.13636363636363635,0.5,0.0,0.36363636363636365,,0.13636363636363635,0.32644628099173556,0.01394628099173556,0.3125,,0.04803719008264462,,0.04958677685950415,0.018595041322314047,True,1.0,0.0,1.0,1.0,1.0,1.0,0.5,0.5,0.5,0.0,0.0,,,,,,,,,,,0.0,1.0,0.5,0.0,0.0,0.0,0.0,0.0,0.0,0.0,0.26859504132231404,11,11,0.23140495867768596,0.25,,,,22,2,2,2,2,2,2,2,2,2,2,2,2,2,2,2,2,2,2,2,2,2,2,0,0,22,1.0,11,,3,SAT_Group_Evaluation/analysis/open_source_LLM_2SAT_analysis/open_source_LLM_2SAT_group_adr_with_wilson_and_cp_RMC_rmc_paper_open_vendor_case_b.json,substantive repeated-success threshold,True,0,0,8,0,3,0
2-SAT,Llama-Nemotron-Super-49B (r-on),NVIDIA__nvidia__Llama-3_3-Nemotron-Super-49B-v1_5__cnf_llama_nemotron_super_49b_v15_cases_prompt_interleave_zero_shot_desc_allN_3_5_8_10_15_20_25_30_40_50_60_thinking_reasoning_on,N,20,1.0,0.5,0.36363636363636365,,0.13636363636363635,0.5,0.0,0.36363636363636365,,0.13636363636363635,0.26859504132231404,0.018595041322314043,0.25,,0.018595041322314043,,0.02066115702479339,0.018595041322314047,True,1.0,0.0,1.0,1.0,1.0,1.0,0.5,0.5,0.5,0.0,0.0,,,,,,,,,,,0.0,1.0,0.5,0.0,0.0,0.0,0.0,0.0,0.0,0.0,0.26859504132231404,11,11,0.23140495867768596,0.25,,,,22,2,2,2,2,2,2,2,2,2,2,2,2,2,2,2,2,2,2,2,2,2,2,0,0,22,1.0,11,,3,SAT_Group_Evaluation/analysis/open_source_LLM_2SAT_analysis/open_source_LLM_2SAT_group_adr_with_wilson_and_cp_RMC_rmc_paper_open_vendor_case_b.json,substantive repeated-success threshold,True,0,0,8,0,3,0
2-SAT,Llama-Nemotron-Super-49B (r-on),NVIDIA__nvidia__Llama-3_3-Nemotron-Super-49B-v1_5__cnf_llama_nemotron_super_49b_v15_cases_prompt_interleave_zero_shot_desc_allN_3_5_8_10_15_20_25_30_40_50_60_thinking_reasoning_on,N,25,0.0,0.45454545454545453,0.45454545454545453,,0.0,0.45454545454545453,0.0,0.45454545454545453,,0.0,0.45454545454545453,0.0,0.45454545454545453,,0.0,,0.0,0.00826446280991735,True,1.0,0.0,1.0,1.0,1.0,1.0,0.5,0.5,0.0,0.0,0.0,,,,,,,,,,,0.0,0.0,0.0,0.0,0.0,0.0,0.0,0.0,0.0,0.0,0.21487603305785122,11,11,0.2396694214876033,0.20661157024793386,,,,22,2,2,2,2,2,2,2,2,2,2,2,2,2,2,2,2,2,2,2,2,2,2,0,0,22,1.0,10,,0,SAT_Group_Evaluation/analysis/open_source_LLM_2SAT_analysis/open_source_LLM_2SAT_group_adr_with_wilson_and_cp_RMC_rmc_paper_open_vendor_case_b.json,substantive repeated-success threshold,True,0,0,10,0,0,0
2-SAT,Llama-Nemotron-Super-49B (r-on),NVIDIA__nvidia__Llama-3_3-Nemotron-Super-49B-v1_5__cnf_llama_nemotron_super_49b_v15_cases_prompt_interleave_zero_shot_desc_allN_3_5_8_10_15_20_25_30_40_50_60_thinking_reasoning_on,N,25,0.25,0.45454545454545453,0.45454545454545453,,0.0,0.45454545454545453,0.0,0.45454545454545453,,0.0,0.3946280991735537,0.002066115702479332,0.39256198347107435,,0.0,,0.0,0.00826446280991735,True,1.0,0.0,1.0,1.0,1.0,1.0,0.5,0.5,0.0,0.0,0.0,,,,,,,,,,,0.0,0.0,0.0,0.0,0.0,0.0,0.0,0.0,0.0,0.0,0.21487603305785122,11,11,0.2396694214876033,0.20661157024793386,,,,22,2,2,2,2,2,2,2,2,2,2,2,2,2,2,2,2,2,2,2,2,2,2,0,0,22,1.0,10,,0,SAT_Group_Evaluation/analysis/open_source_LLM_2SAT_analysis/open_source_LLM_2SAT_group_adr_with_wilson_and_cp_RMC_rmc_paper_open_vendor_case_b.json,substantive repeated-success threshold,True,0,0,10,0,0,0
2-SAT,Llama-Nemotron-Super-49B (r-on),NVIDIA__nvidia__Llama-3_3-Nemotron-Super-49B-v1_5__cnf_llama_nemotron_super_49b_v15_cases_prompt_interleave_zero_shot_desc_allN_3_5_8_10_15_20_25_30_40_50_60_thinking_reasoning_on,N,25,0.5,0.45454545454545453,0.45454545454545453,,0.0,0.45454545454545453,0.0,0.45454545454545453,,0.0,0.3347107438016529,0.004132231404958664,0.3305785123966942,,0.0,,0.0,0.00826446280991735,True,1.0,0.0,1.0,1.0,1.0,1.0,0.5,0.5,0.0,0.0,0.0,,,,,,,,,,,0.0,0.0,0.0,0.0,0.0,0.0,0.0,0.0,0.0,0.0,0.21487603305785122,11,11,0.2396694214876033,0.20661157024793386,,,,22,2,2,2,2,2,2,2,2,2,2,2,2,2,2,2,2,2,2,2,2,2,2,0,0,22,1.0,10,,0,SAT_Group_Evaluation/analysis/open_source_LLM_2SAT_analysis/open_source_LLM_2SAT_group_adr_with_wilson_and_cp_RMC_rmc_paper_open_vendor_case_b.json,substantive repeated-success threshold,True,0,0,10,0,0,0
2-SAT,Llama-Nemotron-Super-49B (r-on),NVIDIA__nvidia__Llama-3_3-Nemotron-Super-49B-v1_5__cnf_llama_nemotron_super_49b_v15_cases_prompt_interleave_zero_shot_desc_allN_3_5_8_10_15_20_25_30_40_50_60_thinking_reasoning_on,N,25,0.75,0.45454545454545453,0.45454545454545453,,0.0,0.45454545454545453,0.0,0.45454545454545453,,0.0,0.27479338842975204,0.006198347107437996,0.26859504132231404,,0.0,,0.0,0.00826446280991735,True,1.0,0.0,1.0,1.0,1.0,1.0,0.5,0.5,0.0,0.0,0.0,,,,,,,,,,,0.0,0.0,0.0,0.0,0.0,0.0,0.0,0.0,0.0,0.0,0.21487603305785122,11,11,0.2396694214876033,0.20661157024793386,,,,22,2,2,2,2,2,2,2,2,2,2,2,2,2,2,2,2,2,2,2,2,2,2,0,0,22,1.0,10,,0,SAT_Group_Evaluation/analysis/open_source_LLM_2SAT_analysis/open_source_LLM_2SAT_group_adr_with_wilson_and_cp_RMC_rmc_paper_open_vendor_case_b.json,substantive repeated-success threshold,True,0,0,10,0,0,0
2-SAT,Llama-Nemotron-Super-49B (r-on),NVIDIA__nvidia__Llama-3_3-Nemotron-Super-49B-v1_5__cnf_llama_nemotron_super_49b_v15_cases_prompt_interleave_zero_shot_desc_allN_3_5_8_10_15_20_25_30_40_50_60_thinking_reasoning_on,N,25,1.0,0.45454545454545453,0.45454545454545453,,0.0,0.45454545454545453,0.0,0.45454545454545453,,0.0,0.21487603305785122,0.008264462809917328,0.2066115702479339,,0.0,,0.0,0.00826446280991735,True,1.0,0.0,1.0,1.0,1.0,1.0,0.5,0.5,0.0,0.0,0.0,,,,,,,,,,,0.0,0.0,0.0,0.0,0.0,0.0,0.0,0.0,0.0,0.0,0.21487603305785122,11,11,0.2396694214876033,0.20661157024793386,,,,22,2,2,2,2,2,2,2,2,2,2,2,2,2,2,2,2,2,2,2,2,2,2,0,0,22,1.0,10,,0,SAT_Group_Evaluation/analysis/open_source_LLM_2SAT_analysis/open_source_LLM_2SAT_group_adr_with_wilson_and_cp_RMC_rmc_paper_open_vendor_case_b.json,substantive repeated-success threshold,True,0,0,10,0,0,0
2-SAT,Llama-Nemotron-Super-49B (r-on),NVIDIA__nvidia__Llama-3_3-Nemotron-Super-49B-v1_5__cnf_llama_nemotron_super_49b_v15_cases_prompt_interleave_zero_shot_desc_allN_3_5_8_10_15_20_25_30_40_50_60_thinking_reasoning_on,N,30,0.0,0.2727272727272727,0.22727272727272724,,0.045454545454545456,0.2727272727272727,0.0,0.22727272727272724,,0.045454545454545456,0.2727272727272727,0.0,0.2727272727272727,,0.045454545454545456,,0.045454545454545456,0.008264462809917356,True,1.0,0.0,1.0,1.0,0.5,0.5,0.0,0.0,0.0,0.0,0.0,,,,,,,,,,,0.0,0.5,0.0,0.0,0.0,0.0,0.0,0.0,0.0,0.0,0.08264462809917356,11,11,0.19008264462809918,0.07438016528925619,,,,22,2,2,2,2,2,2,2,2,2,2,2,2,2,2,2,2,2,2,2,2,2,2,0,0,22,1.0,6,,1,SAT_Group_Evaluation/analysis/open_source_LLM_2SAT_analysis/open_source_LLM_2SAT_group_adr_with_wilson_and_cp_RMC_rmc_paper_open_vendor_case_b.json,substantive repeated-success threshold,True,0,0,6,0,1,1
2-SAT,Llama-Nemotron-Super-49B (r-on),NVIDIA__nvidia__Llama-3_3-Nemotron-Super-49B-v1_5__cnf_llama_nemotron_super_49b_v15_cases_prompt_interleave_zero_shot_desc_allN_3_5_8_10_15_20_25_30_40_50_60_thinking_reasoning_on,N,30,0.25,0.2727272727272727,0.22727272727272724,,0.045454545454545456,0.2727272727272727,0.0,0.22727272727272724,,0.045454545454545456,0.22520661157024793,0.0020661157024793597,0.22314049586776857,,0.03460743801652893,,0.03512396694214876,0.008264462809917356,True,1.0,0.0,1.0,1.0,0.5,0.5,0.0,0.0,0.0,0.0,0.0,,,,,,,,,,,0.0,0.5,0.0,0.0,0.0,0.0,0.0,0.0,0.0,0.0,0.08264462809917356,11,11,0.19008264462809918,0.07438016528925619,,,,22,2,2,2,2,2,2,2,2,2,2,2,2,2,2,2,2,2,2,2,2,2,2,0,0,22,1.0,6,,1,SAT_Group_Evaluation/analysis/open_source_LLM_2SAT_analysis/open_source_LLM_2SAT_group_adr_with_wilson_and_cp_RMC_rmc_paper_open_vendor_case_b.json,substantive repeated-success threshold,True,0,0,6,0,1,1
2-SAT,Llama-Nemotron-Super-49B (r-on),NVIDIA__nvidia__Llama-3_3-Nemotron-Super-49B-v1_5__cnf_llama_nemotron_super_49b_v15_cases_prompt_interleave_zero_shot_desc_allN_3_5_8_10_15_20_25_30_40_50_60_thinking_reasoning_on,N,30,0.5,0.2727272727272727,0.22727272727272724,,0.045454545454545456,0.2727272727272727,0.0,0.22727272727272724,,0.045454545454545456,0.17768595041322316,0.0041322314049587194,0.17355371900826444,,0.023760330578512397,,0.024793388429752067,0.008264462809917356,True,1.0,0.0,1.0,1.0,0.5,0.5,0.0,0.0,0.0,0.0,0.0,,,,,,,,,,,0.0,0.5,0.0,0.0,0.0,0.0,0.0,0.0,0.0,0.0,0.08264462809917356,11,11,0.19008264462809918,0.07438016528925619,,,,22,2,2,2,2,2,2,2,2,2,2,2,2,2,2,2,2,2,2,2,2,2,2,0,0,22,1.0,6,,1,SAT_Group_Evaluation/analysis/open_source_LLM_2SAT_analysis/open_source_LLM_2SAT_group_adr_with_wilson_and_cp_RMC_rmc_paper_open_vendor_case_b.json,substantive repeated-success threshold,True,0,0,6,0,1,1
2-SAT,Llama-Nemotron-Super-49B (r-on),NVIDIA__nvidia__Llama-3_3-Nemotron-Super-49B-v1_5__cnf_llama_nemotron_super_49b_v15_cases_prompt_interleave_zero_shot_desc_allN_3_5_8_10_15_20_25_30_40_50_60_thinking_reasoning_on,N,30,0.75,0.2727272727272727,0.22727272727272724,,0.045454545454545456,0.2727272727272727,0.0,0.22727272727272724,,0.045454545454545456,0.13016528925619836,0.006198347107438051,0.1239669421487603,,0.012913223140495873,,0.014462809917355376,0.008264462809917356,True,1.0,0.0,1.0,1.0,0.5,0.5,0.0,0.0,0.0,0.0,0.0,,,,,,,,,,,0.0,0.5,0.0,0.0,0.0,0.0,0.0,0.0,0.0,0.0,0.08264462809917356,11,11,0.19008264462809918,0.07438016528925619,,,,22,2,2,2,2,2,2,2,2,2,2,2,2,2,2,2,2,2,2,2,2,2,2,0,0,22,1.0,6,,1,SAT_Group_Evaluation/analysis/open_source_LLM_2SAT_analysis/open_source_LLM_2SAT_group_adr_with_wilson_and_cp_RMC_rmc_paper_open_vendor_case_b.json,substantive repeated-success threshold,True,0,0,6,0,1,1
2-SAT,Llama-Nemotron-Super-49B (r-on),NVIDIA__nvidia__Llama-3_3-Nemotron-Super-49B-v1_5__cnf_llama_nemotron_super_49b_v15_cases_prompt_interleave_zero_shot_desc_allN_3_5_8_10_15_20_25_30_40_50_60_thinking_reasoning_on,N,30,1.0,0.2727272727272727,0.22727272727272724,,0.045454545454545456,0.2727272727272727,0.0,0.22727272727272724,,0.045454545454545456,0.08264462809917356,0.008264462809917356,0.0743801652892562,,0.002066115702479339,,0.004132231404958678,0.008264462809917356,True,1.0,0.0,1.0,1.0,0.5,0.5,0.0,0.0,0.0,0.0,0.0,,,,,,,,,,,0.0,0.5,0.0,0.0,0.0,0.0,0.0,0.0,0.0,0.0,0.08264462809917356,11,11,0.19008264462809918,0.07438016528925619,,,,22,2,2,2,2,2,2,2,2,2,2,2,2,2,2,2,2,2,2,2,2,2,2,0,0,22,1.0,6,,1,SAT_Group_Evaluation/analysis/open_source_LLM_2SAT_analysis/open_source_LLM_2SAT_group_adr_with_wilson_and_cp_RMC_rmc_paper_open_vendor_case_b.json,substantive repeated-success threshold,True,0,0,6,0,1,1
2-SAT,Llama-Nemotron-Super-49B (r-on),NVIDIA__nvidia__Llama-3_3-Nemotron-Super-49B-v1_5__cnf_llama_nemotron_super_49b_v15_cases_prompt_interleave_zero_shot_desc_allN_3_5_8_10_15_20_25_30_40_50_60_thinking_reasoning_on,N,40,0.0,0.22727272727272727,0.22727272727272727,,0.0,0.2272727272727273,2.7755575615628914e-17,0.2272727272727273,,0.0,0.2272727272727273,2.7755575615628914e-17,0.22727272727272727,,0.0,,0.0,0.01859504132231405,True,1.0,0.0,1.0,0.5,0.5,0.5,0.0,0.0,0.0,0.0,0.0,,,,,,,,,,,0.0,0.0,0.0,0.0,0.0,0.0,0.0,0.0,0.0,0.0,0.07024793388429752,11,11,0.15702479338842976,0.051652892561983466,,,,22,2,2,2,2,2,2,2,2,2,2,2,2,2,2,2,2,2,2,2,2,2,2,0,0,22,1.0,5,,0,SAT_Group_Evaluation/analysis/open_source_LLM_2SAT_analysis/open_source_LLM_2SAT_group_adr_with_wilson_and_cp_RMC_rmc_paper_open_vendor_case_b.json,substantive repeated-success threshold,True,0,0,3,0,0,3
2-SAT,Llama-Nemotron-Super-49B (r-on),NVIDIA__nvidia__Llama-3_3-Nemotron-Super-49B-v1_5__cnf_llama_nemotron_super_49b_v15_cases_prompt_interleave_zero_shot_desc_allN_3_5_8_10_15_20_25_30_40_50_60_thinking_reasoning_on,N,40,0.25,0.22727272727272727,0.22727272727272727,,0.0,0.2272727272727273,2.7755575615628914e-17,0.2272727272727273,,0.0,0.18801652892561982,0.004648760330578511,0.1833677685950413,,0.0,,0.0,0.01859504132231405,True,1.0,0.0,1.0,0.5,0.5,0.5,0.0,0.0,0.0,0.0,0.0,,,,,,,,,,,0.0,0.0,0.0,0.0,0.0,0.0,0.0,0.0,0.0,0.0,0.07024793388429752,11,11,0.15702479338842976,0.051652892561983466,,,,22,2,2,2,2,2,2,2,2,2,2,2,2,2,2,2,2,2,2,2,2,2,2,0,0,22,1.0,5,,0,SAT_Group_Evaluation/analysis/open_source_LLM_2SAT_analysis/open_source_LLM_2SAT_group_adr_with_wilson_and_cp_RMC_rmc_paper_open_vendor_case_b.json,substantive repeated-success threshold,True,0,0,3,0,0,3
2-SAT,Llama-Nemotron-Super-49B (r-on),NVIDIA__nvidia__Llama-3_3-Nemotron-Super-49B-v1_5__cnf_llama_nemotron_super_49b_v15_cases_prompt_interleave_zero_shot_desc_allN_3_5_8_10_15_20_25_30_40_50_60_thinking_reasoning_on,N,40,0.5,0.22727272727272727,0.22727272727272727,,0.0,0.2272727272727273,2.7755575615628914e-17,0.2272727272727273,,0.0,0.1487603305785124,0.009297520661157022,0.13946280991735538,,0.0,,0.0,0.01859504132231405,True,1.0,0.0,1.0,0.5,0.5,0.5,0.0,0.0,0.0,0.0,0.0,,,,,,,,,,,0.0,0.0,0.0,0.0,0.0,0.0,0.0,0.0,0.0,0.0,0.07024793388429752,11,11,0.15702479338842976,0.051652892561983466,,,,22,2,2,2,2,2,2,2,2,2,2,2,2,2,2,2,2,2,2,2,2,2,2,0,0,22,1.0,5,,0,SAT_Group_Evaluation/analysis/open_source_LLM_2SAT_analysis/open_source_LLM_2SAT_group_adr_with_wilson_and_cp_RMC_rmc_paper_open_vendor_case_b.json,substantive repeated-success threshold,True,0,0,3,0,0,3
2-SAT,Llama-Nemotron-Super-49B (r-on),NVIDIA__nvidia__Llama-3_3-Nemotron-Super-49B-v1_5__cnf_llama_nemotron_super_49b_v15_cases_prompt_interleave_zero_shot_desc_allN_3_5_8_10_15_20_25_30_40_50_60_thinking_reasoning_on,N,40,0.75,0.22727272727272727,0.22727272727272727,,0.0,0.2272727272727273,2.7755575615628914e-17,0.2272727272727273,,0.0,0.10950413223140495,0.013946280991735532,0.09555785123966942,,0.0,,0.0,0.01859504132231405,True,1.0,0.0,1.0,0.5,0.5,0.5,0.0,0.0,0.0,0.0,0.0,,,,,,,,,,,0.0,0.0,0.0,0.0,0.0,0.0,0.0,0.0,0.0,0.0,0.07024793388429752,11,11,0.15702479338842976,0.051652892561983466,,,,22,2,2,2,2,2,2,2,2,2,2,2,2,2,2,2,2,2,2,2,2,2,2,0,0,22,1.0,5,,0,SAT_Group_Evaluation/analysis/open_source_LLM_2SAT_analysis/open_source_LLM_2SAT_group_adr_with_wilson_and_cp_RMC_rmc_paper_open_vendor_case_b.json,substantive repeated-success threshold,True,0,0,3,0,0,3
2-SAT,Llama-Nemotron-Super-49B (r-on),NVIDIA__nvidia__Llama-3_3-Nemotron-Super-49B-v1_5__cnf_llama_nemotron_super_49b_v15_cases_prompt_interleave_zero_shot_desc_allN_3_5_8_10_15_20_25_30_40_50_60_thinking_reasoning_on,N,40,1.0,0.22727272727272727,0.22727272727272727,,0.0,0.2272727272727273,2.7755575615628914e-17,0.2272727272727273,,0.0,0.07024793388429752,0.018595041322314057,0.051652892561983466,,0.0,,0.0,0.01859504132231405,True,1.0,0.0,1.0,0.5,0.5,0.5,0.0,0.0,0.0,0.0,0.0,,,,,,,,,,,0.0,0.0,0.0,0.0,0.0,0.0,0.0,0.0,0.0,0.0,0.07024793388429752,11,11,0.15702479338842976,0.051652892561983466,,,,22,2,2,2,2,2,2,2,2,2,2,2,2,2,2,2,2,2,2,2,2,2,2,0,0,22,1.0,5,,0,SAT_Group_Evaluation/analysis/open_source_LLM_2SAT_analysis/open_source_LLM_2SAT_group_adr_with_wilson_and_cp_RMC_rmc_paper_open_vendor_case_b.json,substantive repeated-success threshold,True,0,0,3,0,0,3
2-SAT,Llama-Nemotron-Super-49B (r-on),NVIDIA__nvidia__Llama-3_3-Nemotron-Super-49B-v1_5__cnf_llama_nemotron_super_49b_v15_cases_prompt_interleave_zero_shot_desc_allN_3_5_8_10_15_20_25_30_40_50_60_thinking_reasoning_on,N,50,0.0,0.36363636363636365,0.36363636363636365,,0.0,0.36363636363636365,0.0,0.36363636363636365,,0.0,0.36363636363636365,0.0,0.36363636363636365,,0.0,,0.0,0.0,True,1.0,0.0,1.0,1.0,1.0,1.0,0.0,0.0,0.0,0.0,0.0,,,,,,,,,,,0.0,0.0,0.0,0.0,0.0,0.0,0.0,0.0,0.0,0.0,0.1322314049586777,11,11,0.23140495867768596,0.1322314049586777,,,,22,2,2,2,2,2,2,2,2,2,2,2,2,2,2,2,2,2,2,2,2,2,2,0,0,22,1.0,8,,0,SAT_Group_Evaluation/analysis/open_source_LLM_2SAT_analysis/open_source_LLM_2SAT_group_adr_with_wilson_and_cp_RMC_rmc_paper_open_vendor_case_b.json,substantive repeated-success threshold,True,0,1,9,0,0,0
2-SAT,Llama-Nemotron-Super-49B (r-on),NVIDIA__nvidia__Llama-3_3-Nemotron-Super-49B-v1_5__cnf_llama_nemotron_super_49b_v15_cases_prompt_interleave_zero_shot_desc_allN_3_5_8_10_15_20_25_30_40_50_60_thinking_reasoning_on,N,50,0.25,0.36363636363636365,0.36363636363636365,,0.0,0.36363636363636365,0.0,0.36363636363636365,,0.0,0.30578512396694213,0.0,0.30578512396694213,,0.0,,0.0,0.0,True,1.0,0.0,1.0,1.0,1.0,1.0,0.0,0.0,0.0,0.0,0.0,,,,,,,,,,,0.0,0.0,0.0,0.0,0.0,0.0,0.0,0.0,0.0,0.0,0.1322314049586777,11,11,0.23140495867768596,0.1322314049586777,,,,22,2,2,2,2,2,2,2,2,2,2,2,2,2,2,2,2,2,2,2,2,2,2,0,0,22,1.0,8,,0,SAT_Group_Evaluation/analysis/open_source_LLM_2SAT_analysis/open_source_LLM_2SAT_group_adr_with_wilson_and_cp_RMC_rmc_paper_open_vendor_case_b.json,substantive repeated-success threshold,True,0,1,9,0,0,0
2-SAT,Llama-Nemotron-Super-49B (r-on),NVIDIA__nvidia__Llama-3_3-Nemotron-Super-49B-v1_5__cnf_llama_nemotron_super_49b_v15_cases_prompt_interleave_zero_shot_desc_allN_3_5_8_10_15_20_25_30_40_50_60_thinking_reasoning_on,N,50,0.5,0.36363636363636365,0.36363636363636365,,0.0,0.36363636363636365,0.0,0.36363636363636365,,0.0,0.24793388429752067,0.0,0.24793388429752067,,0.0,,0.0,0.0,True,1.0,0.0,1.0,1.0,1.0,1.0,0.0,0.0,0.0,0.0,0.0,,,,,,,,,,,0.0,0.0,0.0,0.0,0.0,0.0,0.0,0.0,0.0,0.0,0.1322314049586777,11,11,0.23140495867768596,0.1322314049586777,,,,22,2,2,2,2,2,2,2,2,2,2,2,2,2,2,2,2,2,2,2,2,2,2,0,0,22,1.0,8,,0,SAT_Group_Evaluation/analysis/open_source_LLM_2SAT_analysis/open_source_LLM_2SAT_group_adr_with_wilson_and_cp_RMC_rmc_paper_open_vendor_case_b.json,substantive repeated-success threshold,True,0,1,9,0,0,0
2-SAT,Llama-Nemotron-Super-49B (r-on),NVIDIA__nvidia__Llama-3_3-Nemotron-Super-49B-v1_5__cnf_llama_nemotron_super_49b_v15_cases_prompt_interleave_zero_shot_desc_allN_3_5_8_10_15_20_25_30_40_50_60_thinking_reasoning_on,N,50,0.75,0.36363636363636365,0.36363636363636365,,0.0,0.36363636363636365,0.0,0.36363636363636365,,0.0,0.19008264462809918,-2.7755575615628914e-17,0.1900826446280992,,0.0,,0.0,0.0,True,1.0,0.0,1.0,1.0,1.0,1.0,0.0,0.0,0.0,0.0,0.0,,,,,,,,,,,0.0,0.0,0.0,0.0,0.0,0.0,0.0,0.0,0.0,0.0,0.1322314049586777,11,11,0.23140495867768596,0.1322314049586777,,,,22,2,2,2,2,2,2,2,2,2,2,2,2,2,2,2,2,2,2,2,2,2,2,0,0,22,1.0,8,,0,SAT_Group_Evaluation/analysis/open_source_LLM_2SAT_analysis/open_source_LLM_2SAT_group_adr_with_wilson_and_cp_RMC_rmc_paper_open_vendor_case_b.json,substantive repeated-success threshold,True,0,1,9,0,0,0
2-SAT,Llama-Nemotron-Super-49B (r-on),NVIDIA__nvidia__Llama-3_3-Nemotron-Super-49B-v1_5__cnf_llama_nemotron_super_49b_v15_cases_prompt_interleave_zero_shot_desc_allN_3_5_8_10_15_20_25_30_40_50_60_thinking_reasoning_on,N,50,1.0,0.36363636363636365,0.36363636363636365,,0.0,0.36363636363636365,0.0,0.36363636363636365,,0.0,0.1322314049586777,0.0,0.1322314049586777,,0.0,,0.0,0.0,True,1.0,0.0,1.0,1.0,1.0,1.0,0.0,0.0,0.0,0.0,0.0,,,,,,,,,,,0.0,0.0,0.0,0.0,0.0,0.0,0.0,0.0,0.0,0.0,0.1322314049586777,11,11,0.23140495867768596,0.1322314049586777,,,,22,2,2,2,2,2,2,2,2,2,2,2,2,2,2,2,2,2,2,2,2,2,2,0,0,22,1.0,8,,0,SAT_Group_Evaluation/analysis/open_source_LLM_2SAT_analysis/open_source_LLM_2SAT_group_adr_with_wilson_and_cp_RMC_rmc_paper_open_vendor_case_b.json,substantive repeated-success threshold,True,0,1,9,0,0,0
2-SAT,Llama-Nemotron-Super-49B (r-on),NVIDIA__nvidia__Llama-3_3-Nemotron-Super-49B-v1_5__cnf_llama_nemotron_super_49b_v15_cases_prompt_interleave_zero_shot_desc_allN_3_5_8_10_15_20_25_30_40_50_60_thinking_reasoning_on,N,60,0.0,0.15384615384615385,0.15384615384615385,,0.0,0.29545454545454547,0.14160839160839161,0.29545454545454547,,0.0,0.29545454545454547,0.14160839160839161,0.15384615384615385,,0.0,,0.0,0.04183884297520661,True,1.0,0.0,1.0,0.0,0.0,0.0,0.0,0.0,0.0,0.0,0.0,,,,,,,,,,,0.0,0.0,0.0,0.0,0.0,0.0,0.0,0.0,0.0,0.0,0.12913223140495866,11,11,0.16632231404958678,0.02366863905325444,,,,13,2,2,1,2,2,2,2,2,1,2,1,2,1,2,1,2,1,2,1,2,1,2,0,0,22,0.5909090909090909,2,,0,SAT_Group_Evaluation/analysis/open_source_LLM_2SAT_analysis/open_source_LLM_2SAT_group_adr_with_wilson_and_cp_RMC_rmc_paper_open_vendor_case_b.json,substantive repeated-success threshold,True,0,0,4,0,0,0
2-SAT,Llama-Nemotron-Super-49B (r-on),NVIDIA__nvidia__Llama-3_3-Nemotron-Super-49B-v1_5__cnf_llama_nemotron_super_49b_v15_cases_prompt_interleave_zero_shot_desc_allN_3_5_8_10_15_20_25_30_40_50_60_thinking_reasoning_on,N,60,0.25,0.15384615384615385,0.15384615384615385,,0.0,0.29545454545454547,0.14160839160839161,0.29545454545454547,,0.0,0.25387396694214875,0.13257219179421975,0.121301775147929,,0.0,,0.0,0.04183884297520661,True,1.0,0.0,1.0,0.0,0.0,0.0,0.0,0.0,0.0,0.0,0.0,,,,,,,,,,,0.0,0.0,0.0,0.0,0.0,0.0,0.0,0.0,0.0,0.0,0.12913223140495866,11,11,0.16632231404958678,0.02366863905325444,,,,13,2,2,1,2,2,2,2,2,1,2,1,2,1,2,1,2,1,2,1,2,1,2,0,0,22,0.5909090909090909,2,,0,SAT_Group_Evaluation/analysis/open_source_LLM_2SAT_analysis/open_source_LLM_2SAT_group_adr_with_wilson_and_cp_RMC_rmc_paper_open_vendor_case_b.json,substantive repeated-success threshold,True,0,0,4,0,0,0
2-SAT,Llama-Nemotron-Super-49B (r-on),NVIDIA__nvidia__Llama-3_3-Nemotron-Super-49B-v1_5__cnf_llama_nemotron_super_49b_v15_cases_prompt_interleave_zero_shot_desc_allN_3_5_8_10_15_20_25_30_40_50_60_thinking_reasoning_on,N,60,0.5,0.15384615384615385,0.15384615384615385,,0.0,0.29545454545454547,0.14160839160839161,0.29545454545454547,,0.0,0.21229338842975207,0.12353599198004792,0.08875739644970415,,0.0,,0.0,0.04183884297520661,True,1.0,0.0,1.0,0.0,0.0,0.0,0.0,0.0,0.0,0.0,0.0,,,,,,,,,,,0.0,0.0,0.0,0.0,0.0,0.0,0.0,0.0,0.0,0.0,0.12913223140495866,11,11,0.16632231404958678,0.02366863905325444,,,,13,2,2,1,2,2,2,2,2,1,2,1,2,1,2,1,2,1,2,1,2,1,2,0,0,22,0.5909090909090909,2,,0,SAT_Group_Evaluation/analysis/open_source_LLM_2SAT_analysis/open_source_LLM_2SAT_group_adr_with_wilson_and_cp_RMC_rmc_paper_open_vendor_case_b.json,substantive repeated-success threshold,True,0,0,4,0,0,0
2-SAT,Llama-Nemotron-Super-49B (r-on),NVIDIA__nvidia__Llama-3_3-Nemotron-Super-49B-v1_5__cnf_llama_nemotron_super_49b_v15_cases_prompt_interleave_zero_shot_desc_allN_3_5_8_10_15_20_25_30_40_50_60_thinking_reasoning_on,N,60,0.75,0.15384615384615385,0.15384615384615385,,0.0,0.29545454545454547,0.14160839160839161,0.29545454545454547,,0.0,0.17071280991735538,0.11449979216587608,0.0562130177514793,,0.0,,0.0,0.04183884297520661,True,1.0,0.0,1.0,0.0,0.0,0.0,0.0,0.0,0.0,0.0,0.0,,,,,,,,,,,0.0,0.0,0.0,0.0,0.0,0.0,0.0,0.0,0.0,0.0,0.12913223140495866,11,11,0.16632231404958678,0.02366863905325444,,,,13,2,2,1,2,2,2,2,2,1,2,1,2,1,2,1,2,1,2,1,2,1,2,0,0,22,0.5909090909090909,2,,0,SAT_Group_Evaluation/analysis/open_source_LLM_2SAT_analysis/open_source_LLM_2SAT_group_adr_with_wilson_and_cp_RMC_rmc_paper_open_vendor_case_b.json,substantive repeated-success threshold,True,0,0,4,0,0,0
2-SAT,Llama-Nemotron-Super-49B (r-on),NVIDIA__nvidia__Llama-3_3-Nemotron-Super-49B-v1_5__cnf_llama_nemotron_super_49b_v15_cases_prompt_interleave_zero_shot_desc_allN_3_5_8_10_15_20_25_30_40_50_60_thinking_reasoning_on,N,60,1.0,0.15384615384615385,0.15384615384615385,,0.0,0.29545454545454547,0.14160839160839161,0.29545454545454547,,0.0,0.12913223140495866,0.10546359235170422,0.023668639053254448,,0.0,,0.0,0.04183884297520661,True,1.0,0.0,1.0,0.0,0.0,0.0,0.0,0.0,0.0,0.0,0.0,,,,,,,,,,,0.0,0.0,0.0,0.0,0.0,0.0,0.0,0.0,0.0,0.0,0.12913223140495866,11,11,0.16632231404958678,0.02366863905325444,,,,13,2,2,1,2,2,2,2,2,1,2,1,2,1,2,1,2,1,2,1,2,1,2,0,0,22,0.5909090909090909,2,,0,SAT_Group_Evaluation/analysis/open_source_LLM_2SAT_analysis/open_source_LLM_2SAT_group_adr_with_wilson_and_cp_RMC_rmc_paper_open_vendor_case_b.json,substantive repeated-success threshold,True,0,0,4,0,0,0
2-SAT,Nemotron-H-47B (r-on),NVIDIA__nvidia__Nemotron-H-47B-Reasoning-128K__cnf_nemotron_h_47b_reasoning_128k_cases_prompt_interleave_zero_shot_desc_allN_3_5_8_10_15_20_25_30_40_50_60_thinking_reasoning_on,overall,all,0.0,0.03829787234042553,0.03462282398452611,,0.0036750483558994195,0.03829787234042553,0.0,0.03462282398452611,,0.00367504835589942,0.03829787234042553,0.0,0.03829787234042553,,0.0036750483558994195,,0.00367504835589942,0.015888644875022916,True,0.9989373007438895,0.0010638297872340426,0.14680851063829786,0.08085106382978724,0.05531914893617021,0.0425531914893617,0.02872340425531915,0.026595744680851064,0.02021276595744681,0.011702127659574468,0.007446808510638298,,,,,,,,,,,0.0,0.009574468085106383,0.007446808510638298,0.005319148936170213,0.005319148936170213,0.005319148936170213,0.0031914893617021275,0.0031914893617021275,0.0010638297872340426,0.0,0.017355371900826446,11,11,0.020942500439599086,0.0014667270258035309,,,,10340,941,940,940,940,940,940,940,940,940,940,940,940,940,940,940,940,940,940,940,940,940,940,0,0,10345,0.9995166747220879,396,,38,SAT_Group_Evaluation/analysis/open_source_LLM_2SAT_analysis/open_source_LLM_2SAT_group_adr_with_wilson_and_cp_RMC_rmc_paper_open_vendor_case_b.json,substantive repeated-success threshold,True,0,35,0,0,586,9419
2-SAT,Nemotron-H-47B (r-on),NVIDIA__nvidia__Nemotron-H-47B-Reasoning-128K__cnf_nemotron_h_47b_reasoning_128k_cases_prompt_interleave_zero_shot_desc_allN_3_5_8_10_15_20_25_30_40_50_60_thinking_reasoning_on,overall,all,0.25,0.03829787234042553,0.03462282398452611,,0.0036750483558994195,0.03829787234042553,0.0,0.03462282398452611,,0.00367504835589942,0.03306224723052576,0.003972161218755731,0.02909008601177003,,0.0027596627620291143,,0.003244241251978196,0.015888644875022916,True,0.9989373007438895,0.0010638297872340426,0.14680851063829786,0.08085106382978724,0.05531914893617021,0.0425531914893617,0.02872340425531915,0.026595744680851064,0.02021276595744681,0.011702127659574468,0.007446808510638298,,,,,,,,,,,0.0,0.009574468085106383,0.007446808510638298,0.005319148936170213,0.005319148936170213,0.005319148936170213,0.0031914893617021275,0.0031914893617021275,0.0010638297872340426,0.0,0.017355371900826446,11,11,0.020942500439599086,0.0014667270258035309,,,,10340,941,940,940,940,940,940,940,940,940,940,940,940,940,940,940,940,940,940,940,940,940,940,0,0,10345,0.9995166747220879,396,,38,SAT_Group_Evaluation/analysis/open_source_LLM_2SAT_analysis/open_source_LLM_2SAT_group_adr_with_wilson_and_cp_RMC_rmc_paper_open_vendor_case_b.json,substantive repeated-success threshold,True,0,35,0,0,586,9419
2-SAT,Nemotron-H-47B (r-on),NVIDIA__nvidia__Nemotron-H-47B-Reasoning-128K__cnf_nemotron_h_47b_reasoning_128k_cases_prompt_interleave_zero_shot_desc_allN_3_5_8_10_15_20_25_30_40_50_60_thinking_reasoning_on,overall,all,0.5,0.03829787234042553,0.03462282398452611,,0.0036750483558994195,0.03829787234042553,0.0,0.03462282398452611,,0.00367504835589942,0.02782662212062599,0.007944322437511461,0.01988229968311453,,0.0018442771681588092,,0.002813434148056972,0.015888644875022916,True,0.9989373007438895,0.0010638297872340426,0.14680851063829786,0.08085106382978724,0.05531914893617021,0.0425531914893617,0.02872340425531915,0.026595744680851064,0.02021276595744681,0.011702127659574468,0.007446808510638298,,,,,,,,,,,0.0,0.009574468085106383,0.007446808510638298,0.005319148936170213,0.005319148936170213,0.005319148936170213,0.0031914893617021275,0.0031914893617021275,0.0010638297872340426,0.0,0.017355371900826446,11,11,0.020942500439599086,0.0014667270258035309,,,,10340,941,940,940,940,940,940,940,940,940,940,940,940,940,940,940,940,940,940,940,940,940,940,0,0,10345,0.9995166747220879,396,,38,SAT_Group_Evaluation/analysis/open_source_LLM_2SAT_analysis/open_source_LLM_2SAT_group_adr_with_wilson_and_cp_RMC_rmc_paper_open_vendor_case_b.json,substantive repeated-success threshold,True,0,35,0,0,586,9419
2-SAT,Nemotron-H-47B (r-on),NVIDIA__nvidia__Nemotron-H-47B-Reasoning-128K__cnf_nemotron_h_47b_reasoning_128k_cases_prompt_interleave_zero_shot_desc_allN_3_5_8_10_15_20_25_30_40_50_60_thinking_reasoning_on,overall,all,0.75,0.03829787234042553,0.03462282398452611,,0.0036750483558994195,0.03829787234042553,0.0,0.03462282398452611,,0.00367504835589942,0.02259099701072622,0.011916483656267192,0.010674513354459028,,0.0009288915742885042,,0.0023826270441357485,0.015888644875022916,True,0.9989373007438895,0.0010638297872340426,0.14680851063829786,0.08085106382978724,0.05531914893617021,0.0425531914893617,0.02872340425531915,0.026595744680851064,0.02021276595744681,0.011702127659574468,0.007446808510638298,,,,,,,,,,,0.0,0.009574468085106383,0.007446808510638298,0.005319148936170213,0.005319148936170213,0.005319148936170213,0.0031914893617021275,0.0031914893617021275,0.0010638297872340426,0.0,0.017355371900826446,11,11,0.020942500439599086,0.0014667270258035309,,,,10340,941,940,940,940,940,940,940,940,940,940,940,940,940,940,940,940,940,940,940,940,940,940,0,0,10345,0.9995166747220879,396,,38,SAT_Group_Evaluation/analysis/open_source_LLM_2SAT_analysis/open_source_LLM_2SAT_group_adr_with_wilson_and_cp_RMC_rmc_paper_open_vendor_case_b.json,substantive repeated-success threshold,True,0,35,0,0,586,9419
2-SAT,Nemotron-H-47B (r-on),NVIDIA__nvidia__Nemotron-H-47B-Reasoning-128K__cnf_nemotron_h_47b_reasoning_128k_cases_prompt_interleave_zero_shot_desc_allN_3_5_8_10_15_20_25_30_40_50_60_thinking_reasoning_on,overall,all,1.0,0.03829787234042553,0.03462282398452611,,0.0036750483558994195,0.03829787234042553,0.0,0.03462282398452611,,0.00367504835589942,0.017355371900826446,0.01588864487502292,0.001466727025803527,,1.350598041819891e-05,,0.0019518199402145245,0.015888644875022916,True,0.9989373007438895,0.0010638297872340426,0.14680851063829786,0.08085106382978724,0.05531914893617021,0.0425531914893617,0.02872340425531915,0.026595744680851064,0.02021276595744681,0.011702127659574468,0.007446808510638298,,,,,,,,,,,0.0,0.009574468085106383,0.007446808510638298,0.005319148936170213,0.005319148936170213,0.005319148936170213,0.0031914893617021275,0.0031914893617021275,0.0010638297872340426,0.0,0.017355371900826446,11,11,0.020942500439599086,0.0014667270258035309,,,,10340,941,940,940,940,940,940,940,940,940,940,940,940,940,940,940,940,940,940,940,940,940,940,0,0,10345,0.9995166747220879,396,,38,SAT_Group_Evaluation/analysis/open_source_LLM_2SAT_analysis/open_source_LLM_2SAT_group_adr_with_wilson_and_cp_RMC_rmc_paper_open_vendor_case_b.json,substantive repeated-success threshold,True,0,35,0,0,586,9419
2-SAT,Nemotron-H-47B (r-on),NVIDIA__nvidia__Nemotron-H-47B-Reasoning-128K__cnf_nemotron_h_47b_reasoning_128k_cases_prompt_interleave_zero_shot_desc_allN_3_5_8_10_15_20_25_30_40_50_60_thinking_reasoning_on,N,3,0.0,0.06765327695560254,0.029598308668076112,,0.03805496828752643,0.06765327695560254,0.0,0.02959830866807612,,0.03805496828752642,0.06765327695560254,0.0,0.06765327695560254,,0.03805496828752643,,0.03805496828752642,0.03520777369049162,True,1.0,0.011627906976744186,0.1744186046511628,0.12790697674418605,0.09302325581395349,0.09302325581395349,0.06976744186046512,0.06976744186046512,0.046511627906976744,0.03488372093023256,0.023255813953488372,,,,,,,,,,,0.0,0.09302325581395349,0.06976744186046512,0.05813953488372093,0.05813953488372093,0.05813953488372093,0.03488372093023256,0.03488372093023256,0.011627906976744186,0.0,0.039784739573323076,11,11,0.027868537382279453,0.004576965882831461,,,,946,86,86,86,86,86,86,86,86,86,86,86,86,86,86,86,86,86,86,86,86,86,86,0,0,946,1.0,64,,36,SAT_Group_Evaluation/analysis/open_source_LLM_2SAT_analysis/open_source_LLM_2SAT_group_adr_with_wilson_and_cp_RMC_rmc_paper_open_vendor_case_b.json,substantive repeated-success threshold,True,0,0,0,0,333,549
2-SAT,Nemotron-H-47B (r-on),NVIDIA__nvidia__Nemotron-H-47B-Reasoning-128K__cnf_nemotron_h_47b_reasoning_128k_cases_prompt_interleave_zero_shot_desc_allN_3_5_8_10_15_20_25_30_40_50_60_thinking_reasoning_on,N,3,0.25,0.06765327695560254,0.029598308668076112,,0.03805496828752643,0.06765327695560254,0.0,0.02959830866807612,,0.03805496828752642,0.06068614261003267,0.008801943422622895,0.051884199187409774,,0.02890327136848598,,0.033778589275418026,0.03520777369049162,True,1.0,0.011627906976744186,0.1744186046511628,0.12790697674418605,0.09302325581395349,0.09302325581395349,0.06976744186046512,0.06976744186046512,0.046511627906976744,0.03488372093023256,0.023255813953488372,,,,,,,,,,,0.0,0.09302325581395349,0.06976744186046512,0.05813953488372093,0.05813953488372093,0.05813953488372093,0.03488372093023256,0.03488372093023256,0.011627906976744186,0.0,0.039784739573323076,11,11,0.027868537382279453,0.004576965882831461,,,,946,86,86,86,86,86,86,86,86,86,86,86,86,86,86,86,86,86,86,86,86,86,86,0,0,946,1.0,64,,36,SAT_Group_Evaluation/analysis/open_source_LLM_2SAT_analysis/open_source_LLM_2SAT_group_adr_with_wilson_and_cp_RMC_rmc_paper_open_vendor_case_b.json,substantive repeated-success threshold,True,0,0,0,0,333,549
2-SAT,Nemotron-H-47B (r-on),NVIDIA__nvidia__Nemotron-H-47B-Reasoning-128K__cnf_nemotron_h_47b_reasoning_128k_cases_prompt_interleave_zero_shot_desc_allN_3_5_8_10_15_20_25_30_40_50_60_thinking_reasoning_on,N,3,0.5,0.06765327695560254,0.029598308668076112,,0.03805496828752643,0.06765327695560254,0.0,0.02959830866807612,,0.03805496828752642,0.05371900826446281,0.01760388684524581,0.036115121419217,,0.019751574449445534,,0.029502210263309632,0.03520777369049162,True,1.0,0.011627906976744186,0.1744186046511628,0.12790697674418605,0.09302325581395349,0.09302325581395349,0.06976744186046512,0.06976744186046512,0.046511627906976744,0.03488372093023256,0.023255813953488372,,,,,,,,,,,0.0,0.09302325581395349,0.06976744186046512,0.05813953488372093,0.05813953488372093,0.05813953488372093,0.03488372093023256,0.03488372093023256,0.011627906976744186,0.0,0.039784739573323076,11,11,0.027868537382279453,0.004576965882831461,,,,946,86,86,86,86,86,86,86,86,86,86,86,86,86,86,86,86,86,86,86,86,86,86,0,0,946,1.0,64,,36,SAT_Group_Evaluation/analysis/open_source_LLM_2SAT_analysis/open_source_LLM_2SAT_group_adr_with_wilson_and_cp_RMC_rmc_paper_open_vendor_case_b.json,substantive repeated-success threshold,True,0,0,0,0,333,549
2-SAT,Nemotron-H-47B (r-on),NVIDIA__nvidia__Nemotron-H-47B-Reasoning-128K__cnf_nemotron_h_47b_reasoning_128k_cases_prompt_interleave_zero_shot_desc_allN_3_5_8_10_15_20_25_30_40_50_60_thinking_reasoning_on,N,3,0.75,0.06765327695560254,0.029598308668076112,,0.03805496828752643,0.06765327695560254,0.0,0.02959830866807612,,0.03805496828752642,0.04675187391889295,0.02640583026786872,0.02034604365102423,,0.010599877530405089,,0.025225831251201234,0.03520777369049162,True,1.0,0.011627906976744186,0.1744186046511628,0.12790697674418605,0.09302325581395349,0.09302325581395349,0.06976744186046512,0.06976744186046512,0.046511627906976744,0.03488372093023256,0.023255813953488372,,,,,,,,,,,0.0,0.09302325581395349,0.06976744186046512,0.05813953488372093,0.05813953488372093,0.05813953488372093,0.03488372093023256,0.03488372093023256,0.011627906976744186,0.0,0.039784739573323076,11,11,0.027868537382279453,0.004576965882831461,,,,946,86,86,86,86,86,86,86,86,86,86,86,86,86,86,86,86,86,86,86,86,86,86,0,0,946,1.0,64,,36,SAT_Group_Evaluation/analysis/open_source_LLM_2SAT_analysis/open_source_LLM_2SAT_group_adr_with_wilson_and_cp_RMC_rmc_paper_open_vendor_case_b.json,substantive repeated-success threshold,True,0,0,0,0,333,549
2-SAT,Nemotron-H-47B (r-on),NVIDIA__nvidia__Nemotron-H-47B-Reasoning-128K__cnf_nemotron_h_47b_reasoning_128k_cases_prompt_interleave_zero_shot_desc_allN_3_5_8_10_15_20_25_30_40_50_60_thinking_reasoning_on,N,3,1.0,0.06765327695560254,0.029598308668076112,,0.03805496828752643,0.06765327695560254,0.0,0.02959830866807612,,0.03805496828752642,0.039784739573323076,0.03520777369049161,0.004576965882831463,,0.0014481806113646398,,0.020949452239092833,0.03520777369049162,True,1.0,0.011627906976744186,0.1744186046511628,0.12790697674418605,0.09302325581395349,0.09302325581395349,0.06976744186046512,0.06976744186046512,0.046511627906976744,0.03488372093023256,0.023255813953488372,,,,,,,,,,,0.0,0.09302325581395349,0.06976744186046512,0.05813953488372093,0.05813953488372093,0.05813953488372093,0.03488372093023256,0.03488372093023256,0.011627906976744186,0.0,0.039784739573323076,11,11,0.027868537382279453,0.004576965882831461,,,,946,86,86,86,86,86,86,86,86,86,86,86,86,86,86,86,86,86,86,86,86,86,86,0,0,946,1.0,64,,36,SAT_Group_Evaluation/analysis/open_source_LLM_2SAT_analysis/open_source_LLM_2SAT_group_adr_with_wilson_and_cp_RMC_rmc_paper_open_vendor_case_b.json,substantive repeated-success threshold,True,0,0,0,0,333,549
2-SAT,Nemotron-H-47B (r-on),NVIDIA__nvidia__Nemotron-H-47B-Reasoning-128K__cnf_nemotron_h_47b_reasoning_128k_cases_prompt_interleave_zero_shot_desc_allN_3_5_8_10_15_20_25_30_40_50_60_thinking_reasoning_on,N,5,0.0,0.02959830866807611,0.02748414376321353,,0.0021141649048625794,0.02959830866807611,0.0,0.02748414376321353,,0.0021141649048625794,0.02959830866807611,0.0,0.02959830866807611,,0.0021141649048625794,,0.0021141649048625794,0.009886961457835148,True,1.0,0.0,0.13953488372093023,0.06976744186046512,0.046511627906976744,0.023255813953488372,0.011627906976744186,0.011627906976744186,0.011627906976744186,0.011627906976744186,0.0,,,,,,,,,,,0.0,0.011627906976744186,0.011627906976744186,0.0,0.0,0.0,0.0,0.0,0.0,0.0,0.010763021333845858,11,11,0.01883528733423025,0.0008760598760107093,,,,946,86,86,86,86,86,86,86,86,86,86,86,86,86,86,86,86,86,86,86,86,86,86,0,0,946,1.0,28,,2,SAT_Group_Evaluation/analysis/open_source_LLM_2SAT_analysis/open_source_LLM_2SAT_group_adr_with_wilson_and_cp_RMC_rmc_paper_open_vendor_case_b.json,substantive repeated-success threshold,True,0,0,0,0,165,770
2-SAT,Nemotron-H-47B (r-on),NVIDIA__nvidia__Nemotron-H-47B-Reasoning-128K__cnf_nemotron_h_47b_reasoning_128k_cases_prompt_interleave_zero_shot_desc_allN_3_5_8_10_15_20_25_30_40_50_60_thinking_reasoning_on,N,5,0.25,0.02959830866807611,0.02748414376321353,,0.0021141649048625794,0.02959830866807611,0.0,0.02748414376321353,,0.0021141649048625794,0.02488948683451855,0.002471740364458793,0.022417746470059757,,0.0015867411019581728,,0.0016817220834134156,0.009886961457835148,True,1.0,0.0,0.13953488372093023,0.06976744186046512,0.046511627906976744,0.023255813953488372,0.011627906976744186,0.011627906976744186,0.011627906976744186,0.011627906976744186,0.0,,,,,,,,,,,0.0,0.011627906976744186,0.011627906976744186,0.0,0.0,0.0,0.0,0.0,0.0,0.0,0.010763021333845858,11,11,0.01883528733423025,0.0008760598760107093,,,,946,86,86,86,86,86,86,86,86,86,86,86,86,86,86,86,86,86,86,86,86,86,86,0,0,946,1.0,28,,2,SAT_Group_Evaluation/analysis/open_source_LLM_2SAT_analysis/open_source_LLM_2SAT_group_adr_with_wilson_and_cp_RMC_rmc_paper_open_vendor_case_b.json,substantive repeated-success threshold,True,0,0,0,0,165,770
2-SAT,Nemotron-H-47B (r-on),NVIDIA__nvidia__Nemotron-H-47B-Reasoning-128K__cnf_nemotron_h_47b_reasoning_128k_cases_prompt_interleave_zero_shot_desc_allN_3_5_8_10_15_20_25_30_40_50_60_thinking_reasoning_on,N,5,0.5,0.02959830866807611,0.02748414376321353,,0.0021141649048625794,0.02959830866807611,0.0,0.02748414376321353,,0.0021141649048625794,0.020180665000960985,0.004943480728917576,0.01523718427204341,,0.001059317299053766,,0.0012492792619642513,0.009886961457835148,True,1.0,0.0,0.13953488372093023,0.06976744186046512,0.046511627906976744,0.023255813953488372,0.011627906976744186,0.011627906976744186,0.011627906976744186,0.011627906976744186,0.0,,,,,,,,,,,0.0,0.011627906976744186,0.011627906976744186,0.0,0.0,0.0,0.0,0.0,0.0,0.0,0.010763021333845858,11,11,0.01883528733423025,0.0008760598760107093,,,,946,86,86,86,86,86,86,86,86,86,86,86,86,86,86,86,86,86,86,86,86,86,86,0,0,946,1.0,28,,2,SAT_Group_Evaluation/analysis/open_source_LLM_2SAT_analysis/open_source_LLM_2SAT_group_adr_with_wilson_and_cp_RMC_rmc_paper_open_vendor_case_b.json,substantive repeated-success threshold,True,0,0,0,0,165,770
2-SAT,Nemotron-H-47B (r-on),NVIDIA__nvidia__Nemotron-H-47B-Reasoning-128K__cnf_nemotron_h_47b_reasoning_128k_cases_prompt_interleave_zero_shot_desc_allN_3_5_8_10_15_20_25_30_40_50_60_thinking_reasoning_on,N,5,0.75,0.02959830866807611,0.02748414376321353,,0.0021141649048625794,0.02959830866807611,0.0,0.02748414376321353,,0.0021141649048625794,0.015471843167403422,0.00741522109337636,0.008056622074027062,,0.0005318934961493593,,0.0008168364405150877,0.009886961457835148,True,1.0,0.0,0.13953488372093023,0.06976744186046512,0.046511627906976744,0.023255813953488372,0.011627906976744186,0.011627906976744186,0.011627906976744186,0.011627906976744186,0.0,,,,,,,,,,,0.0,0.011627906976744186,0.011627906976744186,0.0,0.0,0.0,0.0,0.0,0.0,0.0,0.010763021333845858,11,11,0.01883528733423025,0.0008760598760107093,,,,946,86,86,86,86,86,86,86,86,86,86,86,86,86,86,86,86,86,86,86,86,86,86,0,0,946,1.0,28,,2,SAT_Group_Evaluation/analysis/open_source_LLM_2SAT_analysis/open_source_LLM_2SAT_group_adr_with_wilson_and_cp_RMC_rmc_paper_open_vendor_case_b.json,substantive repeated-success threshold,True,0,0,0,0,165,770
2-SAT,Nemotron-H-47B (r-on),NVIDIA__nvidia__Nemotron-H-47B-Reasoning-128K__cnf_nemotron_h_47b_reasoning_128k_cases_prompt_interleave_zero_shot_desc_allN_3_5_8_10_15_20_25_30_40_50_60_thinking_reasoning_on,N,5,1.0,0.02959830866807611,0.02748414376321353,,0.0021141649048625794,0.02959830866807611,0.0,0.02748414376321353,,0.0021141649048625794,0.010763021333845858,0.009886961457835148,0.0008760598760107104,,4.469693244952763e-06,,0.00038439361906592354,0.009886961457835148,True,1.0,0.0,0.13953488372093023,0.06976744186046512,0.046511627906976744,0.023255813953488372,0.011627906976744186,0.011627906976744186,0.011627906976744186,0.011627906976744186,0.0,,,,,,,,,,,0.0,0.011627906976744186,0.011627906976744186,0.0,0.0,0.0,0.0,0.0,0.0,0.0,0.010763021333845858,11,11,0.01883528733423025,0.0008760598760107093,,,,946,86,86,86,86,86,86,86,86,86,86,86,86,86,86,86,86,86,86,86,86,86,86,0,0,946,1.0,28,,2,SAT_Group_Evaluation/analysis/open_source_LLM_2SAT_analysis/open_source_LLM_2SAT_group_adr_with_wilson_and_cp_RMC_rmc_paper_open_vendor_case_b.json,substantive repeated-success threshold,True,0,0,0,0,165,770
2-SAT,Nemotron-H-47B (r-on),NVIDIA__nvidia__Nemotron-H-47B-Reasoning-128K__cnf_nemotron_h_47b_reasoning_128k_cases_prompt_interleave_zero_shot_desc_allN_3_5_8_10_15_20_25_30_40_50_60_thinking_reasoning_on,N,8,0.0,0.0010570824524312897,0.0010570824524312897,,0.0,0.0010570824524312897,0.0,0.0010570824524312897,,0.0,0.0010570824524312897,0.0,0.0010570824524312897,,0.0,,0.0,9.498098145524274e-05,True,1.0,0.0,0.011627906976744186,0.0,0.0,0.0,0.0,0.0,0.0,0.0,0.0,,,,,,,,,,,0.0,0.0,0.0,0.0,0.0,0.0,0.0,0.0,0.0,0.0,9.609840476648089e-05,11,11,0.0009609840476648087,1.1174233112381497e-06,,,,946,86,86,86,86,86,86,86,86,86,86,86,86,86,86,86,86,86,86,86,86,86,86,0,0,946,1.0,1,,0,SAT_Group_Evaluation/analysis/open_source_LLM_2SAT_analysis/open_source_LLM_2SAT_group_adr_with_wilson_and_cp_RMC_rmc_paper_open_vendor_case_b.json,substantive repeated-success threshold,True,0,0,0,0,57,888
2-SAT,Nemotron-H-47B (r-on),NVIDIA__nvidia__Nemotron-H-47B-Reasoning-128K__cnf_nemotron_h_47b_reasoning_128k_cases_prompt_interleave_zero_shot_desc_allN_3_5_8_10_15_20_25_30_40_50_60_thinking_reasoning_on,N,8,0.25,0.0010570824524312897,0.0010570824524312897,,0.0,0.0010570824524312897,0.0,0.0010570824524312897,,0.0,0.0008168364405150874,2.3745245363810687e-05,0.0007930911951512768,,0.0,,0.0,9.498098145524274e-05,True,1.0,0.0,0.011627906976744186,0.0,0.0,0.0,0.0,0.0,0.0,0.0,0.0,,,,,,,,,,,0.0,0.0,0.0,0.0,0.0,0.0,0.0,0.0,0.0,0.0,9.609840476648089e-05,11,11,0.0009609840476648087,1.1174233112381497e-06,,,,946,86,86,86,86,86,86,86,86,86,86,86,86,86,86,86,86,86,86,86,86,86,86,0,0,946,1.0,1,,0,SAT_Group_Evaluation/analysis/open_source_LLM_2SAT_analysis/open_source_LLM_2SAT_group_adr_with_wilson_and_cp_RMC_rmc_paper_open_vendor_case_b.json,substantive repeated-success threshold,True,0,0,0,0,57,888
2-SAT,Nemotron-H-47B (r-on),NVIDIA__nvidia__Nemotron-H-47B-Reasoning-128K__cnf_nemotron_h_47b_reasoning_128k_cases_prompt_interleave_zero_shot_desc_allN_3_5_8_10_15_20_25_30_40_50_60_thinking_reasoning_on,N,8,0.5,0.0010570824524312897,0.0010570824524312897,,0.0,0.0010570824524312897,0.0,0.0010570824524312897,,0.0,0.0005765904285988853,4.7490490727621374e-05,0.0005290999378712639,,0.0,,0.0,9.498098145524274e-05,True,1.0,0.0,0.011627906976744186,0.0,0.0,0.0,0.0,0.0,0.0,0.0,0.0,,,,,,,,,,,0.0,0.0,0.0,0.0,0.0,0.0,0.0,0.0,0.0,0.0,9.609840476648089e-05,11,11,0.0009609840476648087,1.1174233112381497e-06,,,,946,86,86,86,86,86,86,86,86,86,86,86,86,86,86,86,86,86,86,86,86,86,86,0,0,946,1.0,1,,0,SAT_Group_Evaluation/analysis/open_source_LLM_2SAT_analysis/open_source_LLM_2SAT_group_adr_with_wilson_and_cp_RMC_rmc_paper_open_vendor_case_b.json,substantive repeated-success threshold,True,0,0,0,0,57,888
2-SAT,Nemotron-H-47B (r-on),NVIDIA__nvidia__Nemotron-H-47B-Reasoning-128K__cnf_nemotron_h_47b_reasoning_128k_cases_prompt_interleave_zero_shot_desc_allN_3_5_8_10_15_20_25_30_40_50_60_thinking_reasoning_on,N,8,0.75,0.0010570824524312897,0.0010570824524312897,,0.0,0.0010570824524312897,0.0,0.0010570824524312897,,0.0,0.00033634441668268307,7.123573609143206e-05,0.000265108680591251,,0.0,,0.0,9.498098145524274e-05,True,1.0,0.0,0.011627906976744186,0.0,0.0,0.0,0.0,0.0,0.0,0.0,0.0,,,,,,,,,,,0.0,0.0,0.0,0.0,0.0,0.0,0.0,0.0,0.0,0.0,9.609840476648089e-05,11,11,0.0009609840476648087,1.1174233112381497e-06,,,,946,86,86,86,86,86,86,86,86,86,86,86,86,86,86,86,86,86,86,86,86,86,86,0,0,946,1.0,1,,0,SAT_Group_Evaluation/analysis/open_source_LLM_2SAT_analysis/open_source_LLM_2SAT_group_adr_with_wilson_and_cp_RMC_rmc_paper_open_vendor_case_b.json,substantive repeated-success threshold,True,0,0,0,0,57,888
2-SAT,Nemotron-H-47B (r-on),NVIDIA__nvidia__Nemotron-H-47B-Reasoning-128K__cnf_nemotron_h_47b_reasoning_128k_cases_prompt_interleave_zero_shot_desc_allN_3_5_8_10_15_20_25_30_40_50_60_thinking_reasoning_on,N,8,1.0,0.0010570824524312897,0.0010570824524312897,,0.0,0.0010570824524312897,0.0,0.0010570824524312897,,0.0,9.609840476648089e-05,9.49809814552427e-05,1.1174233112381908e-06,,0.0,,0.0,9.498098145524274e-05,True,1.0,0.0,0.011627906976744186,0.0,0.0,0.0,0.0,0.0,0.0,0.0,0.0,,,,,,,,,,,0.0,0.0,0.0,0.0,0.0,0.0,0.0,0.0,0.0,0.0,9.609840476648089e-05,11,11,0.0009609840476648087,1.1174233112381497e-06,,,,946,86,86,86,86,86,86,86,86,86,86,86,86,86,86,86,86,86,86,86,86,86,86,0,0,946,1.0,1,,0,SAT_Group_Evaluation/analysis/open_source_LLM_2SAT_analysis/open_source_LLM_2SAT_group_adr_with_wilson_and_cp_RMC_rmc_paper_open_vendor_case_b.json,substantive repeated-success threshold,True,0,0,0,0,57,888
2-SAT,Nemotron-H-47B (r-on),NVIDIA__nvidia__Nemotron-H-47B-Reasoning-128K__cnf_nemotron_h_47b_reasoning_128k_cases_prompt_interleave_zero_shot_desc_allN_3_5_8_10_15_20_25_30_40_50_60_thinking_reasoning_on,N,10,0.0,0.0010570824524312897,0.0010570824524312897,,0.0,0.0010570824524312897,0.0,0.0010570824524312897,,0.0,0.0010570824524312897,0.0,0.0010570824524312897,,0.0,,0.0,9.498098145524274e-05,True,1.0,0.0,0.011627906976744186,0.0,0.0,0.0,0.0,0.0,0.0,0.0,0.0,,,,,,,,,,,0.0,0.0,0.0,0.0,0.0,0.0,0.0,0.0,0.0,0.0,9.609840476648089e-05,11,11,0.0009609840476648087,1.1174233112381497e-06,,,,946,86,86,86,86,86,86,86,86,86,86,86,86,86,86,86,86,86,86,86,86,86,86,0,0,946,1.0,1,,0,SAT_Group_Evaluation/analysis/open_source_LLM_2SAT_analysis/open_source_LLM_2SAT_group_adr_with_wilson_and_cp_RMC_rmc_paper_open_vendor_case_b.json,substantive repeated-success threshold,True,0,0,0,0,29,910
2-SAT,Nemotron-H-47B (r-on),NVIDIA__nvidia__Nemotron-H-47B-Reasoning-128K__cnf_nemotron_h_47b_reasoning_128k_cases_prompt_interleave_zero_shot_desc_allN_3_5_8_10_15_20_25_30_40_50_60_thinking_reasoning_on,N,10,0.25,0.0010570824524312897,0.0010570824524312897,,0.0,0.0010570824524312897,0.0,0.0010570824524312897,,0.0,0.0008168364405150874,2.3745245363810687e-05,0.0007930911951512768,,0.0,,0.0,9.498098145524274e-05,True,1.0,0.0,0.011627906976744186,0.0,0.0,0.0,0.0,0.0,0.0,0.0,0.0,,,,,,,,,,,0.0,0.0,0.0,0.0,0.0,0.0,0.0,0.0,0.0,0.0,9.609840476648089e-05,11,11,0.0009609840476648087,1.1174233112381497e-06,,,,946,86,86,86,86,86,86,86,86,86,86,86,86,86,86,86,86,86,86,86,86,86,86,0,0,946,1.0,1,,0,SAT_Group_Evaluation/analysis/open_source_LLM_2SAT_analysis/open_source_LLM_2SAT_group_adr_with_wilson_and_cp_RMC_rmc_paper_open_vendor_case_b.json,substantive repeated-success threshold,True,0,0,0,0,29,910
2-SAT,Nemotron-H-47B (r-on),NVIDIA__nvidia__Nemotron-H-47B-Reasoning-128K__cnf_nemotron_h_47b_reasoning_128k_cases_prompt_interleave_zero_shot_desc_allN_3_5_8_10_15_20_25_30_40_50_60_thinking_reasoning_on,N,10,0.5,0.0010570824524312897,0.0010570824524312897,,0.0,0.0010570824524312897,0.0,0.0010570824524312897,,0.0,0.0005765904285988853,4.7490490727621374e-05,0.0005290999378712639,,0.0,,0.0,9.498098145524274e-05,True,1.0,0.0,0.011627906976744186,0.0,0.0,0.0,0.0,0.0,0.0,0.0,0.0,,,,,,,,,,,0.0,0.0,0.0,0.0,0.0,0.0,0.0,0.0,0.0,0.0,9.609840476648089e-05,11,11,0.0009609840476648087,1.1174233112381497e-06,,,,946,86,86,86,86,86,86,86,86,86,86,86,86,86,86,86,86,86,86,86,86,86,86,0,0,946,1.0,1,,0,SAT_Group_Evaluation/analysis/open_source_LLM_2SAT_analysis/open_source_LLM_2SAT_group_adr_with_wilson_and_cp_RMC_rmc_paper_open_vendor_case_b.json,substantive repeated-success threshold,True,0,0,0,0,29,910
2-SAT,Nemotron-H-47B (r-on),NVIDIA__nvidia__Nemotron-H-47B-Reasoning-128K__cnf_nemotron_h_47b_reasoning_128k_cases_prompt_interleave_zero_shot_desc_allN_3_5_8_10_15_20_25_30_40_50_60_thinking_reasoning_on,N,10,0.75,0.0010570824524312897,0.0010570824524312897,,0.0,0.0010570824524312897,0.0,0.0010570824524312897,,0.0,0.00033634441668268307,7.123573609143206e-05,0.000265108680591251,,0.0,,0.0,9.498098145524274e-05,True,1.0,0.0,0.011627906976744186,0.0,0.0,0.0,0.0,0.0,0.0,0.0,0.0,,,,,,,,,,,0.0,0.0,0.0,0.0,0.0,0.0,0.0,0.0,0.0,0.0,9.609840476648089e-05,11,11,0.0009609840476648087,1.1174233112381497e-06,,,,946,86,86,86,86,86,86,86,86,86,86,86,86,86,86,86,86,86,86,86,86,86,86,0,0,946,1.0,1,,0,SAT_Group_Evaluation/analysis/open_source_LLM_2SAT_analysis/open_source_LLM_2SAT_group_adr_with_wilson_and_cp_RMC_rmc_paper_open_vendor_case_b.json,substantive repeated-success threshold,True,0,0,0,0,29,910
2-SAT,Nemotron-H-47B (r-on),NVIDIA__nvidia__Nemotron-H-47B-Reasoning-128K__cnf_nemotron_h_47b_reasoning_128k_cases_prompt_interleave_zero_shot_desc_allN_3_5_8_10_15_20_25_30_40_50_60_thinking_reasoning_on,N,10,1.0,0.0010570824524312897,0.0010570824524312897,,0.0,0.0010570824524312897,0.0,0.0010570824524312897,,0.0,9.609840476648089e-05,9.49809814552427e-05,1.1174233112381908e-06,,0.0,,0.0,9.498098145524274e-05,True,1.0,0.0,0.011627906976744186,0.0,0.0,0.0,0.0,0.0,0.0,0.0,0.0,,,,,,,,,,,0.0,0.0,0.0,0.0,0.0,0.0,0.0,0.0,0.0,0.0,9.609840476648089e-05,11,11,0.0009609840476648087,1.1174233112381497e-06,,,,946,86,86,86,86,86,86,86,86,86,86,86,86,86,86,86,86,86,86,86,86,86,86,0,0,946,1.0,1,,0,SAT_Group_Evaluation/analysis/open_source_LLM_2SAT_analysis/open_source_LLM_2SAT_group_adr_with_wilson_and_cp_RMC_rmc_paper_open_vendor_case_b.json,substantive repeated-success threshold,True,0,0,0,0,29,910
2-SAT,Nemotron-H-47B (r-on),NVIDIA__nvidia__Nemotron-H-47B-Reasoning-128K__cnf_nemotron_h_47b_reasoning_128k_cases_prompt_interleave_zero_shot_desc_allN_3_5_8_10_15_20_25_30_40_50_60_thinking_reasoning_on,N,15,0.0,0.026427061310782242,0.026427061310782242,,0.0,0.026427061310782242,0.0,0.026427061310782242,,0.0,0.026427061310782242,0.0,0.026427061310782242,,0.0,,0.0,0.010737320597687382,True,1.0,0.0,0.10465116279069768,0.08139534883720931,0.023255813953488372,0.023255813953488372,0.011627906976744186,0.011627906976744186,0.011627906976744186,0.011627906976744186,0.011627906976744186,,,,,,,,,,,0.0,0.0,0.0,0.0,0.0,0.0,0.0,0.0,0.0,0.0,0.011435710167211226,11,11,0.014991351143571016,0.0006983895695238437,,,,946,86,86,86,86,86,86,86,86,86,86,86,86,86,86,86,86,86,86,86,86,86,86,0,0,946,1.0,25,,0,SAT_Group_Evaluation/analysis/open_source_LLM_2SAT_analysis/open_source_LLM_2SAT_group_adr_with_wilson_and_cp_RMC_rmc_paper_open_vendor_case_b.json,substantive repeated-success threshold,True,0,8,0,0,2,922
2-SAT,Nemotron-H-47B (r-on),NVIDIA__nvidia__Nemotron-H-47B-Reasoning-128K__cnf_nemotron_h_47b_reasoning_128k_cases_prompt_interleave_zero_shot_desc_allN_3_5_8_10_15_20_25_30_40_50_60_thinking_reasoning_on,N,15,0.25,0.026427061310782242,0.026427061310782242,,0.0,0.026427061310782242,0.0,0.026427061310782242,,0.0,0.022679223524889488,0.002684330149421845,0.019994893375467643,,0.0,,0.0,0.010737320597687382,True,1.0,0.0,0.10465116279069768,0.08139534883720931,0.023255813953488372,0.023255813953488372,0.011627906976744186,0.011627906976744186,0.011627906976744186,0.011627906976744186,0.011627906976744186,,,,,,,,,,,0.0,0.0,0.0,0.0,0.0,0.0,0.0,0.0,0.0,0.0,0.011435710167211226,11,11,0.014991351143571016,0.0006983895695238437,,,,946,86,86,86,86,86,86,86,86,86,86,86,86,86,86,86,86,86,86,86,86,86,86,0,0,946,1.0,25,,0,SAT_Group_Evaluation/analysis/open_source_LLM_2SAT_analysis/open_source_LLM_2SAT_group_adr_with_wilson_and_cp_RMC_rmc_paper_open_vendor_case_b.json,substantive repeated-success threshold,True,0,8,0,0,2,922
2-SAT,Nemotron-H-47B (r-on),NVIDIA__nvidia__Nemotron-H-47B-Reasoning-128K__cnf_nemotron_h_47b_reasoning_128k_cases_prompt_interleave_zero_shot_desc_allN_3_5_8_10_15_20_25_30_40_50_60_thinking_reasoning_on,N,15,0.5,0.026427061310782242,0.026427061310782242,,0.0,0.026427061310782242,0.0,0.026427061310782242,,0.0,0.018931385738996734,0.005368660298843692,0.013562725440153042,,0.0,,0.0,0.010737320597687382,True,1.0,0.0,0.10465116279069768,0.08139534883720931,0.023255813953488372,0.023255813953488372,0.011627906976744186,0.011627906976744186,0.011627906976744186,0.011627906976744186,0.011627906976744186,,,,,,,,,,,0.0,0.0,0.0,0.0,0.0,0.0,0.0,0.0,0.0,0.0,0.011435710167211226,11,11,0.014991351143571016,0.0006983895695238437,,,,946,86,86,86,86,86,86,86,86,86,86,86,86,86,86,86,86,86,86,86,86,86,86,0,0,946,1.0,25,,0,SAT_Group_Evaluation/analysis/open_source_LLM_2SAT_analysis/open_source_LLM_2SAT_group_adr_with_wilson_and_cp_RMC_rmc_paper_open_vendor_case_b.json,substantive repeated-success threshold,True,0,8,0,0,2,922
2-SAT,Nemotron-H-47B (r-on),NVIDIA__nvidia__Nemotron-H-47B-Reasoning-128K__cnf_nemotron_h_47b_reasoning_128k_cases_prompt_interleave_zero_shot_desc_allN_3_5_8_10_15_20_25_30_40_50_60_thinking_reasoning_on,N,15,0.75,0.026427061310782242,0.026427061310782242,,0.0,0.026427061310782242,0.0,0.026427061310782242,,0.0,0.01518354795310398,0.008052990448265539,0.007130557504838441,,0.0,,0.0,0.010737320597687382,True,1.0,0.0,0.10465116279069768,0.08139534883720931,0.023255813953488372,0.023255813953488372,0.011627906976744186,0.011627906976744186,0.011627906976744186,0.011627906976744186,0.011627906976744186,,,,,,,,,,,0.0,0.0,0.0,0.0,0.0,0.0,0.0,0.0,0.0,0.0,0.011435710167211226,11,11,0.014991351143571016,0.0006983895695238437,,,,946,86,86,86,86,86,86,86,86,86,86,86,86,86,86,86,86,86,86,86,86,86,86,0,0,946,1.0,25,,0,SAT_Group_Evaluation/analysis/open_source_LLM_2SAT_analysis/open_source_LLM_2SAT_group_adr_with_wilson_and_cp_RMC_rmc_paper_open_vendor_case_b.json,substantive repeated-success threshold,True,0,8,0,0,2,922
2-SAT,Nemotron-H-47B (r-on),NVIDIA__nvidia__Nemotron-H-47B-Reasoning-128K__cnf_nemotron_h_47b_reasoning_128k_cases_prompt_interleave_zero_shot_desc_allN_3_5_8_10_15_20_25_30_40_50_60_thinking_reasoning_on,N,15,1.0,0.026427061310782242,0.026427061310782242,,0.0,0.026427061310782242,0.0,0.026427061310782242,,0.0,0.011435710167211226,0.010737320597687384,0.0006983895695238419,,0.0,,0.0,0.010737320597687382,True,1.0,0.0,0.10465116279069768,0.08139534883720931,0.023255813953488372,0.023255813953488372,0.011627906976744186,0.011627906976744186,0.011627906976744186,0.011627906976744186,0.011627906976744186,,,,,,,,,,,0.0,0.0,0.0,0.0,0.0,0.0,0.0,0.0,0.0,0.0,0.011435710167211226,11,11,0.014991351143571016,0.0006983895695238437,,,,946,86,86,86,86,86,86,86,86,86,86,86,86,86,86,86,86,86,86,86,86,86,86,0,0,946,1.0,25,,0,SAT_Group_Evaluation/analysis/open_source_LLM_2SAT_analysis/open_source_LLM_2SAT_group_adr_with_wilson_and_cp_RMC_rmc_paper_open_vendor_case_b.json,substantive repeated-success threshold,True,0,8,0,0,2,922
2-SAT,Nemotron-H-47B (r-on),NVIDIA__nvidia__Nemotron-H-47B-Reasoning-128K__cnf_nemotron_h_47b_reasoning_128k_cases_prompt_interleave_zero_shot_desc_allN_3_5_8_10_15_20_25_30_40_50_60_thinking_reasoning_on,N,20,0.0,0.034224598930481284,0.034224598930481284,,0.0,0.034224598930481284,0.0,0.034224598930481284,,0.0,0.034224598930481284,0.0,0.034224598930481284,,0.0,,0.0,0.020219051159598506,True,0.9883720930232558,0.0,0.10588235294117647,0.047058823529411764,0.03529411764705882,0.03529411764705882,0.03529411764705882,0.03529411764705882,0.03529411764705882,0.023529411764705882,0.023529411764705882,,,,,,,,,,,0.0,0.0,0.0,0.0,0.0,0.0,0.0,0.0,0.0,0.0,0.021390374331550804,11,11,0.01283422459893048,0.0011713231719523006,,,,935,86,85,85,85,85,85,85,85,85,85,85,85,85,85,85,85,85,85,85,85,85,85,0,0,940,0.9946808510638298,32,,0,SAT_Group_Evaluation/analysis/open_source_LLM_2SAT_analysis/open_source_LLM_2SAT_group_adr_with_wilson_and_cp_RMC_rmc_paper_open_vendor_case_b.json,substantive repeated-success threshold,True,0,1,0,0,0,912
2-SAT,Nemotron-H-47B (r-on),NVIDIA__nvidia__Nemotron-H-47B-Reasoning-128K__cnf_nemotron_h_47b_reasoning_128k_cases_prompt_interleave_zero_shot_desc_allN_3_5_8_10_15_20_25_30_40_50_60_thinking_reasoning_on,N,20,0.25,0.034224598930481284,0.034224598930481284,,0.0,0.034224598930481284,0.0,0.034224598930481284,,0.0,0.031016042780748668,0.005054762789899629,0.02596127999084904,,0.0,,0.0,0.020219051159598506,True,0.9883720930232558,0.0,0.10588235294117647,0.047058823529411764,0.03529411764705882,0.03529411764705882,0.03529411764705882,0.03529411764705882,0.03529411764705882,0.023529411764705882,0.023529411764705882,,,,,,,,,,,0.0,0.0,0.0,0.0,0.0,0.0,0.0,0.0,0.0,0.0,0.021390374331550804,11,11,0.01283422459893048,0.0011713231719523006,,,,935,86,85,85,85,85,85,85,85,85,85,85,85,85,85,85,85,85,85,85,85,85,85,0,0,940,0.9946808510638298,32,,0,SAT_Group_Evaluation/analysis/open_source_LLM_2SAT_analysis/open_source_LLM_2SAT_group_adr_with_wilson_and_cp_RMC_rmc_paper_open_vendor_case_b.json,substantive repeated-success threshold,True,0,1,0,0,0,912
2-SAT,Nemotron-H-47B (r-on),NVIDIA__nvidia__Nemotron-H-47B-Reasoning-128K__cnf_nemotron_h_47b_reasoning_128k_cases_prompt_interleave_zero_shot_desc_allN_3_5_8_10_15_20_25_30_40_50_60_thinking_reasoning_on,N,20,0.5,0.034224598930481284,0.034224598930481284,,0.0,0.034224598930481284,0.0,0.034224598930481284,,0.0,0.027807486631016044,0.010109525579799251,0.017697961051216793,,0.0,,0.0,0.020219051159598506,True,0.9883720930232558,0.0,0.10588235294117647,0.047058823529411764,0.03529411764705882,0.03529411764705882,0.03529411764705882,0.03529411764705882,0.03529411764705882,0.023529411764705882,0.023529411764705882,,,,,,,,,,,0.0,0.0,0.0,0.0,0.0,0.0,0.0,0.0,0.0,0.0,0.021390374331550804,11,11,0.01283422459893048,0.0011713231719523006,,,,935,86,85,85,85,85,85,85,85,85,85,85,85,85,85,85,85,85,85,85,85,85,85,0,0,940,0.9946808510638298,32,,0,SAT_Group_Evaluation/analysis/open_source_LLM_2SAT_analysis/open_source_LLM_2SAT_group_adr_with_wilson_and_cp_RMC_rmc_paper_open_vendor_case_b.json,substantive repeated-success threshold,True,0,1,0,0,0,912
2-SAT,Nemotron-H-47B (r-on),NVIDIA__nvidia__Nemotron-H-47B-Reasoning-128K__cnf_nemotron_h_47b_reasoning_128k_cases_prompt_interleave_zero_shot_desc_allN_3_5_8_10_15_20_25_30_40_50_60_thinking_reasoning_on,N,20,0.75,0.034224598930481284,0.034224598930481284,,0.0,0.034224598930481284,0.0,0.034224598930481284,,0.0,0.024598930481283428,0.01516428836969888,0.009434642111584547,,0.0,,0.0,0.020219051159598506,True,0.9883720930232558,0.0,0.10588235294117647,0.047058823529411764,0.03529411764705882,0.03529411764705882,0.03529411764705882,0.03529411764705882,0.03529411764705882,0.023529411764705882,0.023529411764705882,,,,,,,,,,,0.0,0.0,0.0,0.0,0.0,0.0,0.0,0.0,0.0,0.0,0.021390374331550804,11,11,0.01283422459893048,0.0011713231719523006,,,,935,86,85,85,85,85,85,85,85,85,85,85,85,85,85,85,85,85,85,85,85,85,85,0,0,940,0.9946808510638298,32,,0,SAT_Group_Evaluation/analysis/open_source_LLM_2SAT_analysis/open_source_LLM_2SAT_group_adr_with_wilson_and_cp_RMC_rmc_paper_open_vendor_case_b.json,substantive repeated-success threshold,True,0,1,0,0,0,912
2-SAT,Nemotron-H-47B (r-on),NVIDIA__nvidia__Nemotron-H-47B-Reasoning-128K__cnf_nemotron_h_47b_reasoning_128k_cases_prompt_interleave_zero_shot_desc_allN_3_5_8_10_15_20_25_30_40_50_60_thinking_reasoning_on,N,20,1.0,0.034224598930481284,0.034224598930481284,,0.0,0.034224598930481284,0.0,0.034224598930481284,,0.0,0.021390374331550804,0.020219051159598503,0.0011713231719523015,,0.0,,0.0,0.020219051159598506,True,0.9883720930232558,0.0,0.10588235294117647,0.047058823529411764,0.03529411764705882,0.03529411764705882,0.03529411764705882,0.03529411764705882,0.03529411764705882,0.023529411764705882,0.023529411764705882,,,,,,,,,,,0.0,0.0,0.0,0.0,0.0,0.0,0.0,0.0,0.0,0.0,0.021390374331550804,11,11,0.01283422459893048,0.0011713231719523006,,,,935,86,85,85,85,85,85,85,85,85,85,85,85,85,85,85,85,85,85,85,85,85,85,0,0,940,0.9946808510638298,32,,0,SAT_Group_Evaluation/analysis/open_source_LLM_2SAT_analysis/open_source_LLM_2SAT_group_adr_with_wilson_and_cp_RMC_rmc_paper_open_vendor_case_b.json,substantive repeated-success threshold,True,0,1,0,0,0,912
2-SAT,Nemotron-H-47B (r-on),NVIDIA__nvidia__Nemotron-H-47B-Reasoning-128K__cnf_nemotron_h_47b_reasoning_128k_cases_prompt_interleave_zero_shot_desc_allN_3_5_8_10_15_20_25_30_40_50_60_thinking_reasoning_on,N,25,0.0,0.06844919786096257,0.06844919786096257,,0.0,0.06844919786096257,0.0,0.06844919786096257,,0.0,0.06844919786096257,0.0,0.06844919786096257,,0.0,,0.0,0.029150390345734793,True,1.0,0.0,0.23529411764705882,0.12941176470588237,0.10588235294117647,0.09411764705882353,0.047058823529411764,0.047058823529411764,0.047058823529411764,0.03529411764705882,0.011764705882352941,,,,,,,,,,,0.0,0.0,0.0,0.0,0.0,0.0,0.0,0.0,0.0,0.0,0.033835683033544,11,11,0.03461351482741857,0.004685292687809203,,,,935,85,85,85,85,85,85,85,85,85,85,85,85,85,85,85,85,85,85,85,85,85,85,0,0,935,1.0,64,,0,SAT_Group_Evaluation/analysis/open_source_LLM_2SAT_analysis/open_source_LLM_2SAT_group_adr_with_wilson_and_cp_RMC_rmc_paper_open_vendor_case_b.json,substantive repeated-success threshold,True,0,0,0,0,0,882
2-SAT,Nemotron-H-47B (r-on),NVIDIA__nvidia__Nemotron-H-47B-Reasoning-128K__cnf_nemotron_h_47b_reasoning_128k_cases_prompt_interleave_zero_shot_desc_allN_3_5_8_10_15_20_25_30_40_50_60_thinking_reasoning_on,N,25,0.25,0.06844919786096257,0.06844919786096257,,0.0,0.06844919786096257,0.0,0.06844919786096257,,0.0,0.05979581915410793,0.0072875975864337,0.05250822156767423,,0.0,,0.0,0.029150390345734793,True,1.0,0.0,0.23529411764705882,0.12941176470588237,0.10588235294117647,0.09411764705882353,0.047058823529411764,0.047058823529411764,0.047058823529411764,0.03529411764705882,0.011764705882352941,,,,,,,,,,,0.0,0.0,0.0,0.0,0.0,0.0,0.0,0.0,0.0,0.0,0.033835683033544,11,11,0.03461351482741857,0.004685292687809203,,,,935,85,85,85,85,85,85,85,85,85,85,85,85,85,85,85,85,85,85,85,85,85,85,0,0,935,1.0,64,,0,SAT_Group_Evaluation/analysis/open_source_LLM_2SAT_analysis/open_source_LLM_2SAT_group_adr_with_wilson_and_cp_RMC_rmc_paper_open_vendor_case_b.json,substantive repeated-success threshold,True,0,0,0,0,0,882
2-SAT,Nemotron-H-47B (r-on),NVIDIA__nvidia__Nemotron-H-47B-Reasoning-128K__cnf_nemotron_h_47b_reasoning_128k_cases_prompt_interleave_zero_shot_desc_allN_3_5_8_10_15_20_25_30_40_50_60_thinking_reasoning_on,N,25,0.5,0.06844919786096257,0.06844919786096257,,0.0,0.06844919786096257,0.0,0.06844919786096257,,0.0,0.05114244044725328,0.014575195172867393,0.03656724527438589,,0.0,,0.0,0.029150390345734793,True,1.0,0.0,0.23529411764705882,0.12941176470588237,0.10588235294117647,0.09411764705882353,0.047058823529411764,0.047058823529411764,0.047058823529411764,0.03529411764705882,0.011764705882352941,,,,,,,,,,,0.0,0.0,0.0,0.0,0.0,0.0,0.0,0.0,0.0,0.0,0.033835683033544,11,11,0.03461351482741857,0.004685292687809203,,,,935,85,85,85,85,85,85,85,85,85,85,85,85,85,85,85,85,85,85,85,85,85,85,0,0,935,1.0,64,,0,SAT_Group_Evaluation/analysis/open_source_LLM_2SAT_analysis/open_source_LLM_2SAT_group_adr_with_wilson_and_cp_RMC_rmc_paper_open_vendor_case_b.json,substantive repeated-success threshold,True,0,0,0,0,0,882
2-SAT,Nemotron-H-47B (r-on),NVIDIA__nvidia__Nemotron-H-47B-Reasoning-128K__cnf_nemotron_h_47b_reasoning_128k_cases_prompt_interleave_zero_shot_desc_allN_3_5_8_10_15_20_25_30_40_50_60_thinking_reasoning_on,N,25,0.75,0.06844919786096257,0.06844919786096257,,0.0,0.06844919786096257,0.0,0.06844919786096257,,0.0,0.04248906174039864,0.021862792759301093,0.020626268981097547,,0.0,,0.0,0.029150390345734793,True,1.0,0.0,0.23529411764705882,0.12941176470588237,0.10588235294117647,0.09411764705882353,0.047058823529411764,0.047058823529411764,0.047058823529411764,0.03529411764705882,0.011764705882352941,,,,,,,,,,,0.0,0.0,0.0,0.0,0.0,0.0,0.0,0.0,0.0,0.0,0.033835683033544,11,11,0.03461351482741857,0.004685292687809203,,,,935,85,85,85,85,85,85,85,85,85,85,85,85,85,85,85,85,85,85,85,85,85,85,0,0,935,1.0,64,,0,SAT_Group_Evaluation/analysis/open_source_LLM_2SAT_analysis/open_source_LLM_2SAT_group_adr_with_wilson_and_cp_RMC_rmc_paper_open_vendor_case_b.json,substantive repeated-success threshold,True,0,0,0,0,0,882
2-SAT,Nemotron-H-47B (r-on),NVIDIA__nvidia__Nemotron-H-47B-Reasoning-128K__cnf_nemotron_h_47b_reasoning_128k_cases_prompt_interleave_zero_shot_desc_allN_3_5_8_10_15_20_25_30_40_50_60_thinking_reasoning_on,N,25,1.0,0.06844919786096257,0.06844919786096257,,0.0,0.06844919786096257,0.0,0.06844919786096257,,0.0,0.033835683033544,0.029150390345734793,0.004685292687809206,,0.0,,0.0,0.029150390345734793,True,1.0,0.0,0.23529411764705882,0.12941176470588237,0.10588235294117647,0.09411764705882353,0.047058823529411764,0.047058823529411764,0.047058823529411764,0.03529411764705882,0.011764705882352941,,,,,,,,,,,0.0,0.0,0.0,0.0,0.0,0.0,0.0,0.0,0.0,0.0,0.033835683033544,11,11,0.03461351482741857,0.004685292687809203,,,,935,85,85,85,85,85,85,85,85,85,85,85,85,85,85,85,85,85,85,85,85,85,85,0,0,935,1.0,64,,0,SAT_Group_Evaluation/analysis/open_source_LLM_2SAT_analysis/open_source_LLM_2SAT_group_adr_with_wilson_and_cp_RMC_rmc_paper_open_vendor_case_b.json,substantive repeated-success threshold,True,0,0,0,0,0,882
2-SAT,Nemotron-H-47B (r-on),NVIDIA__nvidia__Nemotron-H-47B-Reasoning-128K__cnf_nemotron_h_47b_reasoning_128k_cases_prompt_interleave_zero_shot_desc_allN_3_5_8_10_15_20_25_30_40_50_60_thinking_reasoning_on,N,30,0.0,0.020320855614973262,0.020320855614973262,,0.0,0.020320855614973262,0.0,0.020320855614973262,,0.0,0.020320855614973262,0.0,0.020320855614973262,,0.0,,0.0,0.00960164717321056,True,1.0,0.0,0.08235294117647059,0.03529411764705882,0.03529411764705882,0.011764705882352941,0.011764705882352941,0.011764705882352941,0.011764705882352941,0.011764705882352941,0.011764705882352941,,,,,,,,,,,0.0,0.0,0.0,0.0,0.0,0.0,0.0,0.0,0.0,0.0,0.010014584346135148,11,11,0.010306271268838114,0.00041293717292459033,,,,935,85,85,85,85,85,85,85,85,85,85,85,85,85,85,85,85,85,85,85,85,85,85,0,0,935,1.0,19,,0,SAT_Group_Evaluation/analysis/open_source_LLM_2SAT_analysis/open_source_LLM_2SAT_group_adr_with_wilson_and_cp_RMC_rmc_paper_open_vendor_case_b.json,substantive repeated-success threshold,True,0,3,0,0,0,907
2-SAT,Nemotron-H-47B (r-on),NVIDIA__nvidia__Nemotron-H-47B-Reasoning-128K__cnf_nemotron_h_47b_reasoning_128k_cases_prompt_interleave_zero_shot_desc_allN_3_5_8_10_15_20_25_30_40_50_60_thinking_reasoning_on,N,30,0.25,0.020320855614973262,0.020320855614973262,,0.0,0.020320855614973262,0.0,0.020320855614973262,,0.0,0.017744287797763734,0.0024004117933026405,0.015343876004461094,,0.0,,0.0,0.00960164717321056,True,1.0,0.0,0.08235294117647059,0.03529411764705882,0.03529411764705882,0.011764705882352941,0.011764705882352941,0.011764705882352941,0.011764705882352941,0.011764705882352941,0.011764705882352941,,,,,,,,,,,0.0,0.0,0.0,0.0,0.0,0.0,0.0,0.0,0.0,0.0,0.010014584346135148,11,11,0.010306271268838114,0.00041293717292459033,,,,935,85,85,85,85,85,85,85,85,85,85,85,85,85,85,85,85,85,85,85,85,85,85,0,0,935,1.0,19,,0,SAT_Group_Evaluation/analysis/open_source_LLM_2SAT_analysis/open_source_LLM_2SAT_group_adr_with_wilson_and_cp_RMC_rmc_paper_open_vendor_case_b.json,substantive repeated-success threshold,True,0,3,0,0,0,907
2-SAT,Nemotron-H-47B (r-on),NVIDIA__nvidia__Nemotron-H-47B-Reasoning-128K__cnf_nemotron_h_47b_reasoning_128k_cases_prompt_interleave_zero_shot_desc_allN_3_5_8_10_15_20_25_30_40_50_60_thinking_reasoning_on,N,30,0.5,0.020320855614973262,0.020320855614973262,,0.0,0.020320855614973262,0.0,0.020320855614973262,,0.0,0.015167719980554207,0.004800823586605281,0.010366896393948926,,0.0,,0.0,0.00960164717321056,True,1.0,0.0,0.08235294117647059,0.03529411764705882,0.03529411764705882,0.011764705882352941,0.011764705882352941,0.011764705882352941,0.011764705882352941,0.011764705882352941,0.011764705882352941,,,,,,,,,,,0.0,0.0,0.0,0.0,0.0,0.0,0.0,0.0,0.0,0.0,0.010014584346135148,11,11,0.010306271268838114,0.00041293717292459033,,,,935,85,85,85,85,85,85,85,85,85,85,85,85,85,85,85,85,85,85,85,85,85,85,0,0,935,1.0,19,,0,SAT_Group_Evaluation/analysis/open_source_LLM_2SAT_analysis/open_source_LLM_2SAT_group_adr_with_wilson_and_cp_RMC_rmc_paper_open_vendor_case_b.json,substantive repeated-success threshold,True,0,3,0,0,0,907
2-SAT,Nemotron-H-47B (r-on),NVIDIA__nvidia__Nemotron-H-47B-Reasoning-128K__cnf_nemotron_h_47b_reasoning_128k_cases_prompt_interleave_zero_shot_desc_allN_3_5_8_10_15_20_25_30_40_50_60_thinking_reasoning_on,N,30,0.75,0.020320855614973262,0.020320855614973262,,0.0,0.020320855614973262,0.0,0.020320855614973262,,0.0,0.012591152163344678,0.00720123537990792,0.005389916783436758,,0.0,,0.0,0.00960164717321056,True,1.0,0.0,0.08235294117647059,0.03529411764705882,0.03529411764705882,0.011764705882352941,0.011764705882352941,0.011764705882352941,0.011764705882352941,0.011764705882352941,0.011764705882352941,,,,,,,,,,,0.0,0.0,0.0,0.0,0.0,0.0,0.0,0.0,0.0,0.0,0.010014584346135148,11,11,0.010306271268838114,0.00041293717292459033,,,,935,85,85,85,85,85,85,85,85,85,85,85,85,85,85,85,85,85,85,85,85,85,85,0,0,935,1.0,19,,0,SAT_Group_Evaluation/analysis/open_source_LLM_2SAT_analysis/open_source_LLM_2SAT_group_adr_with_wilson_and_cp_RMC_rmc_paper_open_vendor_case_b.json,substantive repeated-success threshold,True,0,3,0,0,0,907
2-SAT,Nemotron-H-47B (r-on),NVIDIA__nvidia__Nemotron-H-47B-Reasoning-128K__cnf_nemotron_h_47b_reasoning_128k_cases_prompt_interleave_zero_shot_desc_allN_3_5_8_10_15_20_25_30_40_50_60_thinking_reasoning_on,N,30,1.0,0.020320855614973262,0.020320855614973262,,0.0,0.020320855614973262,0.0,0.020320855614973262,,0.0,0.010014584346135148,0.009601647173210558,0.00041293717292458995,,0.0,,0.0,0.00960164717321056,True,1.0,0.0,0.08235294117647059,0.03529411764705882,0.03529411764705882,0.011764705882352941,0.011764705882352941,0.011764705882352941,0.011764705882352941,0.011764705882352941,0.011764705882352941,,,,,,,,,,,0.0,0.0,0.0,0.0,0.0,0.0,0.0,0.0,0.0,0.0,0.010014584346135148,11,11,0.010306271268838114,0.00041293717292459033,,,,935,85,85,85,85,85,85,85,85,85,85,85,85,85,85,85,85,85,85,85,85,85,85,0,0,935,1.0,19,,0,SAT_Group_Evaluation/analysis/open_source_LLM_2SAT_analysis/open_source_LLM_2SAT_group_adr_with_wilson_and_cp_RMC_rmc_paper_open_vendor_case_b.json,substantive repeated-success threshold,True,0,3,0,0,0,907
2-SAT,Nemotron-H-47B (r-on),NVIDIA__nvidia__Nemotron-H-47B-Reasoning-128K__cnf_nemotron_h_47b_reasoning_128k_cases_prompt_interleave_zero_shot_desc_allN_3_5_8_10_15_20_25_30_40_50_60_thinking_reasoning_on,N,40,0.0,0.052406417112299465,0.052406417112299465,,0.0,0.05240641711229946,-6.938893903907228e-18,0.05240641711229946,,0.0,0.05240641711229946,-6.938893903907228e-18,0.052406417112299465,,0.0,,0.0,0.015824301524207156,True,1.0,0.0,0.23529411764705882,0.12941176470588237,0.07058823529411765,0.058823529411764705,0.03529411764705882,0.03529411764705882,0.011764705882352941,0.0,0.0,,,,,,,,,,,0.0,0.0,0.0,0.0,0.0,0.0,0.0,0.0,0.0,0.0,0.018570734078755466,11,11,0.033835683033544,0.0027464325545483144,,,,935,85,85,85,85,85,85,85,85,85,85,85,85,85,85,85,85,85,85,85,85,85,85,0,0,935,1.0,49,,0,SAT_Group_Evaluation/analysis/open_source_LLM_2SAT_analysis/open_source_LLM_2SAT_group_adr_with_wilson_and_cp_RMC_rmc_paper_open_vendor_case_b.json,substantive repeated-success threshold,True,0,0,0,0,0,916
2-SAT,Nemotron-H-47B (r-on),NVIDIA__nvidia__Nemotron-H-47B-Reasoning-128K__cnf_nemotron_h_47b_reasoning_128k_cases_prompt_interleave_zero_shot_desc_allN_3_5_8_10_15_20_25_30_40_50_60_thinking_reasoning_on,N,40,0.25,0.052406417112299465,0.052406417112299465,,0.0,0.05240641711229946,-6.938893903907228e-18,0.05240641711229946,,0.0,0.043947496353913464,0.003956075381051784,0.03999142097286168,,0.0,,0.0,0.015824301524207156,True,1.0,0.0,0.23529411764705882,0.12941176470588237,0.07058823529411765,0.058823529411764705,0.03529411764705882,0.03529411764705882,0.011764705882352941,0.0,0.0,,,,,,,,,,,0.0,0.0,0.0,0.0,0.0,0.0,0.0,0.0,0.0,0.0,0.018570734078755466,11,11,0.033835683033544,0.0027464325545483144,,,,935,85,85,85,85,85,85,85,85,85,85,85,85,85,85,85,85,85,85,85,85,85,85,0,0,935,1.0,49,,0,SAT_Group_Evaluation/analysis/open_source_LLM_2SAT_analysis/open_source_LLM_2SAT_group_adr_with_wilson_and_cp_RMC_rmc_paper_open_vendor_case_b.json,substantive repeated-success threshold,True,0,0,0,0,0,916
2-SAT,Nemotron-H-47B (r-on),NVIDIA__nvidia__Nemotron-H-47B-Reasoning-128K__cnf_nemotron_h_47b_reasoning_128k_cases_prompt_interleave_zero_shot_desc_allN_3_5_8_10_15_20_25_30_40_50_60_thinking_reasoning_on,N,40,0.5,0.052406417112299465,0.052406417112299465,,0.0,0.05240641711229946,-6.938893903907228e-18,0.05240641711229946,,0.0,0.03548857559552747,0.007912150762103581,0.027576424833423888,,0.0,,0.0,0.015824301524207156,True,1.0,0.0,0.23529411764705882,0.12941176470588237,0.07058823529411765,0.058823529411764705,0.03529411764705882,0.03529411764705882,0.011764705882352941,0.0,0.0,,,,,,,,,,,0.0,0.0,0.0,0.0,0.0,0.0,0.0,0.0,0.0,0.0,0.018570734078755466,11,11,0.033835683033544,0.0027464325545483144,,,,935,85,85,85,85,85,85,85,85,85,85,85,85,85,85,85,85,85,85,85,85,85,85,0,0,935,1.0,49,,0,SAT_Group_Evaluation/analysis/open_source_LLM_2SAT_analysis/open_source_LLM_2SAT_group_adr_with_wilson_and_cp_RMC_rmc_paper_open_vendor_case_b.json,substantive repeated-success threshold,True,0,0,0,0,0,916
2-SAT,Nemotron-H-47B (r-on),NVIDIA__nvidia__Nemotron-H-47B-Reasoning-128K__cnf_nemotron_h_47b_reasoning_128k_cases_prompt_interleave_zero_shot_desc_allN_3_5_8_10_15_20_25_30_40_50_60_thinking_reasoning_on,N,40,0.75,0.052406417112299465,0.052406417112299465,,0.0,0.05240641711229946,-6.938893903907228e-18,0.05240641711229946,,0.0,0.027029654837141467,0.011868226143155365,0.015161428693986102,,0.0,,0.0,0.015824301524207156,True,1.0,0.0,0.23529411764705882,0.12941176470588237,0.07058823529411765,0.058823529411764705,0.03529411764705882,0.03529411764705882,0.011764705882352941,0.0,0.0,,,,,,,,,,,0.0,0.0,0.0,0.0,0.0,0.0,0.0,0.0,0.0,0.0,0.018570734078755466,11,11,0.033835683033544,0.0027464325545483144,,,,935,85,85,85,85,85,85,85,85,85,85,85,85,85,85,85,85,85,85,85,85,85,85,0,0,935,1.0,49,,0,SAT_Group_Evaluation/analysis/open_source_LLM_2SAT_analysis/open_source_LLM_2SAT_group_adr_with_wilson_and_cp_RMC_rmc_paper_open_vendor_case_b.json,substantive repeated-success threshold,True,0,0,0,0,0,916
2-SAT,Nemotron-H-47B (r-on),NVIDIA__nvidia__Nemotron-H-47B-Reasoning-128K__cnf_nemotron_h_47b_reasoning_128k_cases_prompt_interleave_zero_shot_desc_allN_3_5_8_10_15_20_25_30_40_50_60_thinking_reasoning_on,N,40,1.0,0.052406417112299465,0.052406417112299465,,0.0,0.05240641711229946,-6.938893903907228e-18,0.05240641711229946,,0.0,0.018570734078755466,0.015824301524207156,0.00274643255454831,,0.0,,0.0,0.015824301524207156,True,1.0,0.0,0.23529411764705882,0.12941176470588237,0.07058823529411765,0.058823529411764705,0.03529411764705882,0.03529411764705882,0.011764705882352941,0.0,0.0,,,,,,,,,,,0.0,0.0,0.0,0.0,0.0,0.0,0.0,0.0,0.0,0.0,0.018570734078755466,11,11,0.033835683033544,0.0027464325545483144,,,,935,85,85,85,85,85,85,85,85,85,85,85,85,85,85,85,85,85,85,85,85,85,85,0,0,935,1.0,49,,0,SAT_Group_Evaluation/analysis/open_source_LLM_2SAT_analysis/open_source_LLM_2SAT_group_adr_with_wilson_and_cp_RMC_rmc_paper_open_vendor_case_b.json,substantive repeated-success threshold,True,0,0,0,0,0,916
2-SAT,Nemotron-H-47B (r-on),NVIDIA__nvidia__Nemotron-H-47B-Reasoning-128K__cnf_nemotron_h_47b_reasoning_128k_cases_prompt_interleave_zero_shot_desc_allN_3_5_8_10_15_20_25_30_40_50_60_thinking_reasoning_on,N,50,0.0,0.0481283422459893,0.0481283422459893,,0.0,0.0481283422459893,0.0,0.0481283422459893,,0.0,0.0481283422459893,0.0,0.0481283422459893,,0.0,,0.0,0.015865480854471103,True,1.0,0.0,0.2,0.10588235294117647,0.08235294117647059,0.058823529411764705,0.03529411764705882,0.03529411764705882,0.011764705882352941,0.0,0.0,,,,,,,,,,,0.0,0.0,0.0,0.0,0.0,0.0,0.0,0.0,0.0,0.0,0.01818181818181818,11,11,0.029946524064171122,0.0023163373273470786,,,,935,85,85,85,85,85,85,85,85,85,85,85,85,85,85,85,85,85,85,85,85,85,85,0,0,935,1.0,45,,0,SAT_Group_Evaluation/analysis/open_source_LLM_2SAT_analysis/open_source_LLM_2SAT_group_adr_with_wilson_and_cp_RMC_rmc_paper_open_vendor_case_b.json,substantive repeated-success threshold,True,0,23,0,0,0,871
2-SAT,Nemotron-H-47B (r-on),NVIDIA__nvidia__Nemotron-H-47B-Reasoning-128K__cnf_nemotron_h_47b_reasoning_128k_cases_prompt_interleave_zero_shot_desc_allN_3_5_8_10_15_20_25_30_40_50_60_thinking_reasoning_on,N,50,0.25,0.0481283422459893,0.0481283422459893,,0.0,0.0481283422459893,0.0,0.0481283422459893,,0.0,0.04064171122994652,0.003966370213617773,0.036675341016328744,,0.0,,0.0,0.015865480854471103,True,1.0,0.0,0.2,0.10588235294117647,0.08235294117647059,0.058823529411764705,0.03529411764705882,0.03529411764705882,0.011764705882352941,0.0,0.0,,,,,,,,,,,0.0,0.0,0.0,0.0,0.0,0.0,0.0,0.0,0.0,0.0,0.01818181818181818,11,11,0.029946524064171122,0.0023163373273470786,,,,935,85,85,85,85,85,85,85,85,85,85,85,85,85,85,85,85,85,85,85,85,85,85,0,0,935,1.0,45,,0,SAT_Group_Evaluation/analysis/open_source_LLM_2SAT_analysis/open_source_LLM_2SAT_group_adr_with_wilson_and_cp_RMC_rmc_paper_open_vendor_case_b.json,substantive repeated-success threshold,True,0,23,0,0,0,871
2-SAT,Nemotron-H-47B (r-on),NVIDIA__nvidia__Nemotron-H-47B-Reasoning-128K__cnf_nemotron_h_47b_reasoning_128k_cases_prompt_interleave_zero_shot_desc_allN_3_5_8_10_15_20_25_30_40_50_60_thinking_reasoning_on,N,50,0.5,0.0481283422459893,0.0481283422459893,,0.0,0.0481283422459893,0.0,0.0481283422459893,,0.0,0.03315508021390374,0.00793274042723555,0.02522233978666819,,0.0,,0.0,0.015865480854471103,True,1.0,0.0,0.2,0.10588235294117647,0.08235294117647059,0.058823529411764705,0.03529411764705882,0.03529411764705882,0.011764705882352941,0.0,0.0,,,,,,,,,,,0.0,0.0,0.0,0.0,0.0,0.0,0.0,0.0,0.0,0.0,0.01818181818181818,11,11,0.029946524064171122,0.0023163373273470786,,,,935,85,85,85,85,85,85,85,85,85,85,85,85,85,85,85,85,85,85,85,85,85,85,0,0,935,1.0,45,,0,SAT_Group_Evaluation/analysis/open_source_LLM_2SAT_analysis/open_source_LLM_2SAT_group_adr_with_wilson_and_cp_RMC_rmc_paper_open_vendor_case_b.json,substantive repeated-success threshold,True,0,23,0,0,0,871
2-SAT,Nemotron-H-47B (r-on),NVIDIA__nvidia__Nemotron-H-47B-Reasoning-128K__cnf_nemotron_h_47b_reasoning_128k_cases_prompt_interleave_zero_shot_desc_allN_3_5_8_10_15_20_25_30_40_50_60_thinking_reasoning_on,N,50,0.75,0.0481283422459893,0.0481283422459893,,0.0,0.0481283422459893,0.0,0.0481283422459893,,0.0,0.02566844919786096,0.011899110640853326,0.013769338557007633,,0.0,,0.0,0.015865480854471103,True,1.0,0.0,0.2,0.10588235294117647,0.08235294117647059,0.058823529411764705,0.03529411764705882,0.03529411764705882,0.011764705882352941,0.0,0.0,,,,,,,,,,,0.0,0.0,0.0,0.0,0.0,0.0,0.0,0.0,0.0,0.0,0.01818181818181818,11,11,0.029946524064171122,0.0023163373273470786,,,,935,85,85,85,85,85,85,85,85,85,85,85,85,85,85,85,85,85,85,85,85,85,85,0,0,935,1.0,45,,0,SAT_Group_Evaluation/analysis/open_source_LLM_2SAT_analysis/open_source_LLM_2SAT_group_adr_with_wilson_and_cp_RMC_rmc_paper_open_vendor_case_b.json,substantive repeated-success threshold,True,0,23,0,0,0,871
2-SAT,Nemotron-H-47B (r-on),NVIDIA__nvidia__Nemotron-H-47B-Reasoning-128K__cnf_nemotron_h_47b_reasoning_128k_cases_prompt_interleave_zero_shot_desc_allN_3_5_8_10_15_20_25_30_40_50_60_thinking_reasoning_on,N,50,1.0,0.0481283422459893,0.0481283422459893,,0.0,0.0481283422459893,0.0,0.0481283422459893,,0.0,0.01818181818181818,0.015865480854471106,0.0023163373273470747,,0.0,,0.0,0.015865480854471103,True,1.0,0.0,0.2,0.10588235294117647,0.08235294117647059,0.058823529411764705,0.03529411764705882,0.03529411764705882,0.011764705882352941,0.0,0.0,,,,,,,,,,,0.0,0.0,0.0,0.0,0.0,0.0,0.0,0.0,0.0,0.0,0.01818181818181818,11,11,0.029946524064171122,0.0023163373273470786,,,,935,85,85,85,85,85,85,85,85,85,85,85,85,85,85,85,85,85,85,85,85,85,85,0,0,935,1.0,45,,0,SAT_Group_Evaluation/analysis/open_source_LLM_2SAT_analysis/open_source_LLM_2SAT_group_adr_with_wilson_and_cp_RMC_rmc_paper_open_vendor_case_b.json,substantive repeated-success threshold,True,0,23,0,0,0,871
2-SAT,Nemotron-H-47B (r-on),NVIDIA__nvidia__Nemotron-H-47B-Reasoning-128K__cnf_nemotron_h_47b_reasoning_128k_cases_prompt_interleave_zero_shot_desc_allN_3_5_8_10_15_20_25_30_40_50_60_thinking_reasoning_on,N,60,0.0,0.07272727272727272,0.07272727272727272,,0.0,0.07272727272727272,0.0,0.07272727272727272,,0.0,0.07272727272727272,0.0,0.07272727272727272,,0.0,,0.0,0.02174039863879436,True,1.0,0.0,0.3176470588235294,0.16470588235294117,0.11764705882352941,0.07058823529411765,0.058823529411764705,0.03529411764705882,0.03529411764705882,0.0,0.0,,,,,,,,,,,0.0,0.0,0.0,0.0,0.0,0.0,0.0,0.0,0.0,0.0,0.027029654837141467,11,11,0.045697617890131256,0.005289256198347107,,,,935,85,85,85,85,85,85,85,85,85,85,85,85,85,85,85,85,85,85,85,85,85,85,0,0,935,1.0,68,,0,SAT_Group_Evaluation/analysis/open_source_LLM_2SAT_analysis/open_source_LLM_2SAT_group_adr_with_wilson_and_cp_RMC_rmc_paper_open_vendor_case_b.json,substantive repeated-success threshold,True,0,0,0,0,0,892
2-SAT,Nemotron-H-47B (r-on),NVIDIA__nvidia__Nemotron-H-47B-Reasoning-128K__cnf_nemotron_h_47b_reasoning_128k_cases_prompt_interleave_zero_shot_desc_allN_3_5_8_10_15_20_25_30_40_50_60_thinking_reasoning_on,N,60,0.25,0.07272727272727272,0.07272727272727272,,0.0,0.07272727272727272,0.0,0.07272727272727272,,0.0,0.06130286825473991,0.005435099659698593,0.05586776859504132,,0.0,,0.0,0.02174039863879436,True,1.0,0.0,0.3176470588235294,0.16470588235294117,0.11764705882352941,0.07058823529411765,0.058823529411764705,0.03529411764705882,0.03529411764705882,0.0,0.0,,,,,,,,,,,0.0,0.0,0.0,0.0,0.0,0.0,0.0,0.0,0.0,0.0,0.027029654837141467,11,11,0.045697617890131256,0.005289256198347107,,,,935,85,85,85,85,85,85,85,85,85,85,85,85,85,85,85,85,85,85,85,85,85,85,0,0,935,1.0,68,,0,SAT_Group_Evaluation/analysis/open_source_LLM_2SAT_analysis/open_source_LLM_2SAT_group_adr_with_wilson_and_cp_RMC_rmc_paper_open_vendor_case_b.json,substantive repeated-success threshold,True,0,0,0,0,0,892
2-SAT,Nemotron-H-47B (r-on),NVIDIA__nvidia__Nemotron-H-47B-Reasoning-128K__cnf_nemotron_h_47b_reasoning_128k_cases_prompt_interleave_zero_shot_desc_allN_3_5_8_10_15_20_25_30_40_50_60_thinking_reasoning_on,N,60,0.5,0.07272727272727272,0.07272727272727272,,0.0,0.07272727272727272,0.0,0.07272727272727272,,0.0,0.049878463782207096,0.01087019931939718,0.039008264462809916,,0.0,,0.0,0.02174039863879436,True,1.0,0.0,0.3176470588235294,0.16470588235294117,0.11764705882352941,0.07058823529411765,0.058823529411764705,0.03529411764705882,0.03529411764705882,0.0,0.0,,,,,,,,,,,0.0,0.0,0.0,0.0,0.0,0.0,0.0,0.0,0.0,0.0,0.027029654837141467,11,11,0.045697617890131256,0.005289256198347107,,,,935,85,85,85,85,85,85,85,85,85,85,85,85,85,85,85,85,85,85,85,85,85,85,0,0,935,1.0,68,,0,SAT_Group_Evaluation/analysis/open_source_LLM_2SAT_analysis/open_source_LLM_2SAT_group_adr_with_wilson_and_cp_RMC_rmc_paper_open_vendor_case_b.json,substantive repeated-success threshold,True,0,0,0,0,0,892
2-SAT,Nemotron-H-47B (r-on),NVIDIA__nvidia__Nemotron-H-47B-Reasoning-128K__cnf_nemotron_h_47b_reasoning_128k_cases_prompt_interleave_zero_shot_desc_allN_3_5_8_10_15_20_25_30_40_50_60_thinking_reasoning_on,N,60,0.75,0.07272727272727272,0.07272727272727272,,0.0,0.07272727272727272,0.0,0.07272727272727272,,0.0,0.038454059309674285,0.016305298979095773,0.022148760330578512,,0.0,,0.0,0.02174039863879436,True,1.0,0.0,0.3176470588235294,0.16470588235294117,0.11764705882352941,0.07058823529411765,0.058823529411764705,0.03529411764705882,0.03529411764705882,0.0,0.0,,,,,,,,,,,0.0,0.0,0.0,0.0,0.0,0.0,0.0,0.0,0.0,0.0,0.027029654837141467,11,11,0.045697617890131256,0.005289256198347107,,,,935,85,85,85,85,85,85,85,85,85,85,85,85,85,85,85,85,85,85,85,85,85,85,0,0,935,1.0,68,,0,SAT_Group_Evaluation/analysis/open_source_LLM_2SAT_analysis/open_source_LLM_2SAT_group_adr_with_wilson_and_cp_RMC_rmc_paper_open_vendor_case_b.json,substantive repeated-success threshold,True,0,0,0,0,0,892
2-SAT,Nemotron-H-47B (r-on),NVIDIA__nvidia__Nemotron-H-47B-Reasoning-128K__cnf_nemotron_h_47b_reasoning_128k_cases_prompt_interleave_zero_shot_desc_allN_3_5_8_10_15_20_25_30_40_50_60_thinking_reasoning_on,N,60,1.0,0.07272727272727272,0.07272727272727272,,0.0,0.07272727272727272,0.0,0.07272727272727272,,0.0,0.027029654837141467,0.02174039863879436,0.005289256198347109,,0.0,,0.0,0.02174039863879436,True,1.0,0.0,0.3176470588235294,0.16470588235294117,0.11764705882352941,0.07058823529411765,0.058823529411764705,0.03529411764705882,0.03529411764705882,0.0,0.0,,,,,,,,,,,0.0,0.0,0.0,0.0,0.0,0.0,0.0,0.0,0.0,0.0,0.027029654837141467,11,11,0.045697617890131256,0.005289256198347107,,,,935,85,85,85,85,85,85,85,85,85,85,85,85,85,85,85,85,85,85,85,85,85,85,0,0,935,1.0,68,,0,SAT_Group_Evaluation/analysis/open_source_LLM_2SAT_analysis/open_source_LLM_2SAT_group_adr_with_wilson_and_cp_RMC_rmc_paper_open_vendor_case_b.json,substantive repeated-success threshold,True,0,0,0,0,0,892
2-SAT,gpt-oss-20b (reason),OpenAI__openai__gpt-oss-20b__cnf_gpt_oss_20b_cases_prompt_interleave_zero_shot_desc_allN_3_5_8_10_15_20_25_30_40_50_60_thinking,overall,all,0.0,0.5508982035928144,0.06586826347305391,0.0718562874251497,0.48502994011976047,0.5395894428152492,-0.011308760777565152,0.06451612903225806,0.07038123167155426,0.47507331378299117,0.5395894428152492,-0.011308760777565152,0.5508982035928144,0.0718562874251497,0.48502994011976047,0.07038123167155426,0.47507331378299117,0.13166381438068128,True,1.0,0.25806451612903225,0.9032258064516129,0.8064516129032258,0.6774193548387096,0.6451612903225806,0.6129032258064516,0.5483870967741935,0.4838709677419355,0.41935483870967744,0.3225806451612903,0.0,0.12903225806451613,0.12903225806451613,0.0967741935483871,0.0967741935483871,0.06451612903225806,0.06451612903225806,0.06451612903225806,0.06451612903225806,0.06451612903225806,0.25806451612903225,0.7419354838709677,0.6774193548387096,0.6451612903225806,0.6129032258064516,0.5483870967741935,0.45161290322580644,0.41935483870967744,0.3870967741935484,0.3225806451612903,0.4228205811783525,11,11,0.11676886163689683,0.30348883072178995,77,SAT_Group_Evaluation/open_source_LLM_2SAT/OpenAI/outputs/cnf_gpt_oss_20b_unsat_clause_subset_followup_allN_3_5_8_10_15_20_25_30_40_50_60_thinking/results_desc.jsonl,28,334,31,31,30,31,31,31,31,31,31,31,31,31,30,31,30,31,30,31,30,31,30,31,68,28,341,0.9794721407624634,184,24,162,SAT_Group_Evaluation/analysis/open_source_LLM_2SAT_analysis/open_source_LLM_2SAT_group_adr_with_wilson_and_cp_RMC_rmc_paper_open_vendor_case_b.json,substantive repeated-success threshold,True,0,0,12,0,172,14
2-SAT,gpt-oss-20b (reason),OpenAI__openai__gpt-oss-20b__cnf_gpt_oss_20b_cases_prompt_interleave_zero_shot_desc_allN_3_5_8_10_15_20_25_30_40_50_60_thinking,overall,all,0.25,0.5508982035928144,0.06586826347305391,0.0718562874251497,0.48502994011976047,0.5395894428152492,-0.011308760777565152,0.06451612903225806,0.07038123167155426,0.47507331378299117,0.5103972274060251,0.02135136703096685,0.48904586037505826,0.0551830470794937,0.4225859657929649,0.06491602239402826,0.4497467342042122,0.13166381438068128,True,1.0,0.25806451612903225,0.9032258064516129,0.8064516129032258,0.6774193548387096,0.6451612903225806,0.6129032258064516,0.5483870967741935,0.4838709677419355,0.41935483870967744,0.3225806451612903,0.0,0.12903225806451613,0.12903225806451613,0.0967741935483871,0.0967741935483871,0.06451612903225806,0.06451612903225806,0.06451612903225806,0.06451612903225806,0.06451612903225806,0.25806451612903225,0.7419354838709677,0.6774193548387096,0.6451612903225806,0.6129032258064516,0.5483870967741935,0.45161290322580644,0.41935483870967744,0.3870967741935484,0.3225806451612903,0.4228205811783525,11,11,0.11676886163689683,0.30348883072178995,77,SAT_Group_Evaluation/open_source_LLM_2SAT/OpenAI/outputs/cnf_gpt_oss_20b_unsat_clause_subset_followup_allN_3_5_8_10_15_20_25_30_40_50_60_thinking/results_desc.jsonl,28,334,31,31,30,31,31,31,31,31,31,31,31,31,30,31,30,31,30,31,30,31,30,31,68,28,341,0.9794721407624634,184,24,162,SAT_Group_Evaluation/analysis/open_source_LLM_2SAT_analysis/open_source_LLM_2SAT_group_adr_with_wilson_and_cp_RMC_rmc_paper_open_vendor_case_b.json,substantive repeated-success threshold,True,0,0,12,0,172,14
2-SAT,gpt-oss-20b (reason),OpenAI__openai__gpt-oss-20b__cnf_gpt_oss_20b_cases_prompt_interleave_zero_shot_desc_allN_3_5_8_10_15_20_25_30_40_50_60_thinking,overall,all,0.5,0.5508982035928144,0.06586826347305391,0.0718562874251497,0.48502994011976047,0.5395894428152492,-0.011308760777565152,0.06451612903225806,0.07038123167155426,0.47507331378299117,0.4812050119968009,0.054011494839498686,0.4271935171573022,0.03850980673383771,0.36014199146616943,0.05945081311650227,0.42442015462543325,0.13166381438068128,True,1.0,0.25806451612903225,0.9032258064516129,0.8064516129032258,0.6774193548387096,0.6451612903225806,0.6129032258064516,0.5483870967741935,0.4838709677419355,0.41935483870967744,0.3225806451612903,0.0,0.12903225806451613,0.12903225806451613,0.0967741935483871,0.0967741935483871,0.06451612903225806,0.06451612903225806,0.06451612903225806,0.06451612903225806,0.06451612903225806,0.25806451612903225,0.7419354838709677,0.6774193548387096,0.6451612903225806,0.6129032258064516,0.5483870967741935,0.45161290322580644,0.41935483870967744,0.3870967741935484,0.3225806451612903,0.4228205811783525,11,11,0.11676886163689683,0.30348883072178995,77,SAT_Group_Evaluation/open_source_LLM_2SAT/OpenAI/outputs/cnf_gpt_oss_20b_unsat_clause_subset_followup_allN_3_5_8_10_15_20_25_30_40_50_60_thinking/results_desc.jsonl,28,334,31,31,30,31,31,31,31,31,31,31,31,31,30,31,30,31,30,31,30,31,30,31,68,28,341,0.9794721407624634,184,24,162,SAT_Group_Evaluation/analysis/open_source_LLM_2SAT_analysis/open_source_LLM_2SAT_group_adr_with_wilson_and_cp_RMC_rmc_paper_open_vendor_case_b.json,substantive repeated-success threshold,True,0,0,12,0,172,14
2-SAT,gpt-oss-20b (reason),OpenAI__openai__gpt-oss-20b__cnf_gpt_oss_20b_cases_prompt_interleave_zero_shot_desc_allN_3_5_8_10_15_20_25_30_40_50_60_thinking,overall,all,0.75,0.5508982035928144,0.06586826347305391,0.0718562874251497,0.48502994011976047,0.5395894428152492,-0.011308760777565152,0.06451612903225806,0.07038123167155426,0.47507331378299117,0.45201279658757665,0.08667162264803058,0.36534117393954607,0.021836566388181725,0.29769801713937394,0.053985603838976284,0.3990935750466542,0.13166381438068128,True,1.0,0.25806451612903225,0.9032258064516129,0.8064516129032258,0.6774193548387096,0.6451612903225806,0.6129032258064516,0.5483870967741935,0.4838709677419355,0.41935483870967744,0.3225806451612903,0.0,0.12903225806451613,0.12903225806451613,0.0967741935483871,0.0967741935483871,0.06451612903225806,0.06451612903225806,0.06451612903225806,0.06451612903225806,0.06451612903225806,0.25806451612903225,0.7419354838709677,0.6774193548387096,0.6451612903225806,0.6129032258064516,0.5483870967741935,0.45161290322580644,0.41935483870967744,0.3870967741935484,0.3225806451612903,0.4228205811783525,11,11,0.11676886163689683,0.30348883072178995,77,SAT_Group_Evaluation/open_source_LLM_2SAT/OpenAI/outputs/cnf_gpt_oss_20b_unsat_clause_subset_followup_allN_3_5_8_10_15_20_25_30_40_50_60_thinking/results_desc.jsonl,28,334,31,31,30,31,31,31,31,31,31,31,31,31,30,31,30,31,30,31,30,31,30,31,68,28,341,0.9794721407624634,184,24,162,SAT_Group_Evaluation/analysis/open_source_LLM_2SAT_analysis/open_source_LLM_2SAT_group_adr_with_wilson_and_cp_RMC_rmc_paper_open_vendor_case_b.json,substantive repeated-success threshold,True,0,0,12,0,172,14
2-SAT,gpt-oss-20b (reason),OpenAI__openai__gpt-oss-20b__cnf_gpt_oss_20b_cases_prompt_interleave_zero_shot_desc_allN_3_5_8_10_15_20_25_30_40_50_60_thinking,overall,all,1.0,0.5508982035928144,0.06586826347305391,0.0718562874251497,0.48502994011976047,0.5395894428152492,-0.011308760777565152,0.06451612903225806,0.07038123167155426,0.47507331378299117,0.4228205811783525,0.11933175045656247,0.30348883072179,0.005163326042525729,0.2352540428125784,0.04852039456145029,0.37376699546787523,0.13166381438068128,True,1.0,0.25806451612903225,0.9032258064516129,0.8064516129032258,0.6774193548387096,0.6451612903225806,0.6129032258064516,0.5483870967741935,0.4838709677419355,0.41935483870967744,0.3225806451612903,0.0,0.12903225806451613,0.12903225806451613,0.0967741935483871,0.0967741935483871,0.06451612903225806,0.06451612903225806,0.06451612903225806,0.06451612903225806,0.06451612903225806,0.25806451612903225,0.7419354838709677,0.6774193548387096,0.6451612903225806,0.6129032258064516,0.5483870967741935,0.45161290322580644,0.41935483870967744,0.3870967741935484,0.3225806451612903,0.4228205811783525,11,11,0.11676886163689683,0.30348883072178995,77,SAT_Group_Evaluation/open_source_LLM_2SAT/OpenAI/outputs/cnf_gpt_oss_20b_unsat_clause_subset_followup_allN_3_5_8_10_15_20_25_30_40_50_60_thinking/results_desc.jsonl,28,334,31,31,30,31,31,31,31,31,31,31,31,31,30,31,30,31,30,31,30,31,30,31,68,28,341,0.9794721407624634,184,24,162,SAT_Group_Evaluation/analysis/open_source_LLM_2SAT_analysis/open_source_LLM_2SAT_group_adr_with_wilson_and_cp_RMC_rmc_paper_open_vendor_case_b.json,substantive repeated-success threshold,True,0,0,12,0,172,14
2-SAT,gpt-oss-20b (reason),OpenAI__openai__gpt-oss-20b__cnf_gpt_oss_20b_cases_prompt_interleave_zero_shot_desc_allN_3_5_8_10_15_20_25_30_40_50_60_thinking,N,3,0.0,1.0,0.0,0.2727272727272727,1.0,1.0,0.0,0.0,0.27272727272727276,1.0,1.0,0.0,1.0,0.2727272727272727,1.0,0.27272727272727276,1.0,0.0,True,1.0,1.0,1.0,1.0,1.0,1.0,1.0,1.0,1.0,1.0,1.0,0.0,0.3333333333333333,0.3333333333333333,0.3333333333333333,0.3333333333333333,0.3333333333333333,0.3333333333333333,0.3333333333333333,0.3333333333333333,0.3333333333333333,1.0,1.0,1.0,1.0,1.0,1.0,1.0,1.0,1.0,1.0,1.0,11,11,0.0,1.0,77,SAT_Group_Evaluation/open_source_LLM_2SAT/OpenAI/outputs/cnf_gpt_oss_20b_unsat_clause_subset_followup_allN_3_5_8_10_15_20_25_30_40_50_60_thinking/results_desc.jsonl,28,33,3,3,3,3,3,3,3,3,3,3,3,3,3,3,3,3,3,3,3,3,3,3,11,9,33,1.0,33,9,33,SAT_Group_Evaluation/analysis/open_source_LLM_2SAT_analysis/open_source_LLM_2SAT_group_adr_with_wilson_and_cp_RMC_rmc_paper_open_vendor_case_b.json,substantive repeated-success threshold,True,0,0,0,0,33,0
2-SAT,gpt-oss-20b (reason),OpenAI__openai__gpt-oss-20b__cnf_gpt_oss_20b_cases_prompt_interleave_zero_shot_desc_allN_3_5_8_10_15_20_25_30_40_50_60_thinking,N,3,0.25,1.0,0.0,0.2727272727272727,1.0,1.0,0.0,0.0,0.27272727272727276,1.0,1.0,0.0,1.0,0.22314049586776857,1.0,0.2603305785123967,1.0,0.0,True,1.0,1.0,1.0,1.0,1.0,1.0,1.0,1.0,1.0,1.0,1.0,0.0,0.3333333333333333,0.3333333333333333,0.3333333333333333,0.3333333333333333,0.3333333333333333,0.3333333333333333,0.3333333333333333,0.3333333333333333,0.3333333333333333,1.0,1.0,1.0,1.0,1.0,1.0,1.0,1.0,1.0,1.0,1.0,11,11,0.0,1.0,77,SAT_Group_Evaluation/open_source_LLM_2SAT/OpenAI/outputs/cnf_gpt_oss_20b_unsat_clause_subset_followup_allN_3_5_8_10_15_20_25_30_40_50_60_thinking/results_desc.jsonl,28,33,3,3,3,3,3,3,3,3,3,3,3,3,3,3,3,3,3,3,3,3,3,3,11,9,33,1.0,33,9,33,SAT_Group_Evaluation/analysis/open_source_LLM_2SAT_analysis/open_source_LLM_2SAT_group_adr_with_wilson_and_cp_RMC_rmc_paper_open_vendor_case_b.json,substantive repeated-success threshold,True,0,0,0,0,33,0
2-SAT,gpt-oss-20b (reason),OpenAI__openai__gpt-oss-20b__cnf_gpt_oss_20b_cases_prompt_interleave_zero_shot_desc_allN_3_5_8_10_15_20_25_30_40_50_60_thinking,N,3,0.5,1.0,0.0,0.2727272727272727,1.0,1.0,0.0,0.0,0.27272727272727276,1.0,1.0,0.0,1.0,0.17355371900826444,1.0,0.2479338842975207,1.0,0.0,True,1.0,1.0,1.0,1.0,1.0,1.0,1.0,1.0,1.0,1.0,1.0,0.0,0.3333333333333333,0.3333333333333333,0.3333333333333333,0.3333333333333333,0.3333333333333333,0.3333333333333333,0.3333333333333333,0.3333333333333333,0.3333333333333333,1.0,1.0,1.0,1.0,1.0,1.0,1.0,1.0,1.0,1.0,1.0,11,11,0.0,1.0,77,SAT_Group_Evaluation/open_source_LLM_2SAT/OpenAI/outputs/cnf_gpt_oss_20b_unsat_clause_subset_followup_allN_3_5_8_10_15_20_25_30_40_50_60_thinking/results_desc.jsonl,28,33,3,3,3,3,3,3,3,3,3,3,3,3,3,3,3,3,3,3,3,3,3,3,11,9,33,1.0,33,9,33,SAT_Group_Evaluation/analysis/open_source_LLM_2SAT_analysis/open_source_LLM_2SAT_group_adr_with_wilson_and_cp_RMC_rmc_paper_open_vendor_case_b.json,substantive repeated-success threshold,True,0,0,0,0,33,0
2-SAT,gpt-oss-20b (reason),OpenAI__openai__gpt-oss-20b__cnf_gpt_oss_20b_cases_prompt_interleave_zero_shot_desc_allN_3_5_8_10_15_20_25_30_40_50_60_thinking,N,3,0.75,1.0,0.0,0.2727272727272727,1.0,1.0,0.0,0.0,0.27272727272727276,1.0,1.0,0.0,1.0,0.1239669421487603,1.0,0.23553719008264465,1.0,0.0,True,1.0,1.0,1.0,1.0,1.0,1.0,1.0,1.0,1.0,1.0,1.0,0.0,0.3333333333333333,0.3333333333333333,0.3333333333333333,0.3333333333333333,0.3333333333333333,0.3333333333333333,0.3333333333333333,0.3333333333333333,0.3333333333333333,1.0,1.0,1.0,1.0,1.0,1.0,1.0,1.0,1.0,1.0,1.0,11,11,0.0,1.0,77,SAT_Group_Evaluation/open_source_LLM_2SAT/OpenAI/outputs/cnf_gpt_oss_20b_unsat_clause_subset_followup_allN_3_5_8_10_15_20_25_30_40_50_60_thinking/results_desc.jsonl,28,33,3,3,3,3,3,3,3,3,3,3,3,3,3,3,3,3,3,3,3,3,3,3,11,9,33,1.0,33,9,33,SAT_Group_Evaluation/analysis/open_source_LLM_2SAT_analysis/open_source_LLM_2SAT_group_adr_with_wilson_and_cp_RMC_rmc_paper_open_vendor_case_b.json,substantive repeated-success threshold,True,0,0,0,0,33,0
2-SAT,gpt-oss-20b (reason),OpenAI__openai__gpt-oss-20b__cnf_gpt_oss_20b_cases_prompt_interleave_zero_shot_desc_allN_3_5_8_10_15_20_25_30_40_50_60_thinking,N,3,1.0,1.0,0.0,0.2727272727272727,1.0,1.0,0.0,0.0,0.27272727272727276,1.0,1.0,0.0,1.0,0.0743801652892562,1.0,0.22314049586776863,1.0,0.0,True,1.0,1.0,1.0,1.0,1.0,1.0,1.0,1.0,1.0,1.0,1.0,0.0,0.3333333333333333,0.3333333333333333,0.3333333333333333,0.3333333333333333,0.3333333333333333,0.3333333333333333,0.3333333333333333,0.3333333333333333,0.3333333333333333,1.0,1.0,1.0,1.0,1.0,1.0,1.0,1.0,1.0,1.0,1.0,11,11,0.0,1.0,77,SAT_Group_Evaluation/open_source_LLM_2SAT/OpenAI/outputs/cnf_gpt_oss_20b_unsat_clause_subset_followup_allN_3_5_8_10_15_20_25_30_40_50_60_thinking/results_desc.jsonl,28,33,3,3,3,3,3,3,3,3,3,3,3,3,3,3,3,3,3,3,3,3,3,3,11,9,33,1.0,33,9,33,SAT_Group_Evaluation/analysis/open_source_LLM_2SAT_analysis/open_source_LLM_2SAT_group_adr_with_wilson_and_cp_RMC_rmc_paper_open_vendor_case_b.json,substantive repeated-success threshold,True,0,0,0,0,33,0
2-SAT,gpt-oss-20b (reason),OpenAI__openai__gpt-oss-20b__cnf_gpt_oss_20b_cases_prompt_interleave_zero_shot_desc_allN_3_5_8_10_15_20_25_30_40_50_60_thinking,N,5,0.0,0.9393939393939394,0.0,0.2727272727272727,0.9393939393939394,0.9393939393939394,0.0,0.0,0.27272727272727276,0.9393939393939394,0.9393939393939394,0.0,0.9393939393939394,0.2727272727272727,0.9393939393939394,0.27272727272727276,0.9393939393939394,0.007346189164370978,True,1.0,0.6666666666666666,1.0,1.0,1.0,1.0,1.0,1.0,1.0,1.0,1.0,0.0,0.3333333333333333,0.3333333333333333,0.3333333333333333,0.3333333333333333,0.3333333333333333,0.3333333333333333,0.3333333333333333,0.3333333333333333,0.3333333333333333,0.6666666666666666,1.0,1.0,1.0,1.0,1.0,1.0,1.0,1.0,1.0,0.8898071625344354,11,11,0.04958677685950413,0.8824609733700643,77,SAT_Group_Evaluation/open_source_LLM_2SAT/OpenAI/outputs/cnf_gpt_oss_20b_unsat_clause_subset_followup_allN_3_5_8_10_15_20_25_30_40_50_60_thinking/results_desc.jsonl,28,33,3,3,3,3,3,3,3,3,3,3,3,3,3,3,3,3,3,3,3,3,3,3,11,9,33,1.0,31,9,31,SAT_Group_Evaluation/analysis/open_source_LLM_2SAT_analysis/open_source_LLM_2SAT_group_adr_with_wilson_and_cp_RMC_rmc_paper_open_vendor_case_b.json,substantive repeated-success threshold,True,0,0,0,0,32,0
2-SAT,gpt-oss-20b (reason),OpenAI__openai__gpt-oss-20b__cnf_gpt_oss_20b_cases_prompt_interleave_zero_shot_desc_allN_3_5_8_10_15_20_25_30_40_50_60_thinking,N,5,0.25,0.9393939393939394,0.0,0.2727272727272727,0.9393939393939394,0.9393939393939394,0.0,0.0,0.27272727272727276,0.9393939393939394,0.9269972451790633,0.0018365472910926162,0.9251606978879707,0.22314049586776857,0.9251606978879707,0.2603305785123967,0.9269972451790633,0.007346189164370978,True,1.0,0.6666666666666666,1.0,1.0,1.0,1.0,1.0,1.0,1.0,1.0,1.0,0.0,0.3333333333333333,0.3333333333333333,0.3333333333333333,0.3333333333333333,0.3333333333333333,0.3333333333333333,0.3333333333333333,0.3333333333333333,0.3333333333333333,0.6666666666666666,1.0,1.0,1.0,1.0,1.0,1.0,1.0,1.0,1.0,0.8898071625344354,11,11,0.04958677685950413,0.8824609733700643,77,SAT_Group_Evaluation/open_source_LLM_2SAT/OpenAI/outputs/cnf_gpt_oss_20b_unsat_clause_subset_followup_allN_3_5_8_10_15_20_25_30_40_50_60_thinking/results_desc.jsonl,28,33,3,3,3,3,3,3,3,3,3,3,3,3,3,3,3,3,3,3,3,3,3,3,11,9,33,1.0,31,9,31,SAT_Group_Evaluation/analysis/open_source_LLM_2SAT_analysis/open_source_LLM_2SAT_group_adr_with_wilson_and_cp_RMC_rmc_paper_open_vendor_case_b.json,substantive repeated-success threshold,True,0,0,0,0,32,0
2-SAT,gpt-oss-20b (reason),OpenAI__openai__gpt-oss-20b__cnf_gpt_oss_20b_cases_prompt_interleave_zero_shot_desc_allN_3_5_8_10_15_20_25_30_40_50_60_thinking,N,5,0.5,0.9393939393939394,0.0,0.2727272727272727,0.9393939393939394,0.9393939393939394,0.0,0.0,0.27272727272727276,0.9393939393939394,0.9146005509641874,0.0036730945821854544,0.9109274563820019,0.17355371900826444,0.9109274563820019,0.2479338842975207,0.9146005509641874,0.007346189164370978,True,1.0,0.6666666666666666,1.0,1.0,1.0,1.0,1.0,1.0,1.0,1.0,1.0,0.0,0.3333333333333333,0.3333333333333333,0.3333333333333333,0.3333333333333333,0.3333333333333333,0.3333333333333333,0.3333333333333333,0.3333333333333333,0.3333333333333333,0.6666666666666666,1.0,1.0,1.0,1.0,1.0,1.0,1.0,1.0,1.0,0.8898071625344354,11,11,0.04958677685950413,0.8824609733700643,77,SAT_Group_Evaluation/open_source_LLM_2SAT/OpenAI/outputs/cnf_gpt_oss_20b_unsat_clause_subset_followup_allN_3_5_8_10_15_20_25_30_40_50_60_thinking/results_desc.jsonl,28,33,3,3,3,3,3,3,3,3,3,3,3,3,3,3,3,3,3,3,3,3,3,3,11,9,33,1.0,31,9,31,SAT_Group_Evaluation/analysis/open_source_LLM_2SAT_analysis/open_source_LLM_2SAT_group_adr_with_wilson_and_cp_RMC_rmc_paper_open_vendor_case_b.json,substantive repeated-success threshold,True,0,0,0,0,32,0
2-SAT,gpt-oss-20b (reason),OpenAI__openai__gpt-oss-20b__cnf_gpt_oss_20b_cases_prompt_interleave_zero_shot_desc_allN_3_5_8_10_15_20_25_30_40_50_60_thinking,N,5,0.75,0.9393939393939394,0.0,0.2727272727272727,0.9393939393939394,0.9393939393939394,0.0,0.0,0.27272727272727276,0.9393939393939394,0.9022038567493113,0.0055096418732780705,0.8966942148760332,0.1239669421487603,0.8966942148760332,0.23553719008264465,0.9022038567493113,0.007346189164370978,True,1.0,0.6666666666666666,1.0,1.0,1.0,1.0,1.0,1.0,1.0,1.0,1.0,0.0,0.3333333333333333,0.3333333333333333,0.3333333333333333,0.3333333333333333,0.3333333333333333,0.3333333333333333,0.3333333333333333,0.3333333333333333,0.3333333333333333,0.6666666666666666,1.0,1.0,1.0,1.0,1.0,1.0,1.0,1.0,1.0,0.8898071625344354,11,11,0.04958677685950413,0.8824609733700643,77,SAT_Group_Evaluation/open_source_LLM_2SAT/OpenAI/outputs/cnf_gpt_oss_20b_unsat_clause_subset_followup_allN_3_5_8_10_15_20_25_30_40_50_60_thinking/results_desc.jsonl,28,33,3,3,3,3,3,3,3,3,3,3,3,3,3,3,3,3,3,3,3,3,3,3,11,9,33,1.0,31,9,31,SAT_Group_Evaluation/analysis/open_source_LLM_2SAT_analysis/open_source_LLM_2SAT_group_adr_with_wilson_and_cp_RMC_rmc_paper_open_vendor_case_b.json,substantive repeated-success threshold,True,0,0,0,0,32,0
2-SAT,gpt-oss-20b (reason),OpenAI__openai__gpt-oss-20b__cnf_gpt_oss_20b_cases_prompt_interleave_zero_shot_desc_allN_3_5_8_10_15_20_25_30_40_50_60_thinking,N,5,1.0,0.9393939393939394,0.0,0.2727272727272727,0.9393939393939394,0.9393939393939394,0.0,0.0,0.27272727272727276,0.9393939393939394,0.8898071625344354,0.00734618916437102,0.8824609733700643,0.0743801652892562,0.8824609733700643,0.22314049586776863,0.8898071625344354,0.007346189164370978,True,1.0,0.6666666666666666,1.0,1.0,1.0,1.0,1.0,1.0,1.0,1.0,1.0,0.0,0.3333333333333333,0.3333333333333333,0.3333333333333333,0.3333333333333333,0.3333333333333333,0.3333333333333333,0.3333333333333333,0.3333333333333333,0.3333333333333333,0.6666666666666666,1.0,1.0,1.0,1.0,1.0,1.0,1.0,1.0,1.0,0.8898071625344354,11,11,0.04958677685950413,0.8824609733700643,77,SAT_Group_Evaluation/open_source_LLM_2SAT/OpenAI/outputs/cnf_gpt_oss_20b_unsat_clause_subset_followup_allN_3_5_8_10_15_20_25_30_40_50_60_thinking/results_desc.jsonl,28,33,3,3,3,3,3,3,3,3,3,3,3,3,3,3,3,3,3,3,3,3,3,3,11,9,33,1.0,31,9,31,SAT_Group_Evaluation/analysis/open_source_LLM_2SAT_analysis/open_source_LLM_2SAT_group_adr_with_wilson_and_cp_RMC_rmc_paper_open_vendor_case_b.json,substantive repeated-success threshold,True,0,0,0,0,32,0
2-SAT,gpt-oss-20b (reason),OpenAI__openai__gpt-oss-20b__cnf_gpt_oss_20b_cases_prompt_interleave_zero_shot_desc_allN_3_5_8_10_15_20_25_30_40_50_60_thinking,N,8,0.0,0.8484848484848485,0.030303030303030276,0.12121212121212122,0.8181818181818182,0.8484848484848485,0.0,0.030303030303030276,0.12121212121212122,0.8181818181818182,0.8484848484848485,0.0,0.8484848484848485,0.12121212121212122,0.8181818181818182,0.12121212121212122,0.8181818181818182,0.012855831037649217,True,1.0,0.3333333333333333,1.0,1.0,1.0,1.0,1.0,1.0,1.0,1.0,0.6666666666666666,0.0,0.3333333333333333,0.3333333333333333,0.3333333333333333,0.3333333333333333,0.0,0.0,0.0,0.0,0.0,0.3333333333333333,1.0,1.0,1.0,1.0,1.0,1.0,1.0,1.0,0.6666666666666666,0.7327823691460056,11,11,0.11570247933884296,0.7199265381083564,77,SAT_Group_Evaluation/open_source_LLM_2SAT/OpenAI/outputs/cnf_gpt_oss_20b_unsat_clause_subset_followup_allN_3_5_8_10_15_20_25_30_40_50_60_thinking/results_desc.jsonl,28,33,3,3,3,3,3,3,3,3,3,3,3,3,3,3,3,3,3,3,3,3,3,3,11,5,33,1.0,28,4,27,SAT_Group_Evaluation/analysis/open_source_LLM_2SAT_analysis/open_source_LLM_2SAT_group_adr_with_wilson_and_cp_RMC_rmc_paper_open_vendor_case_b.json,substantive repeated-success threshold,True,0,0,1,0,27,0
2-SAT,gpt-oss-20b (reason),OpenAI__openai__gpt-oss-20b__cnf_gpt_oss_20b_cases_prompt_interleave_zero_shot_desc_allN_3_5_8_10_15_20_25_30_40_50_60_thinking,N,8,0.25,0.8484848484848485,0.030303030303030276,0.12121212121212122,0.8181818181818182,0.8484848484848485,0.0,0.030303030303030276,0.12121212121212122,0.8181818181818182,0.8195592286501379,0.003213957759412356,0.8163452708907255,0.09458218549127641,0.7809917355371901,0.10192837465564737,0.7823691460055097,0.012855831037649217,True,1.0,0.3333333333333333,1.0,1.0,1.0,1.0,1.0,1.0,1.0,1.0,0.6666666666666666,0.0,0.3333333333333333,0.3333333333333333,0.3333333333333333,0.3333333333333333,0.0,0.0,0.0,0.0,0.0,0.3333333333333333,1.0,1.0,1.0,1.0,1.0,1.0,1.0,1.0,0.6666666666666666,0.7327823691460056,11,11,0.11570247933884296,0.7199265381083564,77,SAT_Group_Evaluation/open_source_LLM_2SAT/OpenAI/outputs/cnf_gpt_oss_20b_unsat_clause_subset_followup_allN_3_5_8_10_15_20_25_30_40_50_60_thinking/results_desc.jsonl,28,33,3,3,3,3,3,3,3,3,3,3,3,3,3,3,3,3,3,3,3,3,3,3,11,5,33,1.0,28,4,27,SAT_Group_Evaluation/analysis/open_source_LLM_2SAT_analysis/open_source_LLM_2SAT_group_adr_with_wilson_and_cp_RMC_rmc_paper_open_vendor_case_b.json,substantive repeated-success threshold,True,0,0,1,0,27,0
2-SAT,gpt-oss-20b (reason),OpenAI__openai__gpt-oss-20b__cnf_gpt_oss_20b_cases_prompt_interleave_zero_shot_desc_allN_3_5_8_10_15_20_25_30_40_50_60_thinking,N,8,0.5,0.8484848484848485,0.030303030303030276,0.12121212121212122,0.8181818181818182,0.8484848484848485,0.0,0.030303030303030276,0.12121212121212122,0.8181818181818182,0.7906336088154271,0.006427915518824712,0.7842056932966024,0.0679522497704316,0.7438016528925621,0.08264462809917356,0.7465564738292011,0.012855831037649217,True,1.0,0.3333333333333333,1.0,1.0,1.0,1.0,1.0,1.0,1.0,1.0,0.6666666666666666,0.0,0.3333333333333333,0.3333333333333333,0.3333333333333333,0.3333333333333333,0.0,0.0,0.0,0.0,0.0,0.3333333333333333,1.0,1.0,1.0,1.0,1.0,1.0,1.0,1.0,0.6666666666666666,0.7327823691460056,11,11,0.11570247933884296,0.7199265381083564,77,SAT_Group_Evaluation/open_source_LLM_2SAT/OpenAI/outputs/cnf_gpt_oss_20b_unsat_clause_subset_followup_allN_3_5_8_10_15_20_25_30_40_50_60_thinking/results_desc.jsonl,28,33,3,3,3,3,3,3,3,3,3,3,3,3,3,3,3,3,3,3,3,3,3,3,11,5,33,1.0,28,4,27,SAT_Group_Evaluation/analysis/open_source_LLM_2SAT_analysis/open_source_LLM_2SAT_group_adr_with_wilson_and_cp_RMC_rmc_paper_open_vendor_case_b.json,substantive repeated-success threshold,True,0,0,1,0,27,0
2-SAT,gpt-oss-20b (reason),OpenAI__openai__gpt-oss-20b__cnf_gpt_oss_20b_cases_prompt_interleave_zero_shot_desc_allN_3_5_8_10_15_20_25_30_40_50_60_thinking,N,8,0.75,0.8484848484848485,0.030303030303030276,0.12121212121212122,0.8181818181818182,0.8484848484848485,0.0,0.030303030303030276,0.12121212121212122,0.8181818181818182,0.7617079889807163,0.009641873278236957,0.7520661157024794,0.04132231404958678,0.706611570247934,0.06336088154269974,0.7107438016528925,0.012855831037649217,True,1.0,0.3333333333333333,1.0,1.0,1.0,1.0,1.0,1.0,1.0,1.0,0.6666666666666666,0.0,0.3333333333333333,0.3333333333333333,0.3333333333333333,0.3333333333333333,0.0,0.0,0.0,0.0,0.0,0.3333333333333333,1.0,1.0,1.0,1.0,1.0,1.0,1.0,1.0,0.6666666666666666,0.7327823691460056,11,11,0.11570247933884296,0.7199265381083564,77,SAT_Group_Evaluation/open_source_LLM_2SAT/OpenAI/outputs/cnf_gpt_oss_20b_unsat_clause_subset_followup_allN_3_5_8_10_15_20_25_30_40_50_60_thinking/results_desc.jsonl,28,33,3,3,3,3,3,3,3,3,3,3,3,3,3,3,3,3,3,3,3,3,3,3,11,5,33,1.0,28,4,27,SAT_Group_Evaluation/analysis/open_source_LLM_2SAT_analysis/open_source_LLM_2SAT_group_adr_with_wilson_and_cp_RMC_rmc_paper_open_vendor_case_b.json,substantive repeated-success threshold,True,0,0,1,0,27,0
2-SAT,gpt-oss-20b (reason),OpenAI__openai__gpt-oss-20b__cnf_gpt_oss_20b_cases_prompt_interleave_zero_shot_desc_allN_3_5_8_10_15_20_25_30_40_50_60_thinking,N,8,1.0,0.8484848484848485,0.030303030303030276,0.12121212121212122,0.8181818181818182,0.8484848484848485,0.0,0.030303030303030276,0.12121212121212122,0.8181818181818182,0.7327823691460056,0.012855831037649201,0.7199265381083564,0.01469237832874197,0.6694214876033059,0.0440771349862259,0.6749311294765841,0.012855831037649217,True,1.0,0.3333333333333333,1.0,1.0,1.0,1.0,1.0,1.0,1.0,1.0,0.6666666666666666,0.0,0.3333333333333333,0.3333333333333333,0.3333333333333333,0.3333333333333333,0.0,0.0,0.0,0.0,0.0,0.3333333333333333,1.0,1.0,1.0,1.0,1.0,1.0,1.0,1.0,0.6666666666666666,0.7327823691460056,11,11,0.11570247933884296,0.7199265381083564,77,SAT_Group_Evaluation/open_source_LLM_2SAT/OpenAI/outputs/cnf_gpt_oss_20b_unsat_clause_subset_followup_allN_3_5_8_10_15_20_25_30_40_50_60_thinking/results_desc.jsonl,28,33,3,3,3,3,3,3,3,3,3,3,3,3,3,3,3,3,3,3,3,3,3,3,11,5,33,1.0,28,4,27,SAT_Group_Evaluation/analysis/open_source_LLM_2SAT_analysis/open_source_LLM_2SAT_group_adr_with_wilson_and_cp_RMC_rmc_paper_open_vendor_case_b.json,substantive repeated-success threshold,True,0,0,1,0,27,0
2-SAT,gpt-oss-20b (reason),OpenAI__openai__gpt-oss-20b__cnf_gpt_oss_20b_cases_prompt_interleave_zero_shot_desc_allN_3_5_8_10_15_20_25_30_40_50_60_thinking,N,10,0.0,0.8181818181818182,0.06060606060606066,0.06060606060606061,0.7575757575757576,0.8181818181818182,0.0,0.060606060606060774,0.06060606060606061,0.7575757575757575,0.8181818181818182,0.0,0.8181818181818182,0.06060606060606061,0.7575757575757576,0.06060606060606061,0.7575757575757575,0.016528925619834708,True,1.0,0.3333333333333333,1.0,1.0,1.0,1.0,1.0,1.0,1.0,1.0,0.3333333333333333,0.0,0.3333333333333333,0.3333333333333333,0.0,0.0,0.0,0.0,0.0,0.0,0.0,0.3333333333333333,1.0,1.0,1.0,1.0,1.0,1.0,1.0,0.6666666666666666,0.3333333333333333,0.6859504132231405,11,11,0.13223140495867766,0.6694214876033059,77,SAT_Group_Evaluation/open_source_LLM_2SAT/OpenAI/outputs/cnf_gpt_oss_20b_unsat_clause_subset_followup_allN_3_5_8_10_15_20_25_30_40_50_60_thinking/results_desc.jsonl,28,33,3,3,3,3,3,3,3,3,3,3,3,3,3,3,3,3,3,3,3,3,3,3,8,3,33,1.0,27,2,25,SAT_Group_Evaluation/analysis/open_source_LLM_2SAT_analysis/open_source_LLM_2SAT_group_adr_with_wilson_and_cp_RMC_rmc_paper_open_vendor_case_b.json,substantive repeated-success threshold,True,0,0,2,0,28,0
2-SAT,gpt-oss-20b (reason),OpenAI__openai__gpt-oss-20b__cnf_gpt_oss_20b_cases_prompt_interleave_zero_shot_desc_allN_3_5_8_10_15_20_25_30_40_50_60_thinking,N,10,0.25,0.8181818181818182,0.06060606060606066,0.06060606060606061,0.7575757575757576,0.8181818181818182,0.0,0.060606060606060774,0.06060606060606061,0.7575757575757575,0.7851239669421487,0.004132231404958553,0.7809917355371901,0.046372819100091826,0.711662075298439,0.04820936639118458,0.7148760330578513,0.016528925619834708,True,1.0,0.3333333333333333,1.0,1.0,1.0,1.0,1.0,1.0,1.0,1.0,0.3333333333333333,0.0,0.3333333333333333,0.3333333333333333,0.0,0.0,0.0,0.0,0.0,0.0,0.0,0.3333333333333333,1.0,1.0,1.0,1.0,1.0,1.0,1.0,0.6666666666666666,0.3333333333333333,0.6859504132231405,11,11,0.13223140495867766,0.6694214876033059,77,SAT_Group_Evaluation/open_source_LLM_2SAT/OpenAI/outputs/cnf_gpt_oss_20b_unsat_clause_subset_followup_allN_3_5_8_10_15_20_25_30_40_50_60_thinking/results_desc.jsonl,28,33,3,3,3,3,3,3,3,3,3,3,3,3,3,3,3,3,3,3,3,3,3,3,8,3,33,1.0,27,2,25,SAT_Group_Evaluation/analysis/open_source_LLM_2SAT_analysis/open_source_LLM_2SAT_group_adr_with_wilson_and_cp_RMC_rmc_paper_open_vendor_case_b.json,substantive repeated-success threshold,True,0,0,2,0,28,0
2-SAT,gpt-oss-20b (reason),OpenAI__openai__gpt-oss-20b__cnf_gpt_oss_20b_cases_prompt_interleave_zero_shot_desc_allN_3_5_8_10_15_20_25_30_40_50_60_thinking,N,10,0.5,0.8181818181818182,0.06060606060606066,0.06060606060606061,0.7575757575757576,0.8181818181818182,0.0,0.060606060606060774,0.06060606060606061,0.7575757575757575,0.7520661157024794,0.008264462809917328,0.7438016528925621,0.032139577594123045,0.6657483930211203,0.03581267217630854,0.6721763085399449,0.016528925619834708,True,1.0,0.3333333333333333,1.0,1.0,1.0,1.0,1.0,1.0,1.0,1.0,0.3333333333333333,0.0,0.3333333333333333,0.3333333333333333,0.0,0.0,0.0,0.0,0.0,0.0,0.0,0.3333333333333333,1.0,1.0,1.0,1.0,1.0,1.0,1.0,0.6666666666666666,0.3333333333333333,0.6859504132231405,11,11,0.13223140495867766,0.6694214876033059,77,SAT_Group_Evaluation/open_source_LLM_2SAT/OpenAI/outputs/cnf_gpt_oss_20b_unsat_clause_subset_followup_allN_3_5_8_10_15_20_25_30_40_50_60_thinking/results_desc.jsonl,28,33,3,3,3,3,3,3,3,3,3,3,3,3,3,3,3,3,3,3,3,3,3,3,8,3,33,1.0,27,2,25,SAT_Group_Evaluation/analysis/open_source_LLM_2SAT_analysis/open_source_LLM_2SAT_group_adr_with_wilson_and_cp_RMC_rmc_paper_open_vendor_case_b.json,substantive repeated-success threshold,True,0,0,2,0,28,0
2-SAT,gpt-oss-20b (reason),OpenAI__openai__gpt-oss-20b__cnf_gpt_oss_20b_cases_prompt_interleave_zero_shot_desc_allN_3_5_8_10_15_20_25_30_40_50_60_thinking,N,10,0.75,0.8181818181818182,0.06060606060606066,0.06060606060606061,0.7575757575757576,0.8181818181818182,0.0,0.060606060606060774,0.06060606060606061,0.7575757575757575,0.71900826446281,0.012396694214875992,0.706611570247934,0.01790633608815427,0.6198347107438017,0.02341597796143251,0.6294765840220385,0.016528925619834708,True,1.0,0.3333333333333333,1.0,1.0,1.0,1.0,1.0,1.0,1.0,1.0,0.3333333333333333,0.0,0.3333333333333333,0.3333333333333333,0.0,0.0,0.0,0.0,0.0,0.0,0.0,0.3333333333333333,1.0,1.0,1.0,1.0,1.0,1.0,1.0,0.6666666666666666,0.3333333333333333,0.6859504132231405,11,11,0.13223140495867766,0.6694214876033059,77,SAT_Group_Evaluation/open_source_LLM_2SAT/OpenAI/outputs/cnf_gpt_oss_20b_unsat_clause_subset_followup_allN_3_5_8_10_15_20_25_30_40_50_60_thinking/results_desc.jsonl,28,33,3,3,3,3,3,3,3,3,3,3,3,3,3,3,3,3,3,3,3,3,3,3,8,3,33,1.0,27,2,25,SAT_Group_Evaluation/analysis/open_source_LLM_2SAT_analysis/open_source_LLM_2SAT_group_adr_with_wilson_and_cp_RMC_rmc_paper_open_vendor_case_b.json,substantive repeated-success threshold,True,0,0,2,0,28,0
2-SAT,gpt-oss-20b (reason),OpenAI__openai__gpt-oss-20b__cnf_gpt_oss_20b_cases_prompt_interleave_zero_shot_desc_allN_3_5_8_10_15_20_25_30_40_50_60_thinking,N,10,1.0,0.8181818181818182,0.06060606060606066,0.06060606060606061,0.7575757575757576,0.8181818181818182,0.0,0.060606060606060774,0.06060606060606061,0.7575757575757575,0.6859504132231405,0.016528925619834656,0.6694214876033059,0.003673094582185489,0.573921028466483,0.011019283746556474,0.5867768595041322,0.016528925619834708,True,1.0,0.3333333333333333,1.0,1.0,1.0,1.0,1.0,1.0,1.0,1.0,0.3333333333333333,0.0,0.3333333333333333,0.3333333333333333,0.0,0.0,0.0,0.0,0.0,0.0,0.0,0.3333333333333333,1.0,1.0,1.0,1.0,1.0,1.0,1.0,0.6666666666666666,0.3333333333333333,0.6859504132231405,11,11,0.13223140495867766,0.6694214876033059,77,SAT_Group_Evaluation/open_source_LLM_2SAT/OpenAI/outputs/cnf_gpt_oss_20b_unsat_clause_subset_followup_allN_3_5_8_10_15_20_25_30_40_50_60_thinking/results_desc.jsonl,28,33,3,3,3,3,3,3,3,3,3,3,3,3,3,3,3,3,3,3,3,3,3,3,8,3,33,1.0,27,2,25,SAT_Group_Evaluation/analysis/open_source_LLM_2SAT_analysis/open_source_LLM_2SAT_group_adr_with_wilson_and_cp_RMC_rmc_paper_open_vendor_case_b.json,substantive repeated-success threshold,True,0,0,2,0,28,0
2-SAT,gpt-oss-20b (reason),OpenAI__openai__gpt-oss-20b__cnf_gpt_oss_20b_cases_prompt_interleave_zero_shot_desc_allN_3_5_8_10_15_20_25_30_40_50_60_thinking,N,15,0.0,0.696969696969697,0.06060606060606066,0.0,0.6363636363636364,0.6969696969696969,-1.1102230246251565e-16,0.06060606060606055,0.0,0.6363636363636364,0.6969696969696969,-1.1102230246251565e-16,0.696969696969697,0.0,0.6363636363636364,0.0,0.6363636363636364,0.05142332415059688,True,1.0,0.3333333333333333,1.0,1.0,1.0,1.0,1.0,0.6666666666666666,0.6666666666666666,0.3333333333333333,0.3333333333333333,0.0,0.0,0.0,0.0,0.0,0.0,0.0,0.0,0.0,0.0,0.3333333333333333,1.0,1.0,1.0,1.0,1.0,0.6666666666666666,0.3333333333333333,0.3333333333333333,0.3333333333333333,0.5371900826446281,11,11,0.15977961432506885,0.4857667584940313,77,SAT_Group_Evaluation/open_source_LLM_2SAT/OpenAI/outputs/cnf_gpt_oss_20b_unsat_clause_subset_followup_allN_3_5_8_10_15_20_25_30_40_50_60_thinking/results_desc.jsonl,28,33,3,3,3,3,3,3,3,3,3,3,3,3,3,3,3,3,3,3,3,3,3,3,9,2,33,1.0,23,0,21,SAT_Group_Evaluation/analysis/open_source_LLM_2SAT_analysis/open_source_LLM_2SAT_group_adr_with_wilson_and_cp_RMC_rmc_paper_open_vendor_case_b.json,substantive repeated-success threshold,True,0,0,2,0,23,0
2-SAT,gpt-oss-20b (reason),OpenAI__openai__gpt-oss-20b__cnf_gpt_oss_20b_cases_prompt_interleave_zero_shot_desc_allN_3_5_8_10_15_20_25_30_40_50_60_thinking,N,15,0.25,0.696969696969697,0.06060606060606066,0.0,0.6363636363636364,0.6969696969696969,-1.1102230246251565e-16,0.06060606060606055,0.0,0.6363636363636364,0.6570247933884298,0.012855831037649201,0.6441689623507806,0.0,0.5785123966942148,0.0,0.5881542699724517,0.05142332415059688,True,1.0,0.3333333333333333,1.0,1.0,1.0,1.0,1.0,0.6666666666666666,0.6666666666666666,0.3333333333333333,0.3333333333333333,0.0,0.0,0.0,0.0,0.0,0.0,0.0,0.0,0.0,0.0,0.3333333333333333,1.0,1.0,1.0,1.0,1.0,0.6666666666666666,0.3333333333333333,0.3333333333333333,0.3333333333333333,0.5371900826446281,11,11,0.15977961432506885,0.4857667584940313,77,SAT_Group_Evaluation/open_source_LLM_2SAT/OpenAI/outputs/cnf_gpt_oss_20b_unsat_clause_subset_followup_allN_3_5_8_10_15_20_25_30_40_50_60_thinking/results_desc.jsonl,28,33,3,3,3,3,3,3,3,3,3,3,3,3,3,3,3,3,3,3,3,3,3,3,9,2,33,1.0,23,0,21,SAT_Group_Evaluation/analysis/open_source_LLM_2SAT_analysis/open_source_LLM_2SAT_group_adr_with_wilson_and_cp_RMC_rmc_paper_open_vendor_case_b.json,substantive repeated-success threshold,True,0,0,2,0,23,0
2-SAT,gpt-oss-20b (reason),OpenAI__openai__gpt-oss-20b__cnf_gpt_oss_20b_cases_prompt_interleave_zero_shot_desc_allN_3_5_8_10_15_20_25_30_40_50_60_thinking,N,15,0.5,0.696969696969697,0.06060606060606066,0.0,0.6363636363636364,0.6969696969696969,-1.1102230246251565e-16,0.06060606060606055,0.0,0.6363636363636364,0.6170798898071626,0.025711662075298403,0.5913682277318641,0.0,0.5206611570247934,0.0,0.5399449035812672,0.05142332415059688,True,1.0,0.3333333333333333,1.0,1.0,1.0,1.0,1.0,0.6666666666666666,0.6666666666666666,0.3333333333333333,0.3333333333333333,0.0,0.0,0.0,0.0,0.0,0.0,0.0,0.0,0.0,0.0,0.3333333333333333,1.0,1.0,1.0,1.0,1.0,0.6666666666666666,0.3333333333333333,0.3333333333333333,0.3333333333333333,0.5371900826446281,11,11,0.15977961432506885,0.4857667584940313,77,SAT_Group_Evaluation/open_source_LLM_2SAT/OpenAI/outputs/cnf_gpt_oss_20b_unsat_clause_subset_followup_allN_3_5_8_10_15_20_25_30_40_50_60_thinking/results_desc.jsonl,28,33,3,3,3,3,3,3,3,3,3,3,3,3,3,3,3,3,3,3,3,3,3,3,9,2,33,1.0,23,0,21,SAT_Group_Evaluation/analysis/open_source_LLM_2SAT_analysis/open_source_LLM_2SAT_group_adr_with_wilson_and_cp_RMC_rmc_paper_open_vendor_case_b.json,substantive repeated-success threshold,True,0,0,2,0,23,0
2-SAT,gpt-oss-20b (reason),OpenAI__openai__gpt-oss-20b__cnf_gpt_oss_20b_cases_prompt_interleave_zero_shot_desc_allN_3_5_8_10_15_20_25_30_40_50_60_thinking,N,15,0.75,0.696969696969697,0.06060606060606066,0.0,0.6363636363636364,0.6969696969696969,-1.1102230246251565e-16,0.06060606060606055,0.0,0.6363636363636364,0.5771349862258953,0.038567493112947604,0.5385674931129477,0.0,0.4628099173553719,0.0,0.4917355371900826,0.05142332415059688,True,1.0,0.3333333333333333,1.0,1.0,1.0,1.0,1.0,0.6666666666666666,0.6666666666666666,0.3333333333333333,0.3333333333333333,0.0,0.0,0.0,0.0,0.0,0.0,0.0,0.0,0.0,0.0,0.3333333333333333,1.0,1.0,1.0,1.0,1.0,0.6666666666666666,0.3333333333333333,0.3333333333333333,0.3333333333333333,0.5371900826446281,11,11,0.15977961432506885,0.4857667584940313,77,SAT_Group_Evaluation/open_source_LLM_2SAT/OpenAI/outputs/cnf_gpt_oss_20b_unsat_clause_subset_followup_allN_3_5_8_10_15_20_25_30_40_50_60_thinking/results_desc.jsonl,28,33,3,3,3,3,3,3,3,3,3,3,3,3,3,3,3,3,3,3,3,3,3,3,9,2,33,1.0,23,0,21,SAT_Group_Evaluation/analysis/open_source_LLM_2SAT_analysis/open_source_LLM_2SAT_group_adr_with_wilson_and_cp_RMC_rmc_paper_open_vendor_case_b.json,substantive repeated-success threshold,True,0,0,2,0,23,0
2-SAT,gpt-oss-20b (reason),OpenAI__openai__gpt-oss-20b__cnf_gpt_oss_20b_cases_prompt_interleave_zero_shot_desc_allN_3_5_8_10_15_20_25_30_40_50_60_thinking,N,15,1.0,0.696969696969697,0.06060606060606066,0.0,0.6363636363636364,0.6969696969696969,-1.1102230246251565e-16,0.06060606060606055,0.0,0.6363636363636364,0.5371900826446281,0.051423324150596805,0.4857667584940313,0.0,0.4049586776859504,0.0,0.443526170798898,0.05142332415059688,True,1.0,0.3333333333333333,1.0,1.0,1.0,1.0,1.0,0.6666666666666666,0.6666666666666666,0.3333333333333333,0.3333333333333333,0.0,0.0,0.0,0.0,0.0,0.0,0.0,0.0,0.0,0.0,0.3333333333333333,1.0,1.0,1.0,1.0,1.0,0.6666666666666666,0.3333333333333333,0.3333333333333333,0.3333333333333333,0.5371900826446281,11,11,0.15977961432506885,0.4857667584940313,77,SAT_Group_Evaluation/open_source_LLM_2SAT/OpenAI/outputs/cnf_gpt_oss_20b_unsat_clause_subset_followup_allN_3_5_8_10_15_20_25_30_40_50_60_thinking/results_desc.jsonl,28,33,3,3,3,3,3,3,3,3,3,3,3,3,3,3,3,3,3,3,3,3,3,3,9,2,33,1.0,23,0,21,SAT_Group_Evaluation/analysis/open_source_LLM_2SAT_analysis/open_source_LLM_2SAT_group_adr_with_wilson_and_cp_RMC_rmc_paper_open_vendor_case_b.json,substantive repeated-success threshold,True,0,0,2,0,23,0
2-SAT,gpt-oss-20b (reason),OpenAI__openai__gpt-oss-20b__cnf_gpt_oss_20b_cases_prompt_interleave_zero_shot_desc_allN_3_5_8_10_15_20_25_30_40_50_60_thinking,N,20,0.0,0.5151515151515151,0.09090909090909088,0.0,0.42424242424242425,0.5151515151515151,0.0,0.09090909090909088,0.0,0.42424242424242425,0.5151515151515151,0.0,0.5151515151515151,0.0,0.42424242424242425,0.0,0.42424242424242425,0.0018365472910927445,True,1.0,0.0,1.0,1.0,1.0,1.0,1.0,0.6666666666666666,0.0,0.0,0.0,0.0,0.0,0.0,0.0,0.0,0.0,0.0,0.0,0.0,0.0,0.0,1.0,1.0,1.0,1.0,0.6666666666666666,0.0,0.0,0.0,0.0,0.26721763085399447,11,11,0.24793388429752064,0.26538108356290174,77,SAT_Group_Evaluation/open_source_LLM_2SAT/OpenAI/outputs/cnf_gpt_oss_20b_unsat_clause_subset_followup_allN_3_5_8_10_15_20_25_30_40_50_60_thinking/results_desc.jsonl,28,33,3,3,3,3,3,3,3,3,3,3,3,3,3,3,3,3,3,3,3,3,3,3,9,0,33,1.0,17,0,14,SAT_Group_Evaluation/analysis/open_source_LLM_2SAT_analysis/open_source_LLM_2SAT_group_adr_with_wilson_and_cp_RMC_rmc_paper_open_vendor_case_b.json,substantive repeated-success threshold,True,0,0,1,0,15,2
2-SAT,gpt-oss-20b (reason),OpenAI__openai__gpt-oss-20b__cnf_gpt_oss_20b_cases_prompt_interleave_zero_shot_desc_allN_3_5_8_10_15_20_25_30_40_50_60_thinking,N,20,0.25,0.5151515151515151,0.09090909090909088,0.0,0.42424242424242425,0.5151515151515151,0.0,0.09090909090909088,0.0,0.42424242424242425,0.4531680440771349,0.00045913682277309853,0.4527089072543618,0.0,0.36317722681359044,0.0,0.3636363636363636,0.0018365472910927445,True,1.0,0.0,1.0,1.0,1.0,1.0,1.0,0.6666666666666666,0.0,0.0,0.0,0.0,0.0,0.0,0.0,0.0,0.0,0.0,0.0,0.0,0.0,0.0,1.0,1.0,1.0,1.0,0.6666666666666666,0.0,0.0,0.0,0.0,0.26721763085399447,11,11,0.24793388429752064,0.26538108356290174,77,SAT_Group_Evaluation/open_source_LLM_2SAT/OpenAI/outputs/cnf_gpt_oss_20b_unsat_clause_subset_followup_allN_3_5_8_10_15_20_25_30_40_50_60_thinking/results_desc.jsonl,28,33,3,3,3,3,3,3,3,3,3,3,3,3,3,3,3,3,3,3,3,3,3,3,9,0,33,1.0,17,0,14,SAT_Group_Evaluation/analysis/open_source_LLM_2SAT_analysis/open_source_LLM_2SAT_group_adr_with_wilson_and_cp_RMC_rmc_paper_open_vendor_case_b.json,substantive repeated-success threshold,True,0,0,1,0,15,2
2-SAT,gpt-oss-20b (reason),OpenAI__openai__gpt-oss-20b__cnf_gpt_oss_20b_cases_prompt_interleave_zero_shot_desc_allN_3_5_8_10_15_20_25_30_40_50_60_thinking,N,20,0.5,0.5151515151515151,0.09090909090909088,0.0,0.42424242424242425,0.5151515151515151,0.0,0.09090909090909088,0.0,0.42424242424242425,0.3911845730027548,0.0009182736455463081,0.39026629935720847,0.0,0.3021120293847567,0.0,0.30303030303030304,0.0018365472910927445,True,1.0,0.0,1.0,1.0,1.0,1.0,1.0,0.6666666666666666,0.0,0.0,0.0,0.0,0.0,0.0,0.0,0.0,0.0,0.0,0.0,0.0,0.0,0.0,1.0,1.0,1.0,1.0,0.6666666666666666,0.0,0.0,0.0,0.0,0.26721763085399447,11,11,0.24793388429752064,0.26538108356290174,77,SAT_Group_Evaluation/open_source_LLM_2SAT/OpenAI/outputs/cnf_gpt_oss_20b_unsat_clause_subset_followup_allN_3_5_8_10_15_20_25_30_40_50_60_thinking/results_desc.jsonl,28,33,3,3,3,3,3,3,3,3,3,3,3,3,3,3,3,3,3,3,3,3,3,3,9,0,33,1.0,17,0,14,SAT_Group_Evaluation/analysis/open_source_LLM_2SAT_analysis/open_source_LLM_2SAT_group_adr_with_wilson_and_cp_RMC_rmc_paper_open_vendor_case_b.json,substantive repeated-success threshold,True,0,0,1,0,15,2
2-SAT,gpt-oss-20b (reason),OpenAI__openai__gpt-oss-20b__cnf_gpt_oss_20b_cases_prompt_interleave_zero_shot_desc_allN_3_5_8_10_15_20_25_30_40_50_60_thinking,N,20,0.75,0.5151515151515151,0.09090909090909088,0.0,0.42424242424242425,0.5151515151515151,0.0,0.09090909090909088,0.0,0.42424242424242425,0.32920110192837465,0.0013774104683195731,0.3278236914600551,0.0,0.2410468319559229,0.0,0.24242424242424243,0.0018365472910927445,True,1.0,0.0,1.0,1.0,1.0,1.0,1.0,0.6666666666666666,0.0,0.0,0.0,0.0,0.0,0.0,0.0,0.0,0.0,0.0,0.0,0.0,0.0,0.0,1.0,1.0,1.0,1.0,0.6666666666666666,0.0,0.0,0.0,0.0,0.26721763085399447,11,11,0.24793388429752064,0.26538108356290174,77,SAT_Group_Evaluation/open_source_LLM_2SAT/OpenAI/outputs/cnf_gpt_oss_20b_unsat_clause_subset_followup_allN_3_5_8_10_15_20_25_30_40_50_60_thinking/results_desc.jsonl,28,33,3,3,3,3,3,3,3,3,3,3,3,3,3,3,3,3,3,3,3,3,3,3,9,0,33,1.0,17,0,14,SAT_Group_Evaluation/analysis/open_source_LLM_2SAT_analysis/open_source_LLM_2SAT_group_adr_with_wilson_and_cp_RMC_rmc_paper_open_vendor_case_b.json,substantive repeated-success threshold,True,0,0,1,0,15,2
2-SAT,gpt-oss-20b (reason),OpenAI__openai__gpt-oss-20b__cnf_gpt_oss_20b_cases_prompt_interleave_zero_shot_desc_allN_3_5_8_10_15_20_25_30_40_50_60_thinking,N,20,1.0,0.5151515151515151,0.09090909090909088,0.0,0.42424242424242425,0.5151515151515151,0.0,0.09090909090909088,0.0,0.42424242424242425,0.26721763085399447,0.0018365472910927272,0.26538108356290174,0.0,0.1799816345270891,0.0,0.1818181818181818,0.0018365472910927445,True,1.0,0.0,1.0,1.0,1.0,1.0,1.0,0.6666666666666666,0.0,0.0,0.0,0.0,0.0,0.0,0.0,0.0,0.0,0.0,0.0,0.0,0.0,0.0,1.0,1.0,1.0,1.0,0.6666666666666666,0.0,0.0,0.0,0.0,0.26721763085399447,11,11,0.24793388429752064,0.26538108356290174,77,SAT_Group_Evaluation/open_source_LLM_2SAT/OpenAI/outputs/cnf_gpt_oss_20b_unsat_clause_subset_followup_allN_3_5_8_10_15_20_25_30_40_50_60_thinking/results_desc.jsonl,28,33,3,3,3,3,3,3,3,3,3,3,3,3,3,3,3,3,3,3,3,3,3,3,9,0,33,1.0,17,0,14,SAT_Group_Evaluation/analysis/open_source_LLM_2SAT_analysis/open_source_LLM_2SAT_group_adr_with_wilson_and_cp_RMC_rmc_paper_open_vendor_case_b.json,substantive repeated-success threshold,True,0,0,1,0,15,2
2-SAT,gpt-oss-20b (reason),OpenAI__openai__gpt-oss-20b__cnf_gpt_oss_20b_cases_prompt_interleave_zero_shot_desc_allN_3_5_8_10_15_20_25_30_40_50_60_thinking,N,25,0.0,0.36363636363636365,0.12121212121212122,0.0,0.24242424242424243,0.3636363636363636,-5.551115123125783e-17,0.12121212121212116,0.0,0.24242424242424243,0.3636363636363636,-5.551115123125783e-17,0.36363636363636365,0.0,0.24242424242424243,0.0,0.24242424242424243,0.049586776859504134,True,1.0,0.0,1.0,0.6666666666666666,0.6666666666666666,0.6666666666666666,0.3333333333333333,0.3333333333333333,0.3333333333333333,0.0,0.0,0.0,0.0,0.0,0.0,0.0,0.0,0.0,0.0,0.0,0.0,0.0,1.0,0.6666666666666666,0.6666666666666666,0.3333333333333333,0.0,0.0,0.0,0.0,0.0,0.1818181818181818,11,11,0.1818181818181818,0.1322314049586777,77,SAT_Group_Evaluation/open_source_LLM_2SAT/OpenAI/outputs/cnf_gpt_oss_20b_unsat_clause_subset_followup_allN_3_5_8_10_15_20_25_30_40_50_60_thinking/results_desc.jsonl,28,33,3,3,3,3,3,3,3,3,3,3,3,3,3,3,3,3,3,3,3,3,3,3,3,0,33,1.0,12,0,8,SAT_Group_Evaluation/analysis/open_source_LLM_2SAT_analysis/open_source_LLM_2SAT_group_adr_with_wilson_and_cp_RMC_rmc_paper_open_vendor_case_b.json,substantive repeated-success threshold,True,0,0,3,0,11,3
2-SAT,gpt-oss-20b (reason),OpenAI__openai__gpt-oss-20b__cnf_gpt_oss_20b_cases_prompt_interleave_zero_shot_desc_allN_3_5_8_10_15_20_25_30_40_50_60_thinking,N,25,0.25,0.36363636363636365,0.12121212121212122,0.0,0.24242424242424243,0.3636363636363636,-5.551115123125783e-17,0.12121212121212116,0.0,0.24242424242424243,0.3181818181818182,0.012396694214876047,0.30578512396694213,0.0,0.19651056014692378,0.0,0.19972451790633608,0.049586776859504134,True,1.0,0.0,1.0,0.6666666666666666,0.6666666666666666,0.6666666666666666,0.3333333333333333,0.3333333333333333,0.3333333333333333,0.0,0.0,0.0,0.0,0.0,0.0,0.0,0.0,0.0,0.0,0.0,0.0,0.0,1.0,0.6666666666666666,0.6666666666666666,0.3333333333333333,0.0,0.0,0.0,0.0,0.0,0.1818181818181818,11,11,0.1818181818181818,0.1322314049586777,77,SAT_Group_Evaluation/open_source_LLM_2SAT/OpenAI/outputs/cnf_gpt_oss_20b_unsat_clause_subset_followup_allN_3_5_8_10_15_20_25_30_40_50_60_thinking/results_desc.jsonl,28,33,3,3,3,3,3,3,3,3,3,3,3,3,3,3,3,3,3,3,3,3,3,3,3,0,33,1.0,12,0,8,SAT_Group_Evaluation/analysis/open_source_LLM_2SAT_analysis/open_source_LLM_2SAT_group_adr_with_wilson_and_cp_RMC_rmc_paper_open_vendor_case_b.json,substantive repeated-success threshold,True,0,0,3,0,11,3
2-SAT,gpt-oss-20b (reason),OpenAI__openai__gpt-oss-20b__cnf_gpt_oss_20b_cases_prompt_interleave_zero_shot_desc_allN_3_5_8_10_15_20_25_30_40_50_60_thinking,N,25,0.5,0.36363636363636365,0.12121212121212122,0.0,0.24242424242424243,0.3636363636363636,-5.551115123125783e-17,0.12121212121212116,0.0,0.24242424242424243,0.27272727272727276,0.024793388429752095,0.24793388429752067,0.0,0.15059687786960513,0.0,0.15702479338842976,0.049586776859504134,True,1.0,0.0,1.0,0.6666666666666666,0.6666666666666666,0.6666666666666666,0.3333333333333333,0.3333333333333333,0.3333333333333333,0.0,0.0,0.0,0.0,0.0,0.0,0.0,0.0,0.0,0.0,0.0,0.0,0.0,1.0,0.6666666666666666,0.6666666666666666,0.3333333333333333,0.0,0.0,0.0,0.0,0.0,0.1818181818181818,11,11,0.1818181818181818,0.1322314049586777,77,SAT_Group_Evaluation/open_source_LLM_2SAT/OpenAI/outputs/cnf_gpt_oss_20b_unsat_clause_subset_followup_allN_3_5_8_10_15_20_25_30_40_50_60_thinking/results_desc.jsonl,28,33,3,3,3,3,3,3,3,3,3,3,3,3,3,3,3,3,3,3,3,3,3,3,3,0,33,1.0,12,0,8,SAT_Group_Evaluation/analysis/open_source_LLM_2SAT_analysis/open_source_LLM_2SAT_group_adr_with_wilson_and_cp_RMC_rmc_paper_open_vendor_case_b.json,substantive repeated-success threshold,True,0,0,3,0,11,3
2-SAT,gpt-oss-20b (reason),OpenAI__openai__gpt-oss-20b__cnf_gpt_oss_20b_cases_prompt_interleave_zero_shot_desc_allN_3_5_8_10_15_20_25_30_40_50_60_thinking,N,25,0.75,0.36363636363636365,0.12121212121212122,0.0,0.24242424242424243,0.3636363636363636,-5.551115123125783e-17,0.12121212121212116,0.0,0.24242424242424243,0.2272727272727273,0.037190082644628086,0.1900826446280992,0.0,0.1046831955922865,0.0,0.11432506887052342,0.049586776859504134,True,1.0,0.0,1.0,0.6666666666666666,0.6666666666666666,0.6666666666666666,0.3333333333333333,0.3333333333333333,0.3333333333333333,0.0,0.0,0.0,0.0,0.0,0.0,0.0,0.0,0.0,0.0,0.0,0.0,0.0,1.0,0.6666666666666666,0.6666666666666666,0.3333333333333333,0.0,0.0,0.0,0.0,0.0,0.1818181818181818,11,11,0.1818181818181818,0.1322314049586777,77,SAT_Group_Evaluation/open_source_LLM_2SAT/OpenAI/outputs/cnf_gpt_oss_20b_unsat_clause_subset_followup_allN_3_5_8_10_15_20_25_30_40_50_60_thinking/results_desc.jsonl,28,33,3,3,3,3,3,3,3,3,3,3,3,3,3,3,3,3,3,3,3,3,3,3,3,0,33,1.0,12,0,8,SAT_Group_Evaluation/analysis/open_source_LLM_2SAT_analysis/open_source_LLM_2SAT_group_adr_with_wilson_and_cp_RMC_rmc_paper_open_vendor_case_b.json,substantive repeated-success threshold,True,0,0,3,0,11,3
2-SAT,gpt-oss-20b (reason),OpenAI__openai__gpt-oss-20b__cnf_gpt_oss_20b_cases_prompt_interleave_zero_shot_desc_allN_3_5_8_10_15_20_25_30_40_50_60_thinking,N,25,1.0,0.36363636363636365,0.12121212121212122,0.0,0.24242424242424243,0.3636363636363636,-5.551115123125783e-17,0.12121212121212116,0.0,0.24242424242424243,0.1818181818181818,0.049586776859504106,0.1322314049586777,0.0,0.05876951331496785,0.0,0.07162534435261708,0.049586776859504134,True,1.0,0.0,1.0,0.6666666666666666,0.6666666666666666,0.6666666666666666,0.3333333333333333,0.3333333333333333,0.3333333333333333,0.0,0.0,0.0,0.0,0.0,0.0,0.0,0.0,0.0,0.0,0.0,0.0,0.0,1.0,0.6666666666666666,0.6666666666666666,0.3333333333333333,0.0,0.0,0.0,0.0,0.0,0.1818181818181818,11,11,0.1818181818181818,0.1322314049586777,77,SAT_Group_Evaluation/open_source_LLM_2SAT/OpenAI/outputs/cnf_gpt_oss_20b_unsat_clause_subset_followup_allN_3_5_8_10_15_20_25_30_40_50_60_thinking/results_desc.jsonl,28,33,3,3,3,3,3,3,3,3,3,3,3,3,3,3,3,3,3,3,3,3,3,3,3,0,33,1.0,12,0,8,SAT_Group_Evaluation/analysis/open_source_LLM_2SAT_analysis/open_source_LLM_2SAT_group_adr_with_wilson_and_cp_RMC_rmc_paper_open_vendor_case_b.json,substantive repeated-success threshold,True,0,0,3,0,11,3
2-SAT,gpt-oss-20b (reason),OpenAI__openai__gpt-oss-20b__cnf_gpt_oss_20b_cases_prompt_interleave_zero_shot_desc_allN_3_5_8_10_15_20_25_30_40_50_60_thinking,N,30,0.0,0.18181818181818182,0.09090909090909091,0.0,0.09090909090909091,0.1818181818181818,-2.7755575615628914e-17,0.0909090909090909,0.0,0.0909090909090909,0.1818181818181818,-2.7755575615628914e-17,0.18181818181818182,0.0,0.09090909090909091,0.0,0.0909090909090909,0.005509641873278236,True,1.0,0.0,1.0,0.6666666666666666,0.3333333333333333,0.0,0.0,0.0,0.0,0.0,0.0,0.0,0.0,0.0,0.0,0.0,0.0,0.0,0.0,0.0,0.0,0.0,0.6666666666666666,0.3333333333333333,0.0,0.0,0.0,0.0,0.0,0.0,0.0,0.03856749311294765,11,11,0.14325068870523416,0.03305785123966942,77,SAT_Group_Evaluation/open_source_LLM_2SAT/OpenAI/outputs/cnf_gpt_oss_20b_unsat_clause_subset_followup_allN_3_5_8_10_15_20_25_30_40_50_60_thinking/results_desc.jsonl,28,33,3,3,3,3,3,3,3,3,3,3,3,3,3,3,3,3,3,3,3,3,3,3,1,0,33,1.0,6,0,3,SAT_Group_Evaluation/analysis/open_source_LLM_2SAT_analysis/open_source_LLM_2SAT_group_adr_with_wilson_and_cp_RMC_rmc_paper_open_vendor_case_b.json,substantive repeated-success threshold,True,0,0,1,0,3,3
2-SAT,gpt-oss-20b (reason),OpenAI__openai__gpt-oss-20b__cnf_gpt_oss_20b_cases_prompt_interleave_zero_shot_desc_allN_3_5_8_10_15_20_25_30_40_50_60_thinking,N,30,0.25,0.18181818181818182,0.09090909090909091,0.0,0.09090909090909091,0.1818181818181818,-2.7755575615628914e-17,0.0909090909090909,0.0,0.0909090909090909,0.14600550964187328,0.0013774104683195454,0.14462809917355374,0.0,0.07024793388429752,0.0,0.07162534435261708,0.005509641873278236,True,1.0,0.0,1.0,0.6666666666666666,0.3333333333333333,0.0,0.0,0.0,0.0,0.0,0.0,0.0,0.0,0.0,0.0,0.0,0.0,0.0,0.0,0.0,0.0,0.0,0.6666666666666666,0.3333333333333333,0.0,0.0,0.0,0.0,0.0,0.0,0.0,0.03856749311294765,11,11,0.14325068870523416,0.03305785123966942,77,SAT_Group_Evaluation/open_source_LLM_2SAT/OpenAI/outputs/cnf_gpt_oss_20b_unsat_clause_subset_followup_allN_3_5_8_10_15_20_25_30_40_50_60_thinking/results_desc.jsonl,28,33,3,3,3,3,3,3,3,3,3,3,3,3,3,3,3,3,3,3,3,3,3,3,1,0,33,1.0,6,0,3,SAT_Group_Evaluation/analysis/open_source_LLM_2SAT_analysis/open_source_LLM_2SAT_group_adr_with_wilson_and_cp_RMC_rmc_paper_open_vendor_case_b.json,substantive repeated-success threshold,True,0,0,1,0,3,3
2-SAT,gpt-oss-20b (reason),OpenAI__openai__gpt-oss-20b__cnf_gpt_oss_20b_cases_prompt_interleave_zero_shot_desc_allN_3_5_8_10_15_20_25_30_40_50_60_thinking,N,30,0.5,0.18181818181818182,0.09090909090909091,0.0,0.09090909090909091,0.1818181818181818,-2.7755575615628914e-17,0.0909090909090909,0.0,0.0909090909090909,0.11019283746556474,0.0027548209366391185,0.10743801652892562,0.0,0.049586776859504134,0.0,0.05234159779614325,0.005509641873278236,True,1.0,0.0,1.0,0.6666666666666666,0.3333333333333333,0.0,0.0,0.0,0.0,0.0,0.0,0.0,0.0,0.0,0.0,0.0,0.0,0.0,0.0,0.0,0.0,0.0,0.6666666666666666,0.3333333333333333,0.0,0.0,0.0,0.0,0.0,0.0,0.0,0.03856749311294765,11,11,0.14325068870523416,0.03305785123966942,77,SAT_Group_Evaluation/open_source_LLM_2SAT/OpenAI/outputs/cnf_gpt_oss_20b_unsat_clause_subset_followup_allN_3_5_8_10_15_20_25_30_40_50_60_thinking/results_desc.jsonl,28,33,3,3,3,3,3,3,3,3,3,3,3,3,3,3,3,3,3,3,3,3,3,3,1,0,33,1.0,6,0,3,SAT_Group_Evaluation/analysis/open_source_LLM_2SAT_analysis/open_source_LLM_2SAT_group_adr_with_wilson_and_cp_RMC_rmc_paper_open_vendor_case_b.json,substantive repeated-success threshold,True,0,0,1,0,3,3
2-SAT,gpt-oss-20b (reason),OpenAI__openai__gpt-oss-20b__cnf_gpt_oss_20b_cases_prompt_interleave_zero_shot_desc_allN_3_5_8_10_15_20_25_30_40_50_60_thinking,N,30,0.75,0.18181818181818182,0.09090909090909091,0.0,0.09090909090909091,0.1818181818181818,-2.7755575615628914e-17,0.0909090909090909,0.0,0.0909090909090909,0.0743801652892562,0.004132231404958664,0.07024793388429754,0.0,0.02892561983471075,0.0,0.03305785123966943,0.005509641873278236,True,1.0,0.0,1.0,0.6666666666666666,0.3333333333333333,0.0,0.0,0.0,0.0,0.0,0.0,0.0,0.0,0.0,0.0,0.0,0.0,0.0,0.0,0.0,0.0,0.0,0.6666666666666666,0.3333333333333333,0.0,0.0,0.0,0.0,0.0,0.0,0.0,0.03856749311294765,11,11,0.14325068870523416,0.03305785123966942,77,SAT_Group_Evaluation/open_source_LLM_2SAT/OpenAI/outputs/cnf_gpt_oss_20b_unsat_clause_subset_followup_allN_3_5_8_10_15_20_25_30_40_50_60_thinking/results_desc.jsonl,28,33,3,3,3,3,3,3,3,3,3,3,3,3,3,3,3,3,3,3,3,3,3,3,1,0,33,1.0,6,0,3,SAT_Group_Evaluation/analysis/open_source_LLM_2SAT_analysis/open_source_LLM_2SAT_group_adr_with_wilson_and_cp_RMC_rmc_paper_open_vendor_case_b.json,substantive repeated-success threshold,True,0,0,1,0,3,3
2-SAT,gpt-oss-20b (reason),OpenAI__openai__gpt-oss-20b__cnf_gpt_oss_20b_cases_prompt_interleave_zero_shot_desc_allN_3_5_8_10_15_20_25_30_40_50_60_thinking,N,30,1.0,0.18181818181818182,0.09090909090909091,0.0,0.09090909090909091,0.1818181818181818,-2.7755575615628914e-17,0.0909090909090909,0.0,0.0909090909090909,0.03856749311294766,0.005509641873278237,0.03305785123966942,0.0,0.008264462809917356,0.0,0.013774104683195593,0.005509641873278236,True,1.0,0.0,1.0,0.6666666666666666,0.3333333333333333,0.0,0.0,0.0,0.0,0.0,0.0,0.0,0.0,0.0,0.0,0.0,0.0,0.0,0.0,0.0,0.0,0.0,0.6666666666666666,0.3333333333333333,0.0,0.0,0.0,0.0,0.0,0.0,0.0,0.03856749311294765,11,11,0.14325068870523416,0.03305785123966942,77,SAT_Group_Evaluation/open_source_LLM_2SAT/OpenAI/outputs/cnf_gpt_oss_20b_unsat_clause_subset_followup_allN_3_5_8_10_15_20_25_30_40_50_60_thinking/results_desc.jsonl,28,33,3,3,3,3,3,3,3,3,3,3,3,3,3,3,3,3,3,3,3,3,3,3,1,0,33,1.0,6,0,3,SAT_Group_Evaluation/analysis/open_source_LLM_2SAT_analysis/open_source_LLM_2SAT_group_adr_with_wilson_and_cp_RMC_rmc_paper_open_vendor_case_b.json,substantive repeated-success threshold,True,0,0,1,0,3,3
2-SAT,gpt-oss-20b (reason),OpenAI__openai__gpt-oss-20b__cnf_gpt_oss_20b_cases_prompt_interleave_zero_shot_desc_allN_3_5_8_10_15_20_25_30_40_50_60_thinking,N,40,0.0,0.15384615384615385,0.15384615384615385,0.0,0.0,0.12121212121212122,-0.03263403263403264,0.12121212121212122,0.0,0.0,0.12121212121212122,-0.03263403263403264,0.15384615384615385,0.0,0.0,0.0,0.0,0.0073461891643709825,True,1.0,0.0,0.6666666666666666,0.6666666666666666,0.0,0.0,0.0,0.0,0.0,0.0,0.0,0.0,0.0,0.0,0.0,0.0,0.0,0.0,0.0,0.0,0.0,0.0,0.0,0.0,0.0,0.0,0.0,0.0,0.0,0.0,0.0,0.02203856749311295,11,11,0.09917355371900827,0.02366863905325444,77,SAT_Group_Evaluation/open_source_LLM_2SAT/OpenAI/outputs/cnf_gpt_oss_20b_unsat_clause_subset_followup_allN_3_5_8_10_15_20_25_30_40_50_60_thinking/results_desc.jsonl,28,26,3,3,2,3,3,3,3,3,3,3,3,3,2,3,2,3,2,3,2,3,2,3,3,0,33,0.7878787878787878,4,0,0,SAT_Group_Evaluation/analysis/open_source_LLM_2SAT_analysis/open_source_LLM_2SAT_group_adr_with_wilson_and_cp_RMC_rmc_paper_open_vendor_case_b.json,substantive repeated-success threshold,True,0,0,2,0,0,3
2-SAT,gpt-oss-20b (reason),OpenAI__openai__gpt-oss-20b__cnf_gpt_oss_20b_cases_prompt_interleave_zero_shot_desc_allN_3_5_8_10_15_20_25_30_40_50_60_thinking,N,40,0.25,0.15384615384615385,0.15384615384615385,0.0,0.0,0.12121212121212122,-0.03263403263403264,0.12121212121212122,0.0,0.0,0.09641873278236916,-0.02488304236555984,0.121301775147929,0.0,0.0,0.0,0.0,0.0073461891643709825,True,1.0,0.0,0.6666666666666666,0.6666666666666666,0.0,0.0,0.0,0.0,0.0,0.0,0.0,0.0,0.0,0.0,0.0,0.0,0.0,0.0,0.0,0.0,0.0,0.0,0.0,0.0,0.0,0.0,0.0,0.0,0.0,0.0,0.0,0.02203856749311295,11,11,0.09917355371900827,0.02366863905325444,77,SAT_Group_Evaluation/open_source_LLM_2SAT/OpenAI/outputs/cnf_gpt_oss_20b_unsat_clause_subset_followup_allN_3_5_8_10_15_20_25_30_40_50_60_thinking/results_desc.jsonl,28,26,3,3,2,3,3,3,3,3,3,3,3,3,2,3,2,3,2,3,2,3,2,3,3,0,33,0.7878787878787878,4,0,0,SAT_Group_Evaluation/analysis/open_source_LLM_2SAT_analysis/open_source_LLM_2SAT_group_adr_with_wilson_and_cp_RMC_rmc_paper_open_vendor_case_b.json,substantive repeated-success threshold,True,0,0,2,0,0,3
2-SAT,gpt-oss-20b (reason),OpenAI__openai__gpt-oss-20b__cnf_gpt_oss_20b_cases_prompt_interleave_zero_shot_desc_allN_3_5_8_10_15_20_25_30_40_50_60_thinking,N,40,0.5,0.15384615384615385,0.15384615384615385,0.0,0.0,0.12121212121212122,-0.03263403263403264,0.12121212121212122,0.0,0.0,0.07162534435261708,-0.01713205209708707,0.08875739644970415,0.0,0.0,0.0,0.0,0.0073461891643709825,True,1.0,0.0,0.6666666666666666,0.6666666666666666,0.0,0.0,0.0,0.0,0.0,0.0,0.0,0.0,0.0,0.0,0.0,0.0,0.0,0.0,0.0,0.0,0.0,0.0,0.0,0.0,0.0,0.0,0.0,0.0,0.0,0.0,0.0,0.02203856749311295,11,11,0.09917355371900827,0.02366863905325444,77,SAT_Group_Evaluation/open_source_LLM_2SAT/OpenAI/outputs/cnf_gpt_oss_20b_unsat_clause_subset_followup_allN_3_5_8_10_15_20_25_30_40_50_60_thinking/results_desc.jsonl,28,26,3,3,2,3,3,3,3,3,3,3,3,3,2,3,2,3,2,3,2,3,2,3,3,0,33,0.7878787878787878,4,0,0,SAT_Group_Evaluation/analysis/open_source_LLM_2SAT_analysis/open_source_LLM_2SAT_group_adr_with_wilson_and_cp_RMC_rmc_paper_open_vendor_case_b.json,substantive repeated-success threshold,True,0,0,2,0,0,3
2-SAT,gpt-oss-20b (reason),OpenAI__openai__gpt-oss-20b__cnf_gpt_oss_20b_cases_prompt_interleave_zero_shot_desc_allN_3_5_8_10_15_20_25_30_40_50_60_thinking,N,40,0.75,0.15384615384615385,0.15384615384615385,0.0,0.0,0.12121212121212122,-0.03263403263403264,0.12121212121212122,0.0,0.0,0.046831955922865015,-0.009381061828614284,0.0562130177514793,0.0,0.0,0.0,0.0,0.0073461891643709825,True,1.0,0.0,0.6666666666666666,0.6666666666666666,0.0,0.0,0.0,0.0,0.0,0.0,0.0,0.0,0.0,0.0,0.0,0.0,0.0,0.0,0.0,0.0,0.0,0.0,0.0,0.0,0.0,0.0,0.0,0.0,0.0,0.0,0.0,0.02203856749311295,11,11,0.09917355371900827,0.02366863905325444,77,SAT_Group_Evaluation/open_source_LLM_2SAT/OpenAI/outputs/cnf_gpt_oss_20b_unsat_clause_subset_followup_allN_3_5_8_10_15_20_25_30_40_50_60_thinking/results_desc.jsonl,28,26,3,3,2,3,3,3,3,3,3,3,3,3,2,3,2,3,2,3,2,3,2,3,3,0,33,0.7878787878787878,4,0,0,SAT_Group_Evaluation/analysis/open_source_LLM_2SAT_analysis/open_source_LLM_2SAT_group_adr_with_wilson_and_cp_RMC_rmc_paper_open_vendor_case_b.json,substantive repeated-success threshold,True,0,0,2,0,0,3
2-SAT,gpt-oss-20b (reason),OpenAI__openai__gpt-oss-20b__cnf_gpt_oss_20b_cases_prompt_interleave_zero_shot_desc_allN_3_5_8_10_15_20_25_30_40_50_60_thinking,N,40,1.0,0.15384615384615385,0.15384615384615385,0.0,0.0,0.12121212121212122,-0.03263403263403264,0.12121212121212122,0.0,0.0,0.02203856749311295,-0.0016300715601414995,0.023668639053254448,0.0,0.0,0.0,0.0,0.0073461891643709825,True,1.0,0.0,0.6666666666666666,0.6666666666666666,0.0,0.0,0.0,0.0,0.0,0.0,0.0,0.0,0.0,0.0,0.0,0.0,0.0,0.0,0.0,0.0,0.0,0.0,0.0,0.0,0.0,0.0,0.0,0.0,0.0,0.0,0.0,0.02203856749311295,11,11,0.09917355371900827,0.02366863905325444,77,SAT_Group_Evaluation/open_source_LLM_2SAT/OpenAI/outputs/cnf_gpt_oss_20b_unsat_clause_subset_followup_allN_3_5_8_10_15_20_25_30_40_50_60_thinking/results_desc.jsonl,28,26,3,3,2,3,3,3,3,3,3,3,3,3,2,3,2,3,2,3,2,3,2,3,3,0,33,0.7878787878787878,4,0,0,SAT_Group_Evaluation/analysis/open_source_LLM_2SAT_analysis/open_source_LLM_2SAT_group_adr_with_wilson_and_cp_RMC_rmc_paper_open_vendor_case_b.json,substantive repeated-success threshold,True,0,0,2,0,0,3
2-SAT,gpt-oss-20b (reason),OpenAI__openai__gpt-oss-20b__cnf_gpt_oss_20b_cases_prompt_interleave_zero_shot_desc_allN_3_5_8_10_15_20_25_30_40_50_60_thinking,N,50,0.0,0.045454545454545456,0.045454545454545456,0.0,0.0,0.045454545454545456,0.0,0.045454545454545456,0.0,0.0,0.045454545454545456,0.0,0.045454545454545456,0.0,0.0,0.0,0.0,0.002066115702479339,True,1.0,0.0,0.5,0.0,0.0,0.0,0.0,0.0,0.0,0.0,0.0,0.0,0.0,0.0,0.0,0.0,0.0,0.0,0.0,0.0,0.0,0.0,0.0,0.0,0.0,0.0,0.0,0.0,0.0,0.0,0.0,0.004132231404958678,11,11,0.04132231404958678,0.002066115702479339,77,SAT_Group_Evaluation/open_source_LLM_2SAT/OpenAI/outputs/cnf_gpt_oss_20b_unsat_clause_subset_followup_allN_3_5_8_10_15_20_25_30_40_50_60_thinking/results_desc.jsonl,28,22,2,2,2,2,2,2,2,2,2,2,2,2,2,2,2,2,2,2,2,2,2,2,2,0,22,1.0,1,0,0,SAT_Group_Evaluation/analysis/open_source_LLM_2SAT_analysis/open_source_LLM_2SAT_group_adr_with_wilson_and_cp_RMC_rmc_paper_open_vendor_case_b.json,substantive repeated-success threshold,True,0,0,0,0,0,1
2-SAT,gpt-oss-20b (reason),OpenAI__openai__gpt-oss-20b__cnf_gpt_oss_20b_cases_prompt_interleave_zero_shot_desc_allN_3_5_8_10_15_20_25_30_40_50_60_thinking,N,50,0.25,0.045454545454545456,0.045454545454545456,0.0,0.0,0.045454545454545456,0.0,0.045454545454545456,0.0,0.0,0.03512396694214876,0.000516528925619833,0.03460743801652893,0.0,0.0,0.0,0.0,0.002066115702479339,True,1.0,0.0,0.5,0.0,0.0,0.0,0.0,0.0,0.0,0.0,0.0,0.0,0.0,0.0,0.0,0.0,0.0,0.0,0.0,0.0,0.0,0.0,0.0,0.0,0.0,0.0,0.0,0.0,0.0,0.0,0.0,0.004132231404958678,11,11,0.04132231404958678,0.002066115702479339,77,SAT_Group_Evaluation/open_source_LLM_2SAT/OpenAI/outputs/cnf_gpt_oss_20b_unsat_clause_subset_followup_allN_3_5_8_10_15_20_25_30_40_50_60_thinking/results_desc.jsonl,28,22,2,2,2,2,2,2,2,2,2,2,2,2,2,2,2,2,2,2,2,2,2,2,2,0,22,1.0,1,0,0,SAT_Group_Evaluation/analysis/open_source_LLM_2SAT_analysis/open_source_LLM_2SAT_group_adr_with_wilson_and_cp_RMC_rmc_paper_open_vendor_case_b.json,substantive repeated-success threshold,True,0,0,0,0,0,1
2-SAT,gpt-oss-20b (reason),OpenAI__openai__gpt-oss-20b__cnf_gpt_oss_20b_cases_prompt_interleave_zero_shot_desc_allN_3_5_8_10_15_20_25_30_40_50_60_thinking,N,50,0.5,0.045454545454545456,0.045454545454545456,0.0,0.0,0.045454545454545456,0.0,0.045454545454545456,0.0,0.0,0.024793388429752067,0.0010330578512396695,0.023760330578512397,0.0,0.0,0.0,0.0,0.002066115702479339,True,1.0,0.0,0.5,0.0,0.0,0.0,0.0,0.0,0.0,0.0,0.0,0.0,0.0,0.0,0.0,0.0,0.0,0.0,0.0,0.0,0.0,0.0,0.0,0.0,0.0,0.0,0.0,0.0,0.0,0.0,0.0,0.004132231404958678,11,11,0.04132231404958678,0.002066115702479339,77,SAT_Group_Evaluation/open_source_LLM_2SAT/OpenAI/outputs/cnf_gpt_oss_20b_unsat_clause_subset_followup_allN_3_5_8_10_15_20_25_30_40_50_60_thinking/results_desc.jsonl,28,22,2,2,2,2,2,2,2,2,2,2,2,2,2,2,2,2,2,2,2,2,2,2,2,0,22,1.0,1,0,0,SAT_Group_Evaluation/analysis/open_source_LLM_2SAT_analysis/open_source_LLM_2SAT_group_adr_with_wilson_and_cp_RMC_rmc_paper_open_vendor_case_b.json,substantive repeated-success threshold,True,0,0,0,0,0,1
2-SAT,gpt-oss-20b (reason),OpenAI__openai__gpt-oss-20b__cnf_gpt_oss_20b_cases_prompt_interleave_zero_shot_desc_allN_3_5_8_10_15_20_25_30_40_50_60_thinking,N,50,0.75,0.045454545454545456,0.045454545454545456,0.0,0.0,0.045454545454545456,0.0,0.045454545454545456,0.0,0.0,0.014462809917355372,0.001549586776859499,0.012913223140495873,0.0,0.0,0.0,0.0,0.002066115702479339,True,1.0,0.0,0.5,0.0,0.0,0.0,0.0,0.0,0.0,0.0,0.0,0.0,0.0,0.0,0.0,0.0,0.0,0.0,0.0,0.0,0.0,0.0,0.0,0.0,0.0,0.0,0.0,0.0,0.0,0.0,0.0,0.004132231404958678,11,11,0.04132231404958678,0.002066115702479339,77,SAT_Group_Evaluation/open_source_LLM_2SAT/OpenAI/outputs/cnf_gpt_oss_20b_unsat_clause_subset_followup_allN_3_5_8_10_15_20_25_30_40_50_60_thinking/results_desc.jsonl,28,22,2,2,2,2,2,2,2,2,2,2,2,2,2,2,2,2,2,2,2,2,2,2,2,0,22,1.0,1,0,0,SAT_Group_Evaluation/analysis/open_source_LLM_2SAT_analysis/open_source_LLM_2SAT_group_adr_with_wilson_and_cp_RMC_rmc_paper_open_vendor_case_b.json,substantive repeated-success threshold,True,0,0,0,0,0,1
2-SAT,gpt-oss-20b (reason),OpenAI__openai__gpt-oss-20b__cnf_gpt_oss_20b_cases_prompt_interleave_zero_shot_desc_allN_3_5_8_10_15_20_25_30_40_50_60_thinking,N,50,1.0,0.045454545454545456,0.045454545454545456,0.0,0.0,0.045454545454545456,0.0,0.045454545454545456,0.0,0.0,0.004132231404958678,0.002066115702479339,0.002066115702479339,0.0,0.0,0.0,0.0,0.002066115702479339,True,1.0,0.0,0.5,0.0,0.0,0.0,0.0,0.0,0.0,0.0,0.0,0.0,0.0,0.0,0.0,0.0,0.0,0.0,0.0,0.0,0.0,0.0,0.0,0.0,0.0,0.0,0.0,0.0,0.0,0.0,0.0,0.004132231404958678,11,11,0.04132231404958678,0.002066115702479339,77,SAT_Group_Evaluation/open_source_LLM_2SAT/OpenAI/outputs/cnf_gpt_oss_20b_unsat_clause_subset_followup_allN_3_5_8_10_15_20_25_30_40_50_60_thinking/results_desc.jsonl,28,22,2,2,2,2,2,2,2,2,2,2,2,2,2,2,2,2,2,2,2,2,2,2,2,0,22,1.0,1,0,0,SAT_Group_Evaluation/analysis/open_source_LLM_2SAT_analysis/open_source_LLM_2SAT_group_adr_with_wilson_and_cp_RMC_rmc_paper_open_vendor_case_b.json,substantive repeated-success threshold,True,0,0,0,0,0,1
2-SAT,gpt-oss-20b (reason),OpenAI__openai__gpt-oss-20b__cnf_gpt_oss_20b_cases_prompt_interleave_zero_shot_desc_allN_3_5_8_10_15_20_25_30_40_50_60_thinking,N,60,0.0,0.09090909090909091,0.09090909090909091,,0.0,0.09090909090909091,0.0,0.09090909090909091,,0.0,0.09090909090909091,0.0,0.09090909090909091,,0.0,,0.0,0.008264462809917356,True,1.0,0.0,0.5,0.5,0.0,0.0,0.0,0.0,0.0,0.0,0.0,,,,,,,,,,,0.0,0.0,0.0,0.0,0.0,0.0,0.0,0.0,0.0,0.0,0.01652892561983471,11,11,0.0743801652892562,0.008264462809917356,77,SAT_Group_Evaluation/open_source_LLM_2SAT/OpenAI/outputs/cnf_gpt_oss_20b_unsat_clause_subset_followup_allN_3_5_8_10_15_20_25_30_40_50_60_thinking/results_desc.jsonl,28,22,2,2,2,2,2,2,2,2,2,2,2,2,2,2,2,2,2,2,2,2,2,2,0,0,22,1.0,2,,0,SAT_Group_Evaluation/analysis/open_source_LLM_2SAT_analysis/open_source_LLM_2SAT_group_adr_with_wilson_and_cp_RMC_rmc_paper_open_vendor_case_b.json,substantive repeated-success threshold,True,0,0,0,0,0,2
2-SAT,gpt-oss-20b (reason),OpenAI__openai__gpt-oss-20b__cnf_gpt_oss_20b_cases_prompt_interleave_zero_shot_desc_allN_3_5_8_10_15_20_25_30_40_50_60_thinking,N,60,0.25,0.09090909090909091,0.09090909090909091,,0.0,0.09090909090909091,0.0,0.09090909090909091,,0.0,0.07231404958677687,0.002066115702479346,0.07024793388429752,,0.0,,0.0,0.008264462809917356,True,1.0,0.0,0.5,0.5,0.0,0.0,0.0,0.0,0.0,0.0,0.0,,,,,,,,,,,0.0,0.0,0.0,0.0,0.0,0.0,0.0,0.0,0.0,0.0,0.01652892561983471,11,11,0.0743801652892562,0.008264462809917356,77,SAT_Group_Evaluation/open_source_LLM_2SAT/OpenAI/outputs/cnf_gpt_oss_20b_unsat_clause_subset_followup_allN_3_5_8_10_15_20_25_30_40_50_60_thinking/results_desc.jsonl,28,22,2,2,2,2,2,2,2,2,2,2,2,2,2,2,2,2,2,2,2,2,2,2,0,0,22,1.0,2,,0,SAT_Group_Evaluation/analysis/open_source_LLM_2SAT_analysis/open_source_LLM_2SAT_group_adr_with_wilson_and_cp_RMC_rmc_paper_open_vendor_case_b.json,substantive repeated-success threshold,True,0,0,0,0,0,2
2-SAT,gpt-oss-20b (reason),OpenAI__openai__gpt-oss-20b__cnf_gpt_oss_20b_cases_prompt_interleave_zero_shot_desc_allN_3_5_8_10_15_20_25_30_40_50_60_thinking,N,60,0.5,0.09090909090909091,0.09090909090909091,,0.0,0.09090909090909091,0.0,0.09090909090909091,,0.0,0.05371900826446281,0.004132231404958678,0.049586776859504134,,0.0,,0.0,0.008264462809917356,True,1.0,0.0,0.5,0.5,0.0,0.0,0.0,0.0,0.0,0.0,0.0,,,,,,,,,,,0.0,0.0,0.0,0.0,0.0,0.0,0.0,0.0,0.0,0.0,0.01652892561983471,11,11,0.0743801652892562,0.008264462809917356,77,SAT_Group_Evaluation/open_source_LLM_2SAT/OpenAI/outputs/cnf_gpt_oss_20b_unsat_clause_subset_followup_allN_3_5_8_10_15_20_25_30_40_50_60_thinking/results_desc.jsonl,28,22,2,2,2,2,2,2,2,2,2,2,2,2,2,2,2,2,2,2,2,2,2,2,0,0,22,1.0,2,,0,SAT_Group_Evaluation/analysis/open_source_LLM_2SAT_analysis/open_source_LLM_2SAT_group_adr_with_wilson_and_cp_RMC_rmc_paper_open_vendor_case_b.json,substantive repeated-success threshold,True,0,0,0,0,0,2
2-SAT,gpt-oss-20b (reason),OpenAI__openai__gpt-oss-20b__cnf_gpt_oss_20b_cases_prompt_interleave_zero_shot_desc_allN_3_5_8_10_15_20_25_30_40_50_60_thinking,N,60,0.75,0.09090909090909091,0.09090909090909091,,0.0,0.09090909090909091,0.0,0.09090909090909091,,0.0,0.03512396694214876,0.00619834710743801,0.02892561983471075,,0.0,,0.0,0.008264462809917356,True,1.0,0.0,0.5,0.5,0.0,0.0,0.0,0.0,0.0,0.0,0.0,,,,,,,,,,,0.0,0.0,0.0,0.0,0.0,0.0,0.0,0.0,0.0,0.0,0.01652892561983471,11,11,0.0743801652892562,0.008264462809917356,77,SAT_Group_Evaluation/open_source_LLM_2SAT/OpenAI/outputs/cnf_gpt_oss_20b_unsat_clause_subset_followup_allN_3_5_8_10_15_20_25_30_40_50_60_thinking/results_desc.jsonl,28,22,2,2,2,2,2,2,2,2,2,2,2,2,2,2,2,2,2,2,2,2,2,2,0,0,22,1.0,2,,0,SAT_Group_Evaluation/analysis/open_source_LLM_2SAT_analysis/open_source_LLM_2SAT_group_adr_with_wilson_and_cp_RMC_rmc_paper_open_vendor_case_b.json,substantive repeated-success threshold,True,0,0,0,0,0,2
2-SAT,gpt-oss-20b (reason),OpenAI__openai__gpt-oss-20b__cnf_gpt_oss_20b_cases_prompt_interleave_zero_shot_desc_allN_3_5_8_10_15_20_25_30_40_50_60_thinking,N,60,1.0,0.09090909090909091,0.09090909090909091,,0.0,0.09090909090909091,0.0,0.09090909090909091,,0.0,0.01652892561983471,0.008264462809917356,0.008264462809917356,,0.0,,0.0,0.008264462809917356,True,1.0,0.0,0.5,0.5,0.0,0.0,0.0,0.0,0.0,0.0,0.0,,,,,,,,,,,0.0,0.0,0.0,0.0,0.0,0.0,0.0,0.0,0.0,0.0,0.01652892561983471,11,11,0.0743801652892562,0.008264462809917356,77,SAT_Group_Evaluation/open_source_LLM_2SAT/OpenAI/outputs/cnf_gpt_oss_20b_unsat_clause_subset_followup_allN_3_5_8_10_15_20_25_30_40_50_60_thinking/results_desc.jsonl,28,22,2,2,2,2,2,2,2,2,2,2,2,2,2,2,2,2,2,2,2,2,2,2,0,0,22,1.0,2,,0,SAT_Group_Evaluation/analysis/open_source_LLM_2SAT_analysis/open_source_LLM_2SAT_group_adr_with_wilson_and_cp_RMC_rmc_paper_open_vendor_case_b.json,substantive repeated-success threshold,True,0,0,0,0,0,2
2-SAT,QwQ-32B (think),qwen__Qwen__QwQ-32B__cnf_qwq_32b_cases_prompt_interleave_zero_shot_desc_allN_3_5_8_10_15_20_25_30_40_50_60_thinking,overall,all,0.0,0.46408317580340264,0.24574669187145556,0.035916824196597356,0.21833648393194707,0.4601686972820993,-0.003914478521303333,0.24367385192127455,0.03561387066541706,0.21649484536082475,0.4601686972820993,-0.003914478521303333,0.46408317580340264,0.035916824196597356,0.21833648393194707,0.03561387066541706,0.21649484536082475,0.18485378427020374,True,1.0,0.3402061855670103,0.7010309278350515,0.5876288659793815,0.5360824742268041,0.4948453608247423,0.4845360824742268,0.44329896907216493,0.422680412371134,0.4020618556701031,0.3711340206185567,0.0,0.18556701030927836,0.1134020618556701,0.05154639175257732,0.020618556701030927,0.020618556701030927,0.0,0.0,0.0,0.0,0.010309278350515464,0.5979381443298969,0.5360824742268041,0.3917525773195876,0.30927835051546393,0.20618556701030927,0.16494845360824742,0.09278350515463918,0.041237113402061855,0.030927835051546393,0.39660901422850814,11,11,0.0635596830535912,0.21537319406377192,575,SAT_Group_Evaluation/open_source_LLM_2SAT/qwen/outputs/cnf_qwq_32b_unsat_clause_subset_followup_allN_3_5_8_10_15_20_25_30_40_50_60_thinking/results_desc.jsonl,82,1058,97,97,96,97,97,97,97,97,96,97,96,97,96,97,96,97,96,97,96,97,96,97,363,82,1067,0.9915651358950328,491,38,231,SAT_Group_Evaluation/analysis/open_source_LLM_2SAT_analysis/open_source_LLM_2SAT_group_adr_with_wilson_and_cp_RMC_rmc_paper_open_vendor_case_b.json,substantive repeated-success threshold,True,0,0,245,0,231,18
2-SAT,QwQ-32B (think),qwen__Qwen__QwQ-32B__cnf_qwq_32b_cases_prompt_interleave_zero_shot_desc_allN_3_5_8_10_15_20_25_30_40_50_60_thinking,overall,all,0.25,0.46408317580340264,0.24574669187145556,0.035916824196597356,0.21833648393194707,0.4601686972820993,-0.003914478521303333,0.24367385192127455,0.03561387066541706,0.21649484536082475,0.4442787765187015,0.04237309615020657,0.40190568036849494,0.027260122712540337,0.17567006800290164,0.029010820482235664,0.18829343103007581,0.18485378427020374,True,1.0,0.3402061855670103,0.7010309278350515,0.5876288659793815,0.5360824742268041,0.4948453608247423,0.4845360824742268,0.44329896907216493,0.422680412371134,0.4020618556701031,0.3711340206185567,0.0,0.18556701030927836,0.1134020618556701,0.05154639175257732,0.020618556701030927,0.020618556701030927,0.0,0.0,0.0,0.0,0.010309278350515464,0.5979381443298969,0.5360824742268041,0.3917525773195876,0.30927835051546393,0.20618556701030927,0.16494845360824742,0.09278350515463918,0.041237113402061855,0.030927835051546393,0.39660901422850814,11,11,0.0635596830535912,0.21537319406377192,575,SAT_Group_Evaluation/open_source_LLM_2SAT/qwen/outputs/cnf_qwq_32b_unsat_clause_subset_followup_allN_3_5_8_10_15_20_25_30_40_50_60_thinking/results_desc.jsonl,82,1058,97,97,96,97,97,97,97,97,96,97,96,97,96,97,96,97,96,97,96,97,96,97,363,82,1067,0.9915651358950328,491,38,231,SAT_Group_Evaluation/analysis/open_source_LLM_2SAT_analysis/open_source_LLM_2SAT_group_adr_with_wilson_and_cp_RMC_rmc_paper_open_vendor_case_b.json,substantive repeated-success threshold,True,0,0,245,0,231,18
2-SAT,QwQ-32B (think),qwen__Qwen__QwQ-32B__cnf_qwq_32b_cases_prompt_interleave_zero_shot_desc_allN_3_5_8_10_15_20_25_30_40_50_60_thinking,overall,all,0.5,0.46408317580340264,0.24574669187145556,0.035916824196597356,0.21833648393194707,0.4601686972820993,-0.003914478521303333,0.24367385192127455,0.03561387066541706,0.21649484536082475,0.4283888557553038,0.08866067082171653,0.33972818493358725,0.018603421228483318,0.13300365207385623,0.022407770299054275,0.1600920166993269,0.18485378427020374,True,1.0,0.3402061855670103,0.7010309278350515,0.5876288659793815,0.5360824742268041,0.4948453608247423,0.4845360824742268,0.44329896907216493,0.422680412371134,0.4020618556701031,0.3711340206185567,0.0,0.18556701030927836,0.1134020618556701,0.05154639175257732,0.020618556701030927,0.020618556701030927,0.0,0.0,0.0,0.0,0.010309278350515464,0.5979381443298969,0.5360824742268041,0.3917525773195876,0.30927835051546393,0.20618556701030927,0.16494845360824742,0.09278350515463918,0.041237113402061855,0.030927835051546393,0.39660901422850814,11,11,0.0635596830535912,0.21537319406377192,575,SAT_Group_Evaluation/open_source_LLM_2SAT/qwen/outputs/cnf_qwq_32b_unsat_clause_subset_followup_allN_3_5_8_10_15_20_25_30_40_50_60_thinking/results_desc.jsonl,82,1058,97,97,96,97,97,97,97,97,96,97,96,97,96,97,96,97,96,97,96,97,96,97,363,82,1067,0.9915651358950328,491,38,231,SAT_Group_Evaluation/analysis/open_source_LLM_2SAT_analysis/open_source_LLM_2SAT_group_adr_with_wilson_and_cp_RMC_rmc_paper_open_vendor_case_b.json,substantive repeated-success threshold,True,0,0,245,0,231,18
2-SAT,QwQ-32B (think),qwen__Qwen__QwQ-32B__cnf_qwq_32b_cases_prompt_interleave_zero_shot_desc_allN_3_5_8_10_15_20_25_30_40_50_60_thinking,overall,all,0.75,0.46408317580340264,0.24574669187145556,0.035916824196597356,0.21833648393194707,0.4601686972820993,-0.003914478521303333,0.24367385192127455,0.03561387066541706,0.21649484536082475,0.412498934991906,0.13494824549322643,0.27755068949867956,0.009946719744426302,0.09033723614481079,0.015804720115872882,0.131890602368578,0.18485378427020374,True,1.0,0.3402061855670103,0.7010309278350515,0.5876288659793815,0.5360824742268041,0.4948453608247423,0.4845360824742268,0.44329896907216493,0.422680412371134,0.4020618556701031,0.3711340206185567,0.0,0.18556701030927836,0.1134020618556701,0.05154639175257732,0.020618556701030927,0.020618556701030927,0.0,0.0,0.0,0.0,0.010309278350515464,0.5979381443298969,0.5360824742268041,0.3917525773195876,0.30927835051546393,0.20618556701030927,0.16494845360824742,0.09278350515463918,0.041237113402061855,0.030927835051546393,0.39660901422850814,11,11,0.0635596830535912,0.21537319406377192,575,SAT_Group_Evaluation/open_source_LLM_2SAT/qwen/outputs/cnf_qwq_32b_unsat_clause_subset_followup_allN_3_5_8_10_15_20_25_30_40_50_60_thinking/results_desc.jsonl,82,1058,97,97,96,97,97,97,97,97,96,97,96,97,96,97,96,97,96,97,96,97,96,97,363,82,1067,0.9915651358950328,491,38,231,SAT_Group_Evaluation/analysis/open_source_LLM_2SAT_analysis/open_source_LLM_2SAT_group_adr_with_wilson_and_cp_RMC_rmc_paper_open_vendor_case_b.json,substantive repeated-success threshold,True,0,0,245,0,231,18
2-SAT,QwQ-32B (think),qwen__Qwen__QwQ-32B__cnf_qwq_32b_cases_prompt_interleave_zero_shot_desc_allN_3_5_8_10_15_20_25_30_40_50_60_thinking,overall,all,1.0,0.46408317580340264,0.24574669187145556,0.035916824196597356,0.21833648393194707,0.4601686972820993,-0.003914478521303333,0.24367385192127455,0.03561387066541706,0.21649484536082475,0.39660901422850814,0.18123582016473622,0.21537319406377192,0.0012900182603692786,0.04767082021576538,0.00920166993269149,0.10368918803782909,0.18485378427020374,True,1.0,0.3402061855670103,0.7010309278350515,0.5876288659793815,0.5360824742268041,0.4948453608247423,0.4845360824742268,0.44329896907216493,0.422680412371134,0.4020618556701031,0.3711340206185567,0.0,0.18556701030927836,0.1134020618556701,0.05154639175257732,0.020618556701030927,0.020618556701030927,0.0,0.0,0.0,0.0,0.010309278350515464,0.5979381443298969,0.5360824742268041,0.3917525773195876,0.30927835051546393,0.20618556701030927,0.16494845360824742,0.09278350515463918,0.041237113402061855,0.030927835051546393,0.39660901422850814,11,11,0.0635596830535912,0.21537319406377192,575,SAT_Group_Evaluation/open_source_LLM_2SAT/qwen/outputs/cnf_qwq_32b_unsat_clause_subset_followup_allN_3_5_8_10_15_20_25_30_40_50_60_thinking/results_desc.jsonl,82,1058,97,97,96,97,97,97,97,97,96,97,96,97,96,97,96,97,96,97,96,97,96,97,363,82,1067,0.9915651358950328,491,38,231,SAT_Group_Evaluation/analysis/open_source_LLM_2SAT_analysis/open_source_LLM_2SAT_group_adr_with_wilson_and_cp_RMC_rmc_paper_open_vendor_case_b.json,substantive repeated-success threshold,True,0,0,245,0,231,18
2-SAT,QwQ-32B (think),qwen__Qwen__QwQ-32B__cnf_qwq_32b_cases_prompt_interleave_zero_shot_desc_allN_3_5_8_10_15_20_25_30_40_50_60_thinking,N,3,0.0,1.0,0.7575757575757576,0.030303030303030304,0.24242424242424243,1.0,0.0,0.7575757575757576,0.0303030303030303,0.2424242424242424,1.0,0.0,1.0,0.030303030303030304,0.24242424242424243,0.0303030303030303,0.2424242424242424,0.0,True,1.0,1.0,1.0,1.0,1.0,1.0,1.0,1.0,1.0,1.0,1.0,0.0,0.2222222222222222,0.1111111111111111,0.0,0.0,0.0,0.0,0.0,0.0,0.0,0.0,1.0,0.8888888888888888,0.3333333333333333,0.2222222222222222,0.1111111111111111,0.1111111111111111,0.0,0.0,0.0,1.0,11,11,0.0,1.0,575,SAT_Group_Evaluation/open_source_LLM_2SAT/qwen/outputs/cnf_qwq_32b_unsat_clause_subset_followup_allN_3_5_8_10_15_20_25_30_40_50_60_thinking/results_desc.jsonl,82,99,9,9,9,9,9,9,9,9,9,9,9,9,9,9,9,9,9,9,9,9,9,9,32,13,99,1.0,99,3,24,SAT_Group_Evaluation/analysis/open_source_LLM_2SAT_analysis/open_source_LLM_2SAT_group_adr_with_wilson_and_cp_RMC_rmc_paper_open_vendor_case_b.json,substantive repeated-success threshold,True,0,0,75,0,24,0
2-SAT,QwQ-32B (think),qwen__Qwen__QwQ-32B__cnf_qwq_32b_cases_prompt_interleave_zero_shot_desc_allN_3_5_8_10_15_20_25_30_40_50_60_thinking,N,3,0.25,1.0,0.7575757575757576,0.030303030303030304,0.24242424242424243,1.0,0.0,0.7575757575757576,0.0303030303030303,0.2424242424242424,1.0,0.0,1.0,0.02295684113865932,0.19651056014692378,0.023875114784205693,0.20064279155188247,0.0,True,1.0,1.0,1.0,1.0,1.0,1.0,1.0,1.0,1.0,1.0,1.0,0.0,0.2222222222222222,0.1111111111111111,0.0,0.0,0.0,0.0,0.0,0.0,0.0,0.0,1.0,0.8888888888888888,0.3333333333333333,0.2222222222222222,0.1111111111111111,0.1111111111111111,0.0,0.0,0.0,1.0,11,11,0.0,1.0,575,SAT_Group_Evaluation/open_source_LLM_2SAT/qwen/outputs/cnf_qwq_32b_unsat_clause_subset_followup_allN_3_5_8_10_15_20_25_30_40_50_60_thinking/results_desc.jsonl,82,99,9,9,9,9,9,9,9,9,9,9,9,9,9,9,9,9,9,9,9,9,9,9,32,13,99,1.0,99,3,24,SAT_Group_Evaluation/analysis/open_source_LLM_2SAT_analysis/open_source_LLM_2SAT_group_adr_with_wilson_and_cp_RMC_rmc_paper_open_vendor_case_b.json,substantive repeated-success threshold,True,0,0,75,0,24,0
2-SAT,QwQ-32B (think),qwen__Qwen__QwQ-32B__cnf_qwq_32b_cases_prompt_interleave_zero_shot_desc_allN_3_5_8_10_15_20_25_30_40_50_60_thinking,N,3,0.5,1.0,0.7575757575757576,0.030303030303030304,0.24242424242424243,1.0,0.0,0.7575757575757576,0.0303030303030303,0.2424242424242424,1.0,0.0,1.0,0.015610651974288337,0.15059687786960513,0.017447199265381085,0.15886134067952248,0.0,True,1.0,1.0,1.0,1.0,1.0,1.0,1.0,1.0,1.0,1.0,1.0,0.0,0.2222222222222222,0.1111111111111111,0.0,0.0,0.0,0.0,0.0,0.0,0.0,0.0,1.0,0.8888888888888888,0.3333333333333333,0.2222222222222222,0.1111111111111111,0.1111111111111111,0.0,0.0,0.0,1.0,11,11,0.0,1.0,575,SAT_Group_Evaluation/open_source_LLM_2SAT/qwen/outputs/cnf_qwq_32b_unsat_clause_subset_followup_allN_3_5_8_10_15_20_25_30_40_50_60_thinking/results_desc.jsonl,82,99,9,9,9,9,9,9,9,9,9,9,9,9,9,9,9,9,9,9,9,9,9,9,32,13,99,1.0,99,3,24,SAT_Group_Evaluation/analysis/open_source_LLM_2SAT_analysis/open_source_LLM_2SAT_group_adr_with_wilson_and_cp_RMC_rmc_paper_open_vendor_case_b.json,substantive repeated-success threshold,True,0,0,75,0,24,0
2-SAT,QwQ-32B (think),qwen__Qwen__QwQ-32B__cnf_qwq_32b_cases_prompt_interleave_zero_shot_desc_allN_3_5_8_10_15_20_25_30_40_50_60_thinking,N,3,0.75,1.0,0.7575757575757576,0.030303030303030304,0.24242424242424243,1.0,0.0,0.7575757575757576,0.0303030303030303,0.2424242424242424,1.0,0.0,1.0,0.008264462809917356,0.1046831955922865,0.011019283746556478,0.11707988980716255,0.0,True,1.0,1.0,1.0,1.0,1.0,1.0,1.0,1.0,1.0,1.0,1.0,0.0,0.2222222222222222,0.1111111111111111,0.0,0.0,0.0,0.0,0.0,0.0,0.0,0.0,1.0,0.8888888888888888,0.3333333333333333,0.2222222222222222,0.1111111111111111,0.1111111111111111,0.0,0.0,0.0,1.0,11,11,0.0,1.0,575,SAT_Group_Evaluation/open_source_LLM_2SAT/qwen/outputs/cnf_qwq_32b_unsat_clause_subset_followup_allN_3_5_8_10_15_20_25_30_40_50_60_thinking/results_desc.jsonl,82,99,9,9,9,9,9,9,9,9,9,9,9,9,9,9,9,9,9,9,9,9,9,9,32,13,99,1.0,99,3,24,SAT_Group_Evaluation/analysis/open_source_LLM_2SAT_analysis/open_source_LLM_2SAT_group_adr_with_wilson_and_cp_RMC_rmc_paper_open_vendor_case_b.json,substantive repeated-success threshold,True,0,0,75,0,24,0
2-SAT,QwQ-32B (think),qwen__Qwen__QwQ-32B__cnf_qwq_32b_cases_prompt_interleave_zero_shot_desc_allN_3_5_8_10_15_20_25_30_40_50_60_thinking,N,3,1.0,1.0,0.7575757575757576,0.030303030303030304,0.24242424242424243,1.0,0.0,0.7575757575757576,0.0303030303030303,0.2424242424242424,1.0,0.0,1.0,0.0009182736455463705,0.05876951331496785,0.004591368227731864,0.07529843893480256,0.0,True,1.0,1.0,1.0,1.0,1.0,1.0,1.0,1.0,1.0,1.0,1.0,0.0,0.2222222222222222,0.1111111111111111,0.0,0.0,0.0,0.0,0.0,0.0,0.0,0.0,1.0,0.8888888888888888,0.3333333333333333,0.2222222222222222,0.1111111111111111,0.1111111111111111,0.0,0.0,0.0,1.0,11,11,0.0,1.0,575,SAT_Group_Evaluation/open_source_LLM_2SAT/qwen/outputs/cnf_qwq_32b_unsat_clause_subset_followup_allN_3_5_8_10_15_20_25_30_40_50_60_thinking/results_desc.jsonl,82,99,9,9,9,9,9,9,9,9,9,9,9,9,9,9,9,9,9,9,9,9,9,9,32,13,99,1.0,99,3,24,SAT_Group_Evaluation/analysis/open_source_LLM_2SAT_analysis/open_source_LLM_2SAT_group_adr_with_wilson_and_cp_RMC_rmc_paper_open_vendor_case_b.json,substantive repeated-success threshold,True,0,0,75,0,24,0
2-SAT,QwQ-32B (think),qwen__Qwen__QwQ-32B__cnf_qwq_32b_cases_prompt_interleave_zero_shot_desc_allN_3_5_8_10_15_20_25_30_40_50_60_thinking,N,5,0.0,0.9797979797979798,0.4848484848484848,0.12121212121212122,0.494949494949495,0.9797979797979798,0.0,0.48484848484848486,0.1212121212121212,0.4949494949494949,0.9797979797979798,0.0,0.9797979797979798,0.12121212121212122,0.494949494949495,0.1212121212121212,0.4949494949494949,0.0014284256708499143,True,1.0,1.0,1.0,1.0,1.0,1.0,1.0,1.0,1.0,1.0,1.0,0.0,0.5555555555555556,0.4444444444444444,0.1111111111111111,0.1111111111111111,0.1111111111111111,0.0,0.0,0.0,0.0,0.1111111111111111,1.0,1.0,0.8888888888888888,0.7777777777777778,0.5555555555555556,0.4444444444444444,0.2222222222222222,0.2222222222222222,0.2222222222222222,0.9614325068870523,11,11,0.018365472910927463,0.9600040812162024,575,SAT_Group_Evaluation/open_source_LLM_2SAT/qwen/outputs/cnf_qwq_32b_unsat_clause_subset_followup_allN_3_5_8_10_15_20_25_30_40_50_60_thinking/results_desc.jsonl,82,99,9,9,9,9,9,9,9,9,9,9,9,9,9,9,9,9,9,9,9,9,9,9,33,20,99,1.0,97,12,49,SAT_Group_Evaluation/analysis/open_source_LLM_2SAT_analysis/open_source_LLM_2SAT_group_adr_with_wilson_and_cp_RMC_rmc_paper_open_vendor_case_b.json,substantive repeated-success threshold,True,0,0,48,0,49,0
2-SAT,QwQ-32B (think),qwen__Qwen__QwQ-32B__cnf_qwq_32b_cases_prompt_interleave_zero_shot_desc_allN_3_5_8_10_15_20_25_30_40_50_60_thinking,N,5,0.25,0.9797979797979798,0.4848484848484848,0.12121212121212122,0.494949494949495,0.9797979797979798,0.0,0.48484848484848486,0.1212121212121212,0.4949494949494949,0.9752066115702479,0.00035710641771247165,0.9748495051525354,0.09458218549127641,0.43245587184981127,0.09963269054178145,0.4453627180899908,0.0014284256708499143,True,1.0,1.0,1.0,1.0,1.0,1.0,1.0,1.0,1.0,1.0,1.0,0.0,0.5555555555555556,0.4444444444444444,0.1111111111111111,0.1111111111111111,0.1111111111111111,0.0,0.0,0.0,0.0,0.1111111111111111,1.0,1.0,0.8888888888888888,0.7777777777777778,0.5555555555555556,0.4444444444444444,0.2222222222222222,0.2222222222222222,0.2222222222222222,0.9614325068870523,11,11,0.018365472910927463,0.9600040812162024,575,SAT_Group_Evaluation/open_source_LLM_2SAT/qwen/outputs/cnf_qwq_32b_unsat_clause_subset_followup_allN_3_5_8_10_15_20_25_30_40_50_60_thinking/results_desc.jsonl,82,99,9,9,9,9,9,9,9,9,9,9,9,9,9,9,9,9,9,9,9,9,9,9,33,20,99,1.0,97,12,49,SAT_Group_Evaluation/analysis/open_source_LLM_2SAT_analysis/open_source_LLM_2SAT_group_adr_with_wilson_and_cp_RMC_rmc_paper_open_vendor_case_b.json,substantive repeated-success threshold,True,0,0,48,0,49,0
2-SAT,QwQ-32B (think),qwen__Qwen__QwQ-32B__cnf_qwq_32b_cases_prompt_interleave_zero_shot_desc_allN_3_5_8_10_15_20_25_30_40_50_60_thinking,N,5,0.5,0.9797979797979798,0.4848484848484848,0.12121212121212122,0.494949494949495,0.9797979797979798,0.0,0.48484848484848486,0.1212121212121212,0.4949494949494949,0.9706152433425161,0.0007142128354250543,0.9699010305070911,0.0679522497704316,0.36996224875012756,0.07805325987144168,0.39577594123048665,0.0014284256708499143,True,1.0,1.0,1.0,1.0,1.0,1.0,1.0,1.0,1.0,1.0,1.0,0.0,0.5555555555555556,0.4444444444444444,0.1111111111111111,0.1111111111111111,0.1111111111111111,0.0,0.0,0.0,0.0,0.1111111111111111,1.0,1.0,0.8888888888888888,0.7777777777777778,0.5555555555555556,0.4444444444444444,0.2222222222222222,0.2222222222222222,0.2222222222222222,0.9614325068870523,11,11,0.018365472910927463,0.9600040812162024,575,SAT_Group_Evaluation/open_source_LLM_2SAT/qwen/outputs/cnf_qwq_32b_unsat_clause_subset_followup_allN_3_5_8_10_15_20_25_30_40_50_60_thinking/results_desc.jsonl,82,99,9,9,9,9,9,9,9,9,9,9,9,9,9,9,9,9,9,9,9,9,9,9,33,20,99,1.0,97,12,49,SAT_Group_Evaluation/analysis/open_source_LLM_2SAT_analysis/open_source_LLM_2SAT_group_adr_with_wilson_and_cp_RMC_rmc_paper_open_vendor_case_b.json,substantive repeated-success threshold,True,0,0,48,0,49,0
2-SAT,QwQ-32B (think),qwen__Qwen__QwQ-32B__cnf_qwq_32b_cases_prompt_interleave_zero_shot_desc_allN_3_5_8_10_15_20_25_30_40_50_60_thinking,N,5,0.75,0.9797979797979798,0.4848484848484848,0.12121212121212122,0.494949494949495,0.9797979797979798,0.0,0.48484848484848486,0.1212121212121212,0.4949494949494949,0.9660238751147843,0.001071319253137526,0.9649525558616467,0.04132231404958678,0.30746862565044386,0.05647382920110194,0.34618916437098257,0.0014284256708499143,True,1.0,1.0,1.0,1.0,1.0,1.0,1.0,1.0,1.0,1.0,1.0,0.0,0.5555555555555556,0.4444444444444444,0.1111111111111111,0.1111111111111111,0.1111111111111111,0.0,0.0,0.0,0.0,0.1111111111111111,1.0,1.0,0.8888888888888888,0.7777777777777778,0.5555555555555556,0.4444444444444444,0.2222222222222222,0.2222222222222222,0.2222222222222222,0.9614325068870523,11,11,0.018365472910927463,0.9600040812162024,575,SAT_Group_Evaluation/open_source_LLM_2SAT/qwen/outputs/cnf_qwq_32b_unsat_clause_subset_followup_allN_3_5_8_10_15_20_25_30_40_50_60_thinking/results_desc.jsonl,82,99,9,9,9,9,9,9,9,9,9,9,9,9,9,9,9,9,9,9,9,9,9,9,33,20,99,1.0,97,12,49,SAT_Group_Evaluation/analysis/open_source_LLM_2SAT_analysis/open_source_LLM_2SAT_group_adr_with_wilson_and_cp_RMC_rmc_paper_open_vendor_case_b.json,substantive repeated-success threshold,True,0,0,48,0,49,0
2-SAT,QwQ-32B (think),qwen__Qwen__QwQ-32B__cnf_qwq_32b_cases_prompt_interleave_zero_shot_desc_allN_3_5_8_10_15_20_25_30_40_50_60_thinking,N,5,1.0,0.9797979797979798,0.4848484848484848,0.12121212121212122,0.494949494949495,0.9797979797979798,0.0,0.48484848484848486,0.1212121212121212,0.4949494949494949,0.9614325068870523,0.0014284256708498866,0.9600040812162024,0.01469237832874197,0.24497500255076018,0.03489439853076217,0.2966023875114784,0.0014284256708499143,True,1.0,1.0,1.0,1.0,1.0,1.0,1.0,1.0,1.0,1.0,1.0,0.0,0.5555555555555556,0.4444444444444444,0.1111111111111111,0.1111111111111111,0.1111111111111111,0.0,0.0,0.0,0.0,0.1111111111111111,1.0,1.0,0.8888888888888888,0.7777777777777778,0.5555555555555556,0.4444444444444444,0.2222222222222222,0.2222222222222222,0.2222222222222222,0.9614325068870523,11,11,0.018365472910927463,0.9600040812162024,575,SAT_Group_Evaluation/open_source_LLM_2SAT/qwen/outputs/cnf_qwq_32b_unsat_clause_subset_followup_allN_3_5_8_10_15_20_25_30_40_50_60_thinking/results_desc.jsonl,82,99,9,9,9,9,9,9,9,9,9,9,9,9,9,9,9,9,9,9,9,9,9,9,33,20,99,1.0,97,12,49,SAT_Group_Evaluation/analysis/open_source_LLM_2SAT_analysis/open_source_LLM_2SAT_group_adr_with_wilson_and_cp_RMC_rmc_paper_open_vendor_case_b.json,substantive repeated-success threshold,True,0,0,48,0,49,0
2-SAT,QwQ-32B (think),qwen__Qwen__QwQ-32B__cnf_qwq_32b_cases_prompt_interleave_zero_shot_desc_allN_3_5_8_10_15_20_25_30_40_50_60_thinking,N,8,0.0,0.9595959595959596,0.4848484848484848,0.09090909090909091,0.47474747474747475,0.9595959595959597,1.1102230246251565e-16,0.484848484848485,0.0909090909090909,0.4747474747474747,0.9595959595959597,1.1102230246251565e-16,0.9595959595959596,0.09090909090909091,0.47474747474747475,0.0909090909090909,0.4747474747474747,0.003877155392306907,True,1.0,0.8888888888888888,1.0,1.0,1.0,1.0,1.0,1.0,1.0,1.0,1.0,0.0,0.4444444444444444,0.2222222222222222,0.1111111111111111,0.1111111111111111,0.1111111111111111,0.0,0.0,0.0,0.0,0.0,1.0,1.0,1.0,0.7777777777777778,0.5555555555555556,0.4444444444444444,0.3333333333333333,0.1111111111111111,0.0,0.9247015610651973,11,11,0.03489439853076218,0.9208244056728905,575,SAT_Group_Evaluation/open_source_LLM_2SAT/qwen/outputs/cnf_qwq_32b_unsat_clause_subset_followup_allN_3_5_8_10_15_20_25_30_40_50_60_thinking/results_desc.jsonl,82,99,9,9,9,9,9,9,9,9,9,9,9,9,9,9,9,9,9,9,9,9,9,9,37,16,99,1.0,95,9,47,SAT_Group_Evaluation/analysis/open_source_LLM_2SAT_analysis/open_source_LLM_2SAT_group_adr_with_wilson_and_cp_RMC_rmc_paper_open_vendor_case_b.json,substantive repeated-success threshold,True,0,0,49,0,47,0
2-SAT,QwQ-32B (think),qwen__Qwen__QwQ-32B__cnf_qwq_32b_cases_prompt_interleave_zero_shot_desc_allN_3_5_8_10_15_20_25_30_40_50_60_thinking,N,8,0.25,0.9595959595959596,0.4848484848484848,0.09090909090909091,0.47474747474747475,0.9595959595959597,1.1102230246251565e-16,0.484848484848485,0.0909090909090909,0.4747474747474747,0.950872359963269,0.0009692888480767881,0.9499030711151922,0.07024793388429752,0.4124068972553821,0.07529843893480256,0.418732782369146,0.003877155392306907,True,1.0,0.8888888888888888,1.0,1.0,1.0,1.0,1.0,1.0,1.0,1.0,1.0,0.0,0.4444444444444444,0.2222222222222222,0.1111111111111111,0.1111111111111111,0.1111111111111111,0.0,0.0,0.0,0.0,0.0,1.0,1.0,1.0,0.7777777777777778,0.5555555555555556,0.4444444444444444,0.3333333333333333,0.1111111111111111,0.0,0.9247015610651973,11,11,0.03489439853076218,0.9208244056728905,575,SAT_Group_Evaluation/open_source_LLM_2SAT/qwen/outputs/cnf_qwq_32b_unsat_clause_subset_followup_allN_3_5_8_10_15_20_25_30_40_50_60_thinking/results_desc.jsonl,82,99,9,9,9,9,9,9,9,9,9,9,9,9,9,9,9,9,9,9,9,9,9,9,37,16,99,1.0,95,9,47,SAT_Group_Evaluation/analysis/open_source_LLM_2SAT_analysis/open_source_LLM_2SAT_group_adr_with_wilson_and_cp_RMC_rmc_paper_open_vendor_case_b.json,substantive repeated-success threshold,True,0,0,49,0,47,0
2-SAT,QwQ-32B (think),qwen__Qwen__QwQ-32B__cnf_qwq_32b_cases_prompt_interleave_zero_shot_desc_allN_3_5_8_10_15_20_25_30_40_50_60_thinking,N,8,0.5,0.9595959595959596,0.4848484848484848,0.09090909090909091,0.47474747474747475,0.9595959595959597,1.1102230246251565e-16,0.484848484848485,0.0909090909090909,0.4747474747474747,0.9421487603305785,0.001938577696153465,0.940210182634425,0.049586776859504134,0.35006631976328945,0.05968778696051423,0.3627180899908173,0.003877155392306907,True,1.0,0.8888888888888888,1.0,1.0,1.0,1.0,1.0,1.0,1.0,1.0,1.0,0.0,0.4444444444444444,0.2222222222222222,0.1111111111111111,0.1111111111111111,0.1111111111111111,0.0,0.0,0.0,0.0,0.0,1.0,1.0,1.0,0.7777777777777778,0.5555555555555556,0.4444444444444444,0.3333333333333333,0.1111111111111111,0.0,0.9247015610651973,11,11,0.03489439853076218,0.9208244056728905,575,SAT_Group_Evaluation/open_source_LLM_2SAT/qwen/outputs/cnf_qwq_32b_unsat_clause_subset_followup_allN_3_5_8_10_15_20_25_30_40_50_60_thinking/results_desc.jsonl,82,99,9,9,9,9,9,9,9,9,9,9,9,9,9,9,9,9,9,9,9,9,9,9,37,16,99,1.0,95,9,47,SAT_Group_Evaluation/analysis/open_source_LLM_2SAT_analysis/open_source_LLM_2SAT_group_adr_with_wilson_and_cp_RMC_rmc_paper_open_vendor_case_b.json,substantive repeated-success threshold,True,0,0,49,0,47,0
2-SAT,QwQ-32B (think),qwen__Qwen__QwQ-32B__cnf_qwq_32b_cases_prompt_interleave_zero_shot_desc_allN_3_5_8_10_15_20_25_30_40_50_60_thinking,N,8,0.75,0.9595959595959596,0.4848484848484848,0.09090909090909091,0.47474747474747475,0.9595959595959597,1.1102230246251565e-16,0.484848484848485,0.0909090909090909,0.4747474747474747,0.933425160697888,0.002907866544230253,0.9305172941536577,0.02892561983471075,0.2877257422711968,0.0440771349862259,0.30670339761248855,0.003877155392306907,True,1.0,0.8888888888888888,1.0,1.0,1.0,1.0,1.0,1.0,1.0,1.0,1.0,0.0,0.4444444444444444,0.2222222222222222,0.1111111111111111,0.1111111111111111,0.1111111111111111,0.0,0.0,0.0,0.0,0.0,1.0,1.0,1.0,0.7777777777777778,0.5555555555555556,0.4444444444444444,0.3333333333333333,0.1111111111111111,0.0,0.9247015610651973,11,11,0.03489439853076218,0.9208244056728905,575,SAT_Group_Evaluation/open_source_LLM_2SAT/qwen/outputs/cnf_qwq_32b_unsat_clause_subset_followup_allN_3_5_8_10_15_20_25_30_40_50_60_thinking/results_desc.jsonl,82,99,9,9,9,9,9,9,9,9,9,9,9,9,9,9,9,9,9,9,9,9,9,9,37,16,99,1.0,95,9,47,SAT_Group_Evaluation/analysis/open_source_LLM_2SAT_analysis/open_source_LLM_2SAT_group_adr_with_wilson_and_cp_RMC_rmc_paper_open_vendor_case_b.json,substantive repeated-success threshold,True,0,0,49,0,47,0
2-SAT,QwQ-32B (think),qwen__Qwen__QwQ-32B__cnf_qwq_32b_cases_prompt_interleave_zero_shot_desc_allN_3_5_8_10_15_20_25_30_40_50_60_thinking,N,8,1.0,0.9595959595959596,0.4848484848484848,0.09090909090909091,0.47474747474747475,0.9595959595959597,1.1102230246251565e-16,0.484848484848485,0.0909090909090909,0.4747474747474747,0.9247015610651973,0.003877155392306819,0.9208244056728905,0.008264462809917356,0.22538516477910414,0.028466483011937563,0.25068870523415976,0.003877155392306907,True,1.0,0.8888888888888888,1.0,1.0,1.0,1.0,1.0,1.0,1.0,1.0,1.0,0.0,0.4444444444444444,0.2222222222222222,0.1111111111111111,0.1111111111111111,0.1111111111111111,0.0,0.0,0.0,0.0,0.0,1.0,1.0,1.0,0.7777777777777778,0.5555555555555556,0.4444444444444444,0.3333333333333333,0.1111111111111111,0.0,0.9247015610651973,11,11,0.03489439853076218,0.9208244056728905,575,SAT_Group_Evaluation/open_source_LLM_2SAT/qwen/outputs/cnf_qwq_32b_unsat_clause_subset_followup_allN_3_5_8_10_15_20_25_30_40_50_60_thinking/results_desc.jsonl,82,99,9,9,9,9,9,9,9,9,9,9,9,9,9,9,9,9,9,9,9,9,9,9,37,16,99,1.0,95,9,47,SAT_Group_Evaluation/analysis/open_source_LLM_2SAT_analysis/open_source_LLM_2SAT_group_adr_with_wilson_and_cp_RMC_rmc_paper_open_vendor_case_b.json,substantive repeated-success threshold,True,0,0,49,0,47,0
2-SAT,QwQ-32B (think),qwen__Qwen__QwQ-32B__cnf_qwq_32b_cases_prompt_interleave_zero_shot_desc_allN_3_5_8_10_15_20_25_30_40_50_60_thinking,N,10,0.0,0.898989898989899,0.3737373737373737,0.050505050505050504,0.5252525252525253,0.8989898989898991,1.1102230246251565e-16,0.3737373737373738,0.050505050505050504,0.5252525252525253,0.8989898989898991,1.1102230246251565e-16,0.898989898989899,0.050505050505050504,0.5252525252525253,0.050505050505050504,0.5252525252525253,0.02836445260687685,True,1.0,0.7777777777777778,1.0,1.0,1.0,1.0,1.0,0.8888888888888888,0.8888888888888888,0.8888888888888888,0.8888888888888888,0.0,0.3333333333333333,0.1111111111111111,0.1111111111111111,0.0,0.0,0.0,0.0,0.0,0.0,0.0,1.0,1.0,0.8888888888888888,0.8888888888888888,0.7777777777777778,0.5555555555555556,0.4444444444444444,0.1111111111111111,0.1111111111111111,0.8365472910927456,11,11,0.062442607897153356,0.8081828384858688,575,SAT_Group_Evaluation/open_source_LLM_2SAT/qwen/outputs/cnf_qwq_32b_unsat_clause_subset_followup_allN_3_5_8_10_15_20_25_30_40_50_60_thinking/results_desc.jsonl,82,99,9,9,9,9,9,9,9,9,9,9,9,9,9,9,9,9,9,9,9,9,9,9,34,11,99,1.0,89,5,52,SAT_Group_Evaluation/analysis/open_source_LLM_2SAT_analysis/open_source_LLM_2SAT_group_adr_with_wilson_and_cp_RMC_rmc_paper_open_vendor_case_b.json,substantive repeated-success threshold,True,0,0,36,0,52,1
2-SAT,QwQ-32B (think),qwen__Qwen__QwQ-32B__cnf_qwq_32b_cases_prompt_interleave_zero_shot_desc_allN_3_5_8_10_15_20_25_30_40_50_60_thinking,N,10,0.25,0.898989898989899,0.3737373737373737,0.050505050505050504,0.5252525252525253,0.8989898989898991,1.1102230246251565e-16,0.3737373737373738,0.050505050505050504,0.5252525252525253,0.8833792470156107,0.007091113151719175,0.8762881338638915,0.038516477910417304,0.46291194776043265,0.04040404040404041,0.4706152433425161,0.02836445260687685,True,1.0,0.7777777777777778,1.0,1.0,1.0,1.0,1.0,0.8888888888888888,0.8888888888888888,0.8888888888888888,0.8888888888888888,0.0,0.3333333333333333,0.1111111111111111,0.1111111111111111,0.0,0.0,0.0,0.0,0.0,0.0,0.0,1.0,1.0,0.8888888888888888,0.8888888888888888,0.7777777777777778,0.5555555555555556,0.4444444444444444,0.1111111111111111,0.1111111111111111,0.8365472910927456,11,11,0.062442607897153356,0.8081828384858688,575,SAT_Group_Evaluation/open_source_LLM_2SAT/qwen/outputs/cnf_qwq_32b_unsat_clause_subset_followup_allN_3_5_8_10_15_20_25_30_40_50_60_thinking/results_desc.jsonl,82,99,9,9,9,9,9,9,9,9,9,9,9,9,9,9,9,9,9,9,9,9,9,9,34,11,99,1.0,89,5,52,SAT_Group_Evaluation/analysis/open_source_LLM_2SAT_analysis/open_source_LLM_2SAT_group_adr_with_wilson_and_cp_RMC_rmc_paper_open_vendor_case_b.json,substantive repeated-success threshold,True,0,0,36,0,52,1
2-SAT,QwQ-32B (think),qwen__Qwen__QwQ-32B__cnf_qwq_32b_cases_prompt_interleave_zero_shot_desc_allN_3_5_8_10_15_20_25_30_40_50_60_thinking,N,10,0.5,0.898989898989899,0.3737373737373737,0.050505050505050504,0.5252525252525253,0.8989898989898991,1.1102230246251565e-16,0.3737373737373738,0.050505050505050504,0.5252525252525253,0.8677685950413223,0.01418222630343835,0.853586368737884,0.026527905315784105,0.40057137026834,0.0303030303030303,0.4159779614325069,0.02836445260687685,True,1.0,0.7777777777777778,1.0,1.0,1.0,1.0,1.0,0.8888888888888888,0.8888888888888888,0.8888888888888888,0.8888888888888888,0.0,0.3333333333333333,0.1111111111111111,0.1111111111111111,0.0,0.0,0.0,0.0,0.0,0.0,0.0,1.0,1.0,0.8888888888888888,0.8888888888888888,0.7777777777777778,0.5555555555555556,0.4444444444444444,0.1111111111111111,0.1111111111111111,0.8365472910927456,11,11,0.062442607897153356,0.8081828384858688,575,SAT_Group_Evaluation/open_source_LLM_2SAT/qwen/outputs/cnf_qwq_32b_unsat_clause_subset_followup_allN_3_5_8_10_15_20_25_30_40_50_60_thinking/results_desc.jsonl,82,99,9,9,9,9,9,9,9,9,9,9,9,9,9,9,9,9,9,9,9,9,9,9,34,11,99,1.0,89,5,52,SAT_Group_Evaluation/analysis/open_source_LLM_2SAT_analysis/open_source_LLM_2SAT_group_adr_with_wilson_and_cp_RMC_rmc_paper_open_vendor_case_b.json,substantive repeated-success threshold,True,0,0,36,0,52,1
2-SAT,QwQ-32B (think),qwen__Qwen__QwQ-32B__cnf_qwq_32b_cases_prompt_interleave_zero_shot_desc_allN_3_5_8_10_15_20_25_30_40_50_60_thinking,N,10,0.75,0.898989898989899,0.3737373737373737,0.050505050505050504,0.5252525252525253,0.8989898989898991,1.1102230246251565e-16,0.3737373737373738,0.050505050505050504,0.5252525252525253,0.852157943067034,0.021273339455157636,0.8308846036118763,0.014539332721150898,0.33823079277624735,0.020202020202020204,0.3613406795224977,0.02836445260687685,True,1.0,0.7777777777777778,1.0,1.0,1.0,1.0,1.0,0.8888888888888888,0.8888888888888888,0.8888888888888888,0.8888888888888888,0.0,0.3333333333333333,0.1111111111111111,0.1111111111111111,0.0,0.0,0.0,0.0,0.0,0.0,0.0,1.0,1.0,0.8888888888888888,0.8888888888888888,0.7777777777777778,0.5555555555555556,0.4444444444444444,0.1111111111111111,0.1111111111111111,0.8365472910927456,11,11,0.062442607897153356,0.8081828384858688,575,SAT_Group_Evaluation/open_source_LLM_2SAT/qwen/outputs/cnf_qwq_32b_unsat_clause_subset_followup_allN_3_5_8_10_15_20_25_30_40_50_60_thinking/results_desc.jsonl,82,99,9,9,9,9,9,9,9,9,9,9,9,9,9,9,9,9,9,9,9,9,9,9,34,11,99,1.0,89,5,52,SAT_Group_Evaluation/analysis/open_source_LLM_2SAT_analysis/open_source_LLM_2SAT_group_adr_with_wilson_and_cp_RMC_rmc_paper_open_vendor_case_b.json,substantive repeated-success threshold,True,0,0,36,0,52,1
2-SAT,QwQ-32B (think),qwen__Qwen__QwQ-32B__cnf_qwq_32b_cases_prompt_interleave_zero_shot_desc_allN_3_5_8_10_15_20_25_30_40_50_60_thinking,N,10,1.0,0.898989898989899,0.3737373737373737,0.050505050505050504,0.5252525252525253,0.8989898989898991,1.1102230246251565e-16,0.3737373737373738,0.050505050505050504,0.5252525252525253,0.8365472910927456,0.02836445260687681,0.8081828384858688,0.002550760126517705,0.2758902152841547,0.010101010101010102,0.30670339761248855,0.02836445260687685,True,1.0,0.7777777777777778,1.0,1.0,1.0,1.0,1.0,0.8888888888888888,0.8888888888888888,0.8888888888888888,0.8888888888888888,0.0,0.3333333333333333,0.1111111111111111,0.1111111111111111,0.0,0.0,0.0,0.0,0.0,0.0,0.0,1.0,1.0,0.8888888888888888,0.8888888888888888,0.7777777777777778,0.5555555555555556,0.4444444444444444,0.1111111111111111,0.1111111111111111,0.8365472910927456,11,11,0.062442607897153356,0.8081828384858688,575,SAT_Group_Evaluation/open_source_LLM_2SAT/qwen/outputs/cnf_qwq_32b_unsat_clause_subset_followup_allN_3_5_8_10_15_20_25_30_40_50_60_thinking/results_desc.jsonl,82,99,9,9,9,9,9,9,9,9,9,9,9,9,9,9,9,9,9,9,9,9,9,9,34,11,99,1.0,89,5,52,SAT_Group_Evaluation/analysis/open_source_LLM_2SAT_analysis/open_source_LLM_2SAT_group_adr_with_wilson_and_cp_RMC_rmc_paper_open_vendor_case_b.json,substantive repeated-success threshold,True,0,0,36,0,52,1
2-SAT,QwQ-32B (think),qwen__Qwen__QwQ-32B__cnf_qwq_32b_cases_prompt_interleave_zero_shot_desc_allN_3_5_8_10_15_20_25_30_40_50_60_thinking,N,15,0.0,0.5959595959595959,0.2626262626262626,0.06060606060606061,0.3333333333333333,0.5959595959595959,0.0,0.2626262626262626,0.0606060606060606,0.3333333333333333,0.5959595959595959,0.0,0.5959595959595959,0.06060606060606061,0.3333333333333333,0.0606060606060606,0.3333333333333333,0.024079175594327117,True,1.0,0.0,1.0,1.0,1.0,0.8888888888888888,0.8888888888888888,0.7777777777777778,0.5555555555555556,0.3333333333333333,0.1111111111111111,0.0,0.2222222222222222,0.2222222222222222,0.2222222222222222,0.0,0.0,0.0,0.0,0.0,0.0,0.0,1.0,1.0,0.8888888888888888,0.5555555555555556,0.1111111111111111,0.1111111111111111,0.0,0.0,0.0,0.379247015610652,11,11,0.21671258034894397,0.3551678400163248,575,SAT_Group_Evaluation/open_source_LLM_2SAT/qwen/outputs/cnf_qwq_32b_unsat_clause_subset_followup_allN_3_5_8_10_15_20_25_30_40_50_60_thinking/results_desc.jsonl,82,99,9,9,9,9,9,9,9,9,9,9,9,9,9,9,9,9,9,9,9,9,9,9,39,11,99,1.0,59,6,33,SAT_Group_Evaluation/analysis/open_source_LLM_2SAT_analysis/open_source_LLM_2SAT_group_adr_with_wilson_and_cp_RMC_rmc_paper_open_vendor_case_b.json,substantive repeated-success threshold,True,0,0,22,0,33,4
2-SAT,QwQ-32B (think),qwen__Qwen__QwQ-32B__cnf_qwq_32b_cases_prompt_interleave_zero_shot_desc_allN_3_5_8_10_15_20_25_30_40_50_60_thinking,N,15,0.25,0.5959595959595959,0.2626262626262626,0.06060606060606061,0.3333333333333333,0.5959595959595959,0.0,0.2626262626262626,0.0606060606060606,0.3333333333333333,0.54178145087236,0.006019793898581871,0.5357616569737781,0.046372819100091826,0.27777777777777773,0.04958677685950413,0.28007346189164367,0.024079175594327117,True,1.0,0.0,1.0,1.0,1.0,0.8888888888888888,0.8888888888888888,0.7777777777777778,0.5555555555555556,0.3333333333333333,0.1111111111111111,0.0,0.2222222222222222,0.2222222222222222,0.2222222222222222,0.0,0.0,0.0,0.0,0.0,0.0,0.0,1.0,1.0,0.8888888888888888,0.5555555555555556,0.1111111111111111,0.1111111111111111,0.0,0.0,0.0,0.379247015610652,11,11,0.21671258034894397,0.3551678400163248,575,SAT_Group_Evaluation/open_source_LLM_2SAT/qwen/outputs/cnf_qwq_32b_unsat_clause_subset_followup_allN_3_5_8_10_15_20_25_30_40_50_60_thinking/results_desc.jsonl,82,99,9,9,9,9,9,9,9,9,9,9,9,9,9,9,9,9,9,9,9,9,9,9,39,11,99,1.0,59,6,33,SAT_Group_Evaluation/analysis/open_source_LLM_2SAT_analysis/open_source_LLM_2SAT_group_adr_with_wilson_and_cp_RMC_rmc_paper_open_vendor_case_b.json,substantive repeated-success threshold,True,0,0,22,0,33,4
2-SAT,QwQ-32B (think),qwen__Qwen__QwQ-32B__cnf_qwq_32b_cases_prompt_interleave_zero_shot_desc_allN_3_5_8_10_15_20_25_30_40_50_60_thinking,N,15,0.5,0.5959595959595959,0.2626262626262626,0.06060606060606061,0.3333333333333333,0.5959595959595959,0.0,0.2626262626262626,0.0606060606060606,0.3333333333333333,0.48760330578512395,0.012039587797163576,0.4755637179879604,0.032139577594123045,0.2222222222222222,0.03856749311294765,0.22681359044995408,0.024079175594327117,True,1.0,0.0,1.0,1.0,1.0,0.8888888888888888,0.8888888888888888,0.7777777777777778,0.5555555555555556,0.3333333333333333,0.1111111111111111,0.0,0.2222222222222222,0.2222222222222222,0.2222222222222222,0.0,0.0,0.0,0.0,0.0,0.0,0.0,1.0,1.0,0.8888888888888888,0.5555555555555556,0.1111111111111111,0.1111111111111111,0.0,0.0,0.0,0.379247015610652,11,11,0.21671258034894397,0.3551678400163248,575,SAT_Group_Evaluation/open_source_LLM_2SAT/qwen/outputs/cnf_qwq_32b_unsat_clause_subset_followup_allN_3_5_8_10_15_20_25_30_40_50_60_thinking/results_desc.jsonl,82,99,9,9,9,9,9,9,9,9,9,9,9,9,9,9,9,9,9,9,9,9,9,9,39,11,99,1.0,59,6,33,SAT_Group_Evaluation/analysis/open_source_LLM_2SAT_analysis/open_source_LLM_2SAT_group_adr_with_wilson_and_cp_RMC_rmc_paper_open_vendor_case_b.json,substantive repeated-success threshold,True,0,0,22,0,33,4
2-SAT,QwQ-32B (think),qwen__Qwen__QwQ-32B__cnf_qwq_32b_cases_prompt_interleave_zero_shot_desc_allN_3_5_8_10_15_20_25_30_40_50_60_thinking,N,15,0.75,0.5959595959595959,0.2626262626262626,0.06060606060606061,0.3333333333333333,0.5959595959595959,0.0,0.2626262626262626,0.0606060606060606,0.3333333333333333,0.433425160697888,0.018059381695745447,0.41536577900214255,0.01790633608815427,0.16666666666666663,0.02754820936639118,0.17355371900826447,0.024079175594327117,True,1.0,0.0,1.0,1.0,1.0,0.8888888888888888,0.8888888888888888,0.7777777777777778,0.5555555555555556,0.3333333333333333,0.1111111111111111,0.0,0.2222222222222222,0.2222222222222222,0.2222222222222222,0.0,0.0,0.0,0.0,0.0,0.0,0.0,1.0,1.0,0.8888888888888888,0.5555555555555556,0.1111111111111111,0.1111111111111111,0.0,0.0,0.0,0.379247015610652,11,11,0.21671258034894397,0.3551678400163248,575,SAT_Group_Evaluation/open_source_LLM_2SAT/qwen/outputs/cnf_qwq_32b_unsat_clause_subset_followup_allN_3_5_8_10_15_20_25_30_40_50_60_thinking/results_desc.jsonl,82,99,9,9,9,9,9,9,9,9,9,9,9,9,9,9,9,9,9,9,9,9,9,9,39,11,99,1.0,59,6,33,SAT_Group_Evaluation/analysis/open_source_LLM_2SAT_analysis/open_source_LLM_2SAT_group_adr_with_wilson_and_cp_RMC_rmc_paper_open_vendor_case_b.json,substantive repeated-success threshold,True,0,0,22,0,33,4
2-SAT,QwQ-32B (think),qwen__Qwen__QwQ-32B__cnf_qwq_32b_cases_prompt_interleave_zero_shot_desc_allN_3_5_8_10_15_20_25_30_40_50_60_thinking,N,15,1.0,0.5959595959595959,0.2626262626262626,0.06060606060606061,0.3333333333333333,0.5959595959595959,0.0,0.2626262626262626,0.0606060606060606,0.3333333333333333,0.379247015610652,0.02407917559432715,0.35516784001632484,0.003673094582185489,0.11111111111111108,0.01652892561983471,0.12029384756657484,0.024079175594327117,True,1.0,0.0,1.0,1.0,1.0,0.8888888888888888,0.8888888888888888,0.7777777777777778,0.5555555555555556,0.3333333333333333,0.1111111111111111,0.0,0.2222222222222222,0.2222222222222222,0.2222222222222222,0.0,0.0,0.0,0.0,0.0,0.0,0.0,1.0,1.0,0.8888888888888888,0.5555555555555556,0.1111111111111111,0.1111111111111111,0.0,0.0,0.0,0.379247015610652,11,11,0.21671258034894397,0.3551678400163248,575,SAT_Group_Evaluation/open_source_LLM_2SAT/qwen/outputs/cnf_qwq_32b_unsat_clause_subset_followup_allN_3_5_8_10_15_20_25_30_40_50_60_thinking/results_desc.jsonl,82,99,9,9,9,9,9,9,9,9,9,9,9,9,9,9,9,9,9,9,9,9,9,9,39,11,99,1.0,59,6,33,SAT_Group_Evaluation/analysis/open_source_LLM_2SAT_analysis/open_source_LLM_2SAT_group_adr_with_wilson_and_cp_RMC_rmc_paper_open_vendor_case_b.json,substantive repeated-success threshold,True,0,0,22,0,33,4
2-SAT,QwQ-32B (think),qwen__Qwen__QwQ-32B__cnf_qwq_32b_cases_prompt_interleave_zero_shot_desc_allN_3_5_8_10_15_20_25_30_40_50_60_thinking,N,20,0.0,0.2828282828282828,0.101010101010101,0.030303030303030304,0.18181818181818182,0.2828282828282828,0.0,0.10101010101010102,0.0303030303030303,0.1818181818181818,0.2828282828282828,0.0,0.2828282828282828,0.030303030303030304,0.18181818181818182,0.0303030303030303,0.1818181818181818,0.03387409448015508,True,1.0,0.0,1.0,0.8888888888888888,0.4444444444444444,0.2222222222222222,0.2222222222222222,0.1111111111111111,0.1111111111111111,0.1111111111111111,0.0,0.0,0.2222222222222222,0.1111111111111111,0.0,0.0,0.0,0.0,0.0,0.0,0.0,0.0,0.8888888888888888,0.5555555555555556,0.2222222222222222,0.1111111111111111,0.1111111111111111,0.1111111111111111,0.0,0.0,0.0,0.11386593204775022,11,11,0.16896235078053257,0.07999183756759513,575,SAT_Group_Evaluation/open_source_LLM_2SAT/qwen/outputs/cnf_qwq_32b_unsat_clause_subset_followup_allN_3_5_8_10_15_20_25_30_40_50_60_thinking/results_desc.jsonl,82,99,9,9,9,9,9,9,9,9,9,9,9,9,9,9,9,9,9,9,9,9,9,9,37,6,99,1.0,28,3,18,SAT_Group_Evaluation/analysis/open_source_LLM_2SAT_analysis/open_source_LLM_2SAT_group_adr_with_wilson_and_cp_RMC_rmc_paper_open_vendor_case_b.json,substantive repeated-success threshold,True,0,0,7,0,18,3
2-SAT,QwQ-32B (think),qwen__Qwen__QwQ-32B__cnf_qwq_32b_cases_prompt_interleave_zero_shot_desc_allN_3_5_8_10_15_20_25_30_40_50_60_thinking,N,20,0.25,0.2828282828282828,0.101010101010101,0.030303030303030304,0.18181818181818182,0.2828282828282828,0.0,0.10101010101010102,0.0303030303030303,0.1818181818181818,0.24058769513314968,0.008468523620038776,0.2321191715131109,0.02295684113865932,0.14462809917355374,0.023875114784205693,0.15013774104683197,0.03387409448015508,True,1.0,0.0,1.0,0.8888888888888888,0.4444444444444444,0.2222222222222222,0.2222222222222222,0.1111111111111111,0.1111111111111111,0.1111111111111111,0.0,0.0,0.2222222222222222,0.1111111111111111,0.0,0.0,0.0,0.0,0.0,0.0,0.0,0.0,0.8888888888888888,0.5555555555555556,0.2222222222222222,0.1111111111111111,0.1111111111111111,0.1111111111111111,0.0,0.0,0.0,0.11386593204775022,11,11,0.16896235078053257,0.07999183756759513,575,SAT_Group_Evaluation/open_source_LLM_2SAT/qwen/outputs/cnf_qwq_32b_unsat_clause_subset_followup_allN_3_5_8_10_15_20_25_30_40_50_60_thinking/results_desc.jsonl,82,99,9,9,9,9,9,9,9,9,9,9,9,9,9,9,9,9,9,9,9,9,9,9,37,6,99,1.0,28,3,18,SAT_Group_Evaluation/analysis/open_source_LLM_2SAT_analysis/open_source_LLM_2SAT_group_adr_with_wilson_and_cp_RMC_rmc_paper_open_vendor_case_b.json,substantive repeated-success threshold,True,0,0,7,0,18,3
2-SAT,QwQ-32B (think),qwen__Qwen__QwQ-32B__cnf_qwq_32b_cases_prompt_interleave_zero_shot_desc_allN_3_5_8_10_15_20_25_30_40_50_60_thinking,N,20,0.5,0.2828282828282828,0.101010101010101,0.030303030303030304,0.18181818181818182,0.2828282828282828,0.0,0.10101010101010102,0.0303030303030303,0.1818181818181818,0.19834710743801653,0.016937047240077552,0.18141006019793898,0.015610651974288337,0.10743801652892562,0.017447199265381085,0.1184573002754821,0.03387409448015508,True,1.0,0.0,1.0,0.8888888888888888,0.4444444444444444,0.2222222222222222,0.2222222222222222,0.1111111111111111,0.1111111111111111,0.1111111111111111,0.0,0.0,0.2222222222222222,0.1111111111111111,0.0,0.0,0.0,0.0,0.0,0.0,0.0,0.0,0.8888888888888888,0.5555555555555556,0.2222222222222222,0.1111111111111111,0.1111111111111111,0.1111111111111111,0.0,0.0,0.0,0.11386593204775022,11,11,0.16896235078053257,0.07999183756759513,575,SAT_Group_Evaluation/open_source_LLM_2SAT/qwen/outputs/cnf_qwq_32b_unsat_clause_subset_followup_allN_3_5_8_10_15_20_25_30_40_50_60_thinking/results_desc.jsonl,82,99,9,9,9,9,9,9,9,9,9,9,9,9,9,9,9,9,9,9,9,9,9,9,37,6,99,1.0,28,3,18,SAT_Group_Evaluation/analysis/open_source_LLM_2SAT_analysis/open_source_LLM_2SAT_group_adr_with_wilson_and_cp_RMC_rmc_paper_open_vendor_case_b.json,substantive repeated-success threshold,True,0,0,7,0,18,3
2-SAT,QwQ-32B (think),qwen__Qwen__QwQ-32B__cnf_qwq_32b_cases_prompt_interleave_zero_shot_desc_allN_3_5_8_10_15_20_25_30_40_50_60_thinking,N,20,0.75,0.2828282828282828,0.101010101010101,0.030303030303030304,0.18181818181818182,0.2828282828282828,0.0,0.10101010101010102,0.0303030303030303,0.1818181818181818,0.15610651974288337,0.025405570860116272,0.1307009488827671,0.008264462809917356,0.07024793388429754,0.011019283746556478,0.08677685950413223,0.03387409448015508,True,1.0,0.0,1.0,0.8888888888888888,0.4444444444444444,0.2222222222222222,0.2222222222222222,0.1111111111111111,0.1111111111111111,0.1111111111111111,0.0,0.0,0.2222222222222222,0.1111111111111111,0.0,0.0,0.0,0.0,0.0,0.0,0.0,0.0,0.8888888888888888,0.5555555555555556,0.2222222222222222,0.1111111111111111,0.1111111111111111,0.1111111111111111,0.0,0.0,0.0,0.11386593204775022,11,11,0.16896235078053257,0.07999183756759513,575,SAT_Group_Evaluation/open_source_LLM_2SAT/qwen/outputs/cnf_qwq_32b_unsat_clause_subset_followup_allN_3_5_8_10_15_20_25_30_40_50_60_thinking/results_desc.jsonl,82,99,9,9,9,9,9,9,9,9,9,9,9,9,9,9,9,9,9,9,9,9,9,9,37,6,99,1.0,28,3,18,SAT_Group_Evaluation/analysis/open_source_LLM_2SAT_analysis/open_source_LLM_2SAT_group_adr_with_wilson_and_cp_RMC_rmc_paper_open_vendor_case_b.json,substantive repeated-success threshold,True,0,0,7,0,18,3
2-SAT,QwQ-32B (think),qwen__Qwen__QwQ-32B__cnf_qwq_32b_cases_prompt_interleave_zero_shot_desc_allN_3_5_8_10_15_20_25_30_40_50_60_thinking,N,20,1.0,0.2828282828282828,0.101010101010101,0.030303030303030304,0.18181818181818182,0.2828282828282828,0.0,0.10101010101010102,0.0303030303030303,0.1818181818181818,0.11386593204775025,0.033874094480155104,0.07999183756759515,0.0009182736455463705,0.03305785123966942,0.004591368227731864,0.055096418732782364,0.03387409448015508,True,1.0,0.0,1.0,0.8888888888888888,0.4444444444444444,0.2222222222222222,0.2222222222222222,0.1111111111111111,0.1111111111111111,0.1111111111111111,0.0,0.0,0.2222222222222222,0.1111111111111111,0.0,0.0,0.0,0.0,0.0,0.0,0.0,0.0,0.8888888888888888,0.5555555555555556,0.2222222222222222,0.1111111111111111,0.1111111111111111,0.1111111111111111,0.0,0.0,0.0,0.11386593204775022,11,11,0.16896235078053257,0.07999183756759513,575,SAT_Group_Evaluation/open_source_LLM_2SAT/qwen/outputs/cnf_qwq_32b_unsat_clause_subset_followup_allN_3_5_8_10_15_20_25_30_40_50_60_thinking/results_desc.jsonl,82,99,9,9,9,9,9,9,9,9,9,9,9,9,9,9,9,9,9,9,9,9,9,9,37,6,99,1.0,28,3,18,SAT_Group_Evaluation/analysis/open_source_LLM_2SAT_analysis/open_source_LLM_2SAT_group_adr_with_wilson_and_cp_RMC_rmc_paper_open_vendor_case_b.json,substantive repeated-success threshold,True,0,0,7,0,18,3
2-SAT,QwQ-32B (think),qwen__Qwen__QwQ-32B__cnf_qwq_32b_cases_prompt_interleave_zero_shot_desc_allN_3_5_8_10_15_20_25_30_40_50_60_thinking,N,25,0.0,0.16161616161616163,0.09090909090909093,0.0,0.0707070707070707,0.16161616161616163,0.0,0.09090909090909093,0.0,0.0707070707070707,0.16161616161616163,0.0,0.16161616161616163,0.0,0.0707070707070707,0.0,0.0707070707070707,0.025303540455055604,True,1.0,0.0,0.6666666666666666,0.4444444444444444,0.3333333333333333,0.2222222222222222,0.1111111111111111,0.0,0.0,0.0,0.0,0.0,0.0,0.0,0.0,0.0,0.0,0.0,0.0,0.0,0.0,0.0,0.4444444444444444,0.3333333333333333,0.0,0.0,0.0,0.0,0.0,0.0,0.0,0.051423324150596875,11,11,0.11019283746556474,0.026119783695541274,575,SAT_Group_Evaluation/open_source_LLM_2SAT/qwen/outputs/cnf_qwq_32b_unsat_clause_subset_followup_allN_3_5_8_10_15_20_25_30_40_50_60_thinking/results_desc.jsonl,82,99,9,9,9,9,9,9,9,9,9,9,9,9,9,9,9,9,9,9,9,9,9,9,41,3,99,1.0,16,0,7,SAT_Group_Evaluation/analysis/open_source_LLM_2SAT_analysis/open_source_LLM_2SAT_group_adr_with_wilson_and_cp_RMC_rmc_paper_open_vendor_case_b.json,substantive repeated-success threshold,True,0,0,5,0,7,4
2-SAT,QwQ-32B (think),qwen__Qwen__QwQ-32B__cnf_qwq_32b_cases_prompt_interleave_zero_shot_desc_allN_3_5_8_10_15_20_25_30_40_50_60_thinking,N,25,0.25,0.16161616161616163,0.09090909090909093,0.0,0.0707070707070707,0.16161616161616163,0.0,0.09090909090909093,0.0,0.0707070707070707,0.13406795224977042,0.006325885113763863,0.12774206713600655,0.0,0.0542801754922967,0.0,0.056014692378328755,0.025303540455055604,True,1.0,0.0,0.6666666666666666,0.4444444444444444,0.3333333333333333,0.2222222222222222,0.1111111111111111,0.0,0.0,0.0,0.0,0.0,0.0,0.0,0.0,0.0,0.0,0.0,0.0,0.0,0.0,0.0,0.4444444444444444,0.3333333333333333,0.0,0.0,0.0,0.0,0.0,0.0,0.0,0.051423324150596875,11,11,0.11019283746556474,0.026119783695541274,575,SAT_Group_Evaluation/open_source_LLM_2SAT/qwen/outputs/cnf_qwq_32b_unsat_clause_subset_followup_allN_3_5_8_10_15_20_25_30_40_50_60_thinking/results_desc.jsonl,82,99,9,9,9,9,9,9,9,9,9,9,9,9,9,9,9,9,9,9,9,9,9,9,41,3,99,1.0,16,0,7,SAT_Group_Evaluation/analysis/open_source_LLM_2SAT_analysis/open_source_LLM_2SAT_group_adr_with_wilson_and_cp_RMC_rmc_paper_open_vendor_case_b.json,substantive repeated-success threshold,True,0,0,5,0,7,4
2-SAT,QwQ-32B (think),qwen__Qwen__QwQ-32B__cnf_qwq_32b_cases_prompt_interleave_zero_shot_desc_allN_3_5_8_10_15_20_25_30_40_50_60_thinking,N,25,0.5,0.16161616161616163,0.09090909090909093,0.0,0.0707070707070707,0.16161616161616163,0.0,0.09090909090909093,0.0,0.0707070707070707,0.10651974288337925,0.012651770227527795,0.09386797265585145,0.0,0.0378532802775227,0.0,0.04132231404958678,0.025303540455055604,True,1.0,0.0,0.6666666666666666,0.4444444444444444,0.3333333333333333,0.2222222222222222,0.1111111111111111,0.0,0.0,0.0,0.0,0.0,0.0,0.0,0.0,0.0,0.0,0.0,0.0,0.0,0.0,0.0,0.4444444444444444,0.3333333333333333,0.0,0.0,0.0,0.0,0.0,0.0,0.0,0.051423324150596875,11,11,0.11019283746556474,0.026119783695541274,575,SAT_Group_Evaluation/open_source_LLM_2SAT/qwen/outputs/cnf_qwq_32b_unsat_clause_subset_followup_allN_3_5_8_10_15_20_25_30_40_50_60_thinking/results_desc.jsonl,82,99,9,9,9,9,9,9,9,9,9,9,9,9,9,9,9,9,9,9,9,9,9,9,41,3,99,1.0,16,0,7,SAT_Group_Evaluation/analysis/open_source_LLM_2SAT_analysis/open_source_LLM_2SAT_group_adr_with_wilson_and_cp_RMC_rmc_paper_open_vendor_case_b.json,substantive repeated-success threshold,True,0,0,5,0,7,4
2-SAT,QwQ-32B (think),qwen__Qwen__QwQ-32B__cnf_qwq_32b_cases_prompt_interleave_zero_shot_desc_allN_3_5_8_10_15_20_25_30_40_50_60_thinking,N,25,0.75,0.16161616161616163,0.09090909090909093,0.0,0.0707070707070707,0.16161616161616163,0.0,0.09090909090909093,0.0,0.0707070707070707,0.07897153351698806,0.018977655341291685,0.059993878175696375,0.0,0.0214263850627487,0.0,0.02662993572084482,0.025303540455055604,True,1.0,0.0,0.6666666666666666,0.4444444444444444,0.3333333333333333,0.2222222222222222,0.1111111111111111,0.0,0.0,0.0,0.0,0.0,0.0,0.0,0.0,0.0,0.0,0.0,0.0,0.0,0.0,0.0,0.4444444444444444,0.3333333333333333,0.0,0.0,0.0,0.0,0.0,0.0,0.0,0.051423324150596875,11,11,0.11019283746556474,0.026119783695541274,575,SAT_Group_Evaluation/open_source_LLM_2SAT/qwen/outputs/cnf_qwq_32b_unsat_clause_subset_followup_allN_3_5_8_10_15_20_25_30_40_50_60_thinking/results_desc.jsonl,82,99,9,9,9,9,9,9,9,9,9,9,9,9,9,9,9,9,9,9,9,9,9,9,41,3,99,1.0,16,0,7,SAT_Group_Evaluation/analysis/open_source_LLM_2SAT_analysis/open_source_LLM_2SAT_group_adr_with_wilson_and_cp_RMC_rmc_paper_open_vendor_case_b.json,substantive repeated-success threshold,True,0,0,5,0,7,4
2-SAT,QwQ-32B (think),qwen__Qwen__QwQ-32B__cnf_qwq_32b_cases_prompt_interleave_zero_shot_desc_allN_3_5_8_10_15_20_25_30_40_50_60_thinking,N,25,1.0,0.16161616161616163,0.09090909090909093,0.0,0.0707070707070707,0.16161616161616163,0.0,0.09090909090909093,0.0,0.0707070707070707,0.05142332415059688,0.02530354045505561,0.02611978369554127,0.0,0.0049994898479747,0.0,0.011937557392102846,0.025303540455055604,True,1.0,0.0,0.6666666666666666,0.4444444444444444,0.3333333333333333,0.2222222222222222,0.1111111111111111,0.0,0.0,0.0,0.0,0.0,0.0,0.0,0.0,0.0,0.0,0.0,0.0,0.0,0.0,0.0,0.4444444444444444,0.3333333333333333,0.0,0.0,0.0,0.0,0.0,0.0,0.0,0.051423324150596875,11,11,0.11019283746556474,0.026119783695541274,575,SAT_Group_Evaluation/open_source_LLM_2SAT/qwen/outputs/cnf_qwq_32b_unsat_clause_subset_followup_allN_3_5_8_10_15_20_25_30_40_50_60_thinking/results_desc.jsonl,82,99,9,9,9,9,9,9,9,9,9,9,9,9,9,9,9,9,9,9,9,9,9,9,41,3,99,1.0,16,0,7,SAT_Group_Evaluation/analysis/open_source_LLM_2SAT_analysis/open_source_LLM_2SAT_group_adr_with_wilson_and_cp_RMC_rmc_paper_open_vendor_case_b.json,substantive repeated-success threshold,True,0,0,5,0,7,4
2-SAT,QwQ-32B (think),qwen__Qwen__QwQ-32B__cnf_qwq_32b_cases_prompt_interleave_zero_shot_desc_allN_3_5_8_10_15_20_25_30_40_50_60_thinking,N,30,0.0,0.030303030303030304,0.030303030303030304,0.0,0.0,0.0303030303030303,-3.469446951953614e-18,0.0303030303030303,0.0,0.0,0.0303030303030303,-3.469446951953614e-18,0.030303030303030304,0.0,0.0,0.0,0.0,0.0018365472910927456,True,1.0,0.0,0.3333333333333333,0.0,0.0,0.0,0.0,0.0,0.0,0.0,0.0,0.0,0.0,0.0,0.0,0.0,0.0,0.0,0.0,0.0,0.0,0.0,0.0,0.0,0.0,0.0,0.0,0.0,0.0,0.0,0.0,0.0027548209366391185,11,11,0.027548209366391185,0.0009182736455463729,575,SAT_Group_Evaluation/open_source_LLM_2SAT/qwen/outputs/cnf_qwq_32b_unsat_clause_subset_followup_allN_3_5_8_10_15_20_25_30_40_50_60_thinking/results_desc.jsonl,82,99,9,9,9,9,9,9,9,9,9,9,9,9,9,9,9,9,9,9,9,9,9,9,37,2,99,1.0,3,0,0,SAT_Group_Evaluation/analysis/open_source_LLM_2SAT_analysis/open_source_LLM_2SAT_group_adr_with_wilson_and_cp_RMC_rmc_paper_open_vendor_case_b.json,substantive repeated-success threshold,True,0,0,2,0,0,1
2-SAT,QwQ-32B (think),qwen__Qwen__QwQ-32B__cnf_qwq_32b_cases_prompt_interleave_zero_shot_desc_allN_3_5_8_10_15_20_25_30_40_50_60_thinking,N,30,0.25,0.030303030303030304,0.030303030303030304,0.0,0.0,0.0303030303030303,-3.469446951953614e-18,0.0303030303030303,0.0,0.0,0.023415977961432508,0.00045913682277318874,0.02295684113865932,0.0,0.0,0.0,0.0,0.0018365472910927456,True,1.0,0.0,0.3333333333333333,0.0,0.0,0.0,0.0,0.0,0.0,0.0,0.0,0.0,0.0,0.0,0.0,0.0,0.0,0.0,0.0,0.0,0.0,0.0,0.0,0.0,0.0,0.0,0.0,0.0,0.0,0.0,0.0,0.0027548209366391185,11,11,0.027548209366391185,0.0009182736455463729,575,SAT_Group_Evaluation/open_source_LLM_2SAT/qwen/outputs/cnf_qwq_32b_unsat_clause_subset_followup_allN_3_5_8_10_15_20_25_30_40_50_60_thinking/results_desc.jsonl,82,99,9,9,9,9,9,9,9,9,9,9,9,9,9,9,9,9,9,9,9,9,9,9,37,2,99,1.0,3,0,0,SAT_Group_Evaluation/analysis/open_source_LLM_2SAT_analysis/open_source_LLM_2SAT_group_adr_with_wilson_and_cp_RMC_rmc_paper_open_vendor_case_b.json,substantive repeated-success threshold,True,0,0,2,0,0,1
2-SAT,QwQ-32B (think),qwen__Qwen__QwQ-32B__cnf_qwq_32b_cases_prompt_interleave_zero_shot_desc_allN_3_5_8_10_15_20_25_30_40_50_60_thinking,N,30,0.5,0.030303030303030304,0.030303030303030304,0.0,0.0,0.0303030303030303,-3.469446951953614e-18,0.0303030303030303,0.0,0.0,0.01652892561983471,0.000918273645546374,0.015610651974288337,0.0,0.0,0.0,0.0,0.0018365472910927456,True,1.0,0.0,0.3333333333333333,0.0,0.0,0.0,0.0,0.0,0.0,0.0,0.0,0.0,0.0,0.0,0.0,0.0,0.0,0.0,0.0,0.0,0.0,0.0,0.0,0.0,0.0,0.0,0.0,0.0,0.0,0.0,0.0,0.0027548209366391185,11,11,0.027548209366391185,0.0009182736455463729,575,SAT_Group_Evaluation/open_source_LLM_2SAT/qwen/outputs/cnf_qwq_32b_unsat_clause_subset_followup_allN_3_5_8_10_15_20_25_30_40_50_60_thinking/results_desc.jsonl,82,99,9,9,9,9,9,9,9,9,9,9,9,9,9,9,9,9,9,9,9,9,9,9,37,2,99,1.0,3,0,0,SAT_Group_Evaluation/analysis/open_source_LLM_2SAT_analysis/open_source_LLM_2SAT_group_adr_with_wilson_and_cp_RMC_rmc_paper_open_vendor_case_b.json,substantive repeated-success threshold,True,0,0,2,0,0,1
2-SAT,QwQ-32B (think),qwen__Qwen__QwQ-32B__cnf_qwq_32b_cases_prompt_interleave_zero_shot_desc_allN_3_5_8_10_15_20_25_30_40_50_60_thinking,N,30,0.75,0.030303030303030304,0.030303030303030304,0.0,0.0,0.0303030303030303,-3.469446951953614e-18,0.0303030303030303,0.0,0.0,0.009641873278236915,0.0013774104683195593,0.008264462809917356,0.0,0.0,0.0,0.0,0.0018365472910927456,True,1.0,0.0,0.3333333333333333,0.0,0.0,0.0,0.0,0.0,0.0,0.0,0.0,0.0,0.0,0.0,0.0,0.0,0.0,0.0,0.0,0.0,0.0,0.0,0.0,0.0,0.0,0.0,0.0,0.0,0.0,0.0,0.0,0.0027548209366391185,11,11,0.027548209366391185,0.0009182736455463729,575,SAT_Group_Evaluation/open_source_LLM_2SAT/qwen/outputs/cnf_qwq_32b_unsat_clause_subset_followup_allN_3_5_8_10_15_20_25_30_40_50_60_thinking/results_desc.jsonl,82,99,9,9,9,9,9,9,9,9,9,9,9,9,9,9,9,9,9,9,9,9,9,9,37,2,99,1.0,3,0,0,SAT_Group_Evaluation/analysis/open_source_LLM_2SAT_analysis/open_source_LLM_2SAT_group_adr_with_wilson_and_cp_RMC_rmc_paper_open_vendor_case_b.json,substantive repeated-success threshold,True,0,0,2,0,0,1
2-SAT,QwQ-32B (think),qwen__Qwen__QwQ-32B__cnf_qwq_32b_cases_prompt_interleave_zero_shot_desc_allN_3_5_8_10_15_20_25_30_40_50_60_thinking,N,30,1.0,0.030303030303030304,0.030303030303030304,0.0,0.0,0.0303030303030303,-3.469446951953614e-18,0.0303030303030303,0.0,0.0,0.0027548209366391185,0.001836547291092748,0.0009182736455463705,0.0,0.0,0.0,0.0,0.0018365472910927456,True,1.0,0.0,0.3333333333333333,0.0,0.0,0.0,0.0,0.0,0.0,0.0,0.0,0.0,0.0,0.0,0.0,0.0,0.0,0.0,0.0,0.0,0.0,0.0,0.0,0.0,0.0,0.0,0.0,0.0,0.0,0.0,0.0,0.0027548209366391185,11,11,0.027548209366391185,0.0009182736455463729,575,SAT_Group_Evaluation/open_source_LLM_2SAT/qwen/outputs/cnf_qwq_32b_unsat_clause_subset_followup_allN_3_5_8_10_15_20_25_30_40_50_60_thinking/results_desc.jsonl,82,99,9,9,9,9,9,9,9,9,9,9,9,9,9,9,9,9,9,9,9,9,9,9,37,2,99,1.0,3,0,0,SAT_Group_Evaluation/analysis/open_source_LLM_2SAT_analysis/open_source_LLM_2SAT_group_adr_with_wilson_and_cp_RMC_rmc_paper_open_vendor_case_b.json,substantive repeated-success threshold,True,0,0,2,0,0,1
2-SAT,QwQ-32B (think),qwen__Qwen__QwQ-32B__cnf_qwq_32b_cases_prompt_interleave_zero_shot_desc_allN_3_5_8_10_15_20_25_30_40_50_60_thinking,N,40,0.0,0.03333333333333333,0.02222222222222222,0.0,0.011111111111111112,0.0303030303030303,-0.0030303030303030325,0.0202020202020202,0.0,0.010101010101010102,0.0303030303030303,-0.0030303030303030325,0.03333333333333333,0.0,0.011111111111111112,0.0,0.010101010101010102,0.0018365472910927456,True,1.0,0.0,0.3333333333333333,0.0,0.0,0.0,0.0,0.0,0.0,0.0,0.0,0.0,0.0,0.0,0.0,0.0,0.0,0.0,0.0,0.0,0.0,0.0,0.1111111111111111,0.0,0.0,0.0,0.0,0.0,0.0,0.0,0.0,0.0027548209366391185,11,11,0.027548209366391185,0.0011111111111111111,575,SAT_Group_Evaluation/open_source_LLM_2SAT/qwen/outputs/cnf_qwq_32b_unsat_clause_subset_followup_allN_3_5_8_10_15_20_25_30_40_50_60_thinking/results_desc.jsonl,82,90,9,9,8,9,9,9,9,9,8,9,8,9,8,9,8,9,8,9,8,9,8,9,24,0,99,0.9090909090909091,3,0,1,SAT_Group_Evaluation/analysis/open_source_LLM_2SAT_analysis/open_source_LLM_2SAT_group_adr_with_wilson_and_cp_RMC_rmc_paper_open_vendor_case_b.json,substantive repeated-success threshold,True,0,0,1,0,1,3
2-SAT,QwQ-32B (think),qwen__Qwen__QwQ-32B__cnf_qwq_32b_cases_prompt_interleave_zero_shot_desc_allN_3_5_8_10_15_20_25_30_40_50_60_thinking,N,40,0.25,0.03333333333333333,0.02222222222222222,0.0,0.011111111111111112,0.0303030303030303,-0.0030303030303030325,0.0202020202020202,0.0,0.010101010101010102,0.023415977961432508,-0.00186179981634527,0.025277777777777777,0.0,0.008364197530864198,0.0,0.0078053259871441695,0.0018365472910927456,True,1.0,0.0,0.3333333333333333,0.0,0.0,0.0,0.0,0.0,0.0,0.0,0.0,0.0,0.0,0.0,0.0,0.0,0.0,0.0,0.0,0.0,0.0,0.0,0.1111111111111111,0.0,0.0,0.0,0.0,0.0,0.0,0.0,0.0,0.0027548209366391185,11,11,0.027548209366391185,0.0011111111111111111,575,SAT_Group_Evaluation/open_source_LLM_2SAT/qwen/outputs/cnf_qwq_32b_unsat_clause_subset_followup_allN_3_5_8_10_15_20_25_30_40_50_60_thinking/results_desc.jsonl,82,90,9,9,8,9,9,9,9,9,8,9,8,9,8,9,8,9,8,9,8,9,8,9,24,0,99,0.9090909090909091,3,0,1,SAT_Group_Evaluation/analysis/open_source_LLM_2SAT_analysis/open_source_LLM_2SAT_group_adr_with_wilson_and_cp_RMC_rmc_paper_open_vendor_case_b.json,substantive repeated-success threshold,True,0,0,1,0,1,3
2-SAT,QwQ-32B (think),qwen__Qwen__QwQ-32B__cnf_qwq_32b_cases_prompt_interleave_zero_shot_desc_allN_3_5_8_10_15_20_25_30_40_50_60_thinking,N,40,0.5,0.03333333333333333,0.02222222222222222,0.0,0.011111111111111112,0.0303030303030303,-0.0030303030303030325,0.0202020202020202,0.0,0.010101010101010102,0.01652892561983471,-0.0006932966023875109,0.017222222222222222,0.0,0.005617283950617284,0.0,0.005509641873278237,0.0018365472910927456,True,1.0,0.0,0.3333333333333333,0.0,0.0,0.0,0.0,0.0,0.0,0.0,0.0,0.0,0.0,0.0,0.0,0.0,0.0,0.0,0.0,0.0,0.0,0.0,0.1111111111111111,0.0,0.0,0.0,0.0,0.0,0.0,0.0,0.0,0.0027548209366391185,11,11,0.027548209366391185,0.0011111111111111111,575,SAT_Group_Evaluation/open_source_LLM_2SAT/qwen/outputs/cnf_qwq_32b_unsat_clause_subset_followup_allN_3_5_8_10_15_20_25_30_40_50_60_thinking/results_desc.jsonl,82,90,9,9,8,9,9,9,9,9,8,9,8,9,8,9,8,9,8,9,8,9,8,9,24,0,99,0.9090909090909091,3,0,1,SAT_Group_Evaluation/analysis/open_source_LLM_2SAT_analysis/open_source_LLM_2SAT_group_adr_with_wilson_and_cp_RMC_rmc_paper_open_vendor_case_b.json,substantive repeated-success threshold,True,0,0,1,0,1,3
2-SAT,QwQ-32B (think),qwen__Qwen__QwQ-32B__cnf_qwq_32b_cases_prompt_interleave_zero_shot_desc_allN_3_5_8_10_15_20_25_30_40_50_60_thinking,N,40,0.75,0.03333333333333333,0.02222222222222222,0.0,0.011111111111111112,0.0303030303030303,-0.0030303030303030325,0.0202020202020202,0.0,0.010101010101010102,0.009641873278236915,0.0004752066115702516,0.009166666666666663,0.0,0.0028703703703703703,0.0,0.0032139577594123055,0.0018365472910927456,True,1.0,0.0,0.3333333333333333,0.0,0.0,0.0,0.0,0.0,0.0,0.0,0.0,0.0,0.0,0.0,0.0,0.0,0.0,0.0,0.0,0.0,0.0,0.0,0.1111111111111111,0.0,0.0,0.0,0.0,0.0,0.0,0.0,0.0,0.0027548209366391185,11,11,0.027548209366391185,0.0011111111111111111,575,SAT_Group_Evaluation/open_source_LLM_2SAT/qwen/outputs/cnf_qwq_32b_unsat_clause_subset_followup_allN_3_5_8_10_15_20_25_30_40_50_60_thinking/results_desc.jsonl,82,90,9,9,8,9,9,9,9,9,8,9,8,9,8,9,8,9,8,9,8,9,8,9,24,0,99,0.9090909090909091,3,0,1,SAT_Group_Evaluation/analysis/open_source_LLM_2SAT_analysis/open_source_LLM_2SAT_group_adr_with_wilson_and_cp_RMC_rmc_paper_open_vendor_case_b.json,substantive repeated-success threshold,True,0,0,1,0,1,3
2-SAT,QwQ-32B (think),qwen__Qwen__QwQ-32B__cnf_qwq_32b_cases_prompt_interleave_zero_shot_desc_allN_3_5_8_10_15_20_25_30_40_50_60_thinking,N,40,1.0,0.03333333333333333,0.02222222222222222,0.0,0.011111111111111112,0.0303030303030303,-0.0030303030303030325,0.0202020202020202,0.0,0.010101010101010102,0.0027548209366391185,0.0016437098255280072,0.0011111111111111113,0.0,0.0001234567901234572,0.0,0.0009182736455463728,0.0018365472910927456,True,1.0,0.0,0.3333333333333333,0.0,0.0,0.0,0.0,0.0,0.0,0.0,0.0,0.0,0.0,0.0,0.0,0.0,0.0,0.0,0.0,0.0,0.0,0.0,0.1111111111111111,0.0,0.0,0.0,0.0,0.0,0.0,0.0,0.0,0.0027548209366391185,11,11,0.027548209366391185,0.0011111111111111111,575,SAT_Group_Evaluation/open_source_LLM_2SAT/qwen/outputs/cnf_qwq_32b_unsat_clause_subset_followup_allN_3_5_8_10_15_20_25_30_40_50_60_thinking/results_desc.jsonl,82,90,9,9,8,9,9,9,9,9,8,9,8,9,8,9,8,9,8,9,8,9,8,9,24,0,99,0.9090909090909091,3,0,1,SAT_Group_Evaluation/analysis/open_source_LLM_2SAT_analysis/open_source_LLM_2SAT_group_adr_with_wilson_and_cp_RMC_rmc_paper_open_vendor_case_b.json,substantive repeated-success threshold,True,0,0,1,0,1,3
2-SAT,QwQ-32B (think),qwen__Qwen__QwQ-32B__cnf_qwq_32b_cases_prompt_interleave_zero_shot_desc_allN_3_5_8_10_15_20_25_30_40_50_60_thinking,N,50,0.0,0.022727272727272728,0.022727272727272728,0.0,0.0,0.022727272727272728,0.0,0.022727272727272728,0.0,0.0,0.022727272727272728,0.0,0.022727272727272728,0.0,0.0,0.0,0.0,0.001549586776859504,True,1.0,0.0,0.25,0.0,0.0,0.0,0.0,0.0,0.0,0.0,0.0,0.0,0.0,0.0,0.0,0.0,0.0,0.0,0.0,0.0,0.0,0.0,0.0,0.0,0.0,0.0,0.0,0.0,0.0,0.0,0.0,0.002066115702479339,11,11,0.02066115702479339,0.0005165289256198347,575,SAT_Group_Evaluation/open_source_LLM_2SAT/qwen/outputs/cnf_qwq_32b_unsat_clause_subset_followup_allN_3_5_8_10_15_20_25_30_40_50_60_thinking/results_desc.jsonl,82,88,8,8,8,8,8,8,8,8,8,8,8,8,8,8,8,8,8,8,8,8,8,8,26,0,88,1.0,2,0,0,SAT_Group_Evaluation/analysis/open_source_LLM_2SAT_analysis/open_source_LLM_2SAT_group_adr_with_wilson_and_cp_RMC_rmc_paper_open_vendor_case_b.json,substantive repeated-success threshold,True,0,0,0,0,0,2
2-SAT,QwQ-32B (think),qwen__Qwen__QwQ-32B__cnf_qwq_32b_cases_prompt_interleave_zero_shot_desc_allN_3_5_8_10_15_20_25_30_40_50_60_thinking,N,50,0.25,0.022727272727272728,0.022727272727272728,0.0,0.0,0.022727272727272728,0.0,0.022727272727272728,0.0,0.0,0.01756198347107438,0.00038739669421487474,0.017174586776859506,0.0,0.0,0.0,0.0,0.001549586776859504,True,1.0,0.0,0.25,0.0,0.0,0.0,0.0,0.0,0.0,0.0,0.0,0.0,0.0,0.0,0.0,0.0,0.0,0.0,0.0,0.0,0.0,0.0,0.0,0.0,0.0,0.0,0.0,0.0,0.0,0.0,0.0,0.002066115702479339,11,11,0.02066115702479339,0.0005165289256198347,575,SAT_Group_Evaluation/open_source_LLM_2SAT/qwen/outputs/cnf_qwq_32b_unsat_clause_subset_followup_allN_3_5_8_10_15_20_25_30_40_50_60_thinking/results_desc.jsonl,82,88,8,8,8,8,8,8,8,8,8,8,8,8,8,8,8,8,8,8,8,8,8,8,26,0,88,1.0,2,0,0,SAT_Group_Evaluation/analysis/open_source_LLM_2SAT_analysis/open_source_LLM_2SAT_group_adr_with_wilson_and_cp_RMC_rmc_paper_open_vendor_case_b.json,substantive repeated-success threshold,True,0,0,0,0,0,2
2-SAT,QwQ-32B (think),qwen__Qwen__QwQ-32B__cnf_qwq_32b_cases_prompt_interleave_zero_shot_desc_allN_3_5_8_10_15_20_25_30_40_50_60_thinking,N,50,0.5,0.022727272727272728,0.022727272727272728,0.0,0.0,0.022727272727272728,0.0,0.022727272727272728,0.0,0.0,0.012396694214876033,0.000774793388429753,0.01162190082644628,0.0,0.0,0.0,0.0,0.001549586776859504,True,1.0,0.0,0.25,0.0,0.0,0.0,0.0,0.0,0.0,0.0,0.0,0.0,0.0,0.0,0.0,0.0,0.0,0.0,0.0,0.0,0.0,0.0,0.0,0.0,0.0,0.0,0.0,0.0,0.0,0.0,0.0,0.002066115702479339,11,11,0.02066115702479339,0.0005165289256198347,575,SAT_Group_Evaluation/open_source_LLM_2SAT/qwen/outputs/cnf_qwq_32b_unsat_clause_subset_followup_allN_3_5_8_10_15_20_25_30_40_50_60_thinking/results_desc.jsonl,82,88,8,8,8,8,8,8,8,8,8,8,8,8,8,8,8,8,8,8,8,8,8,8,26,0,88,1.0,2,0,0,SAT_Group_Evaluation/analysis/open_source_LLM_2SAT_analysis/open_source_LLM_2SAT_group_adr_with_wilson_and_cp_RMC_rmc_paper_open_vendor_case_b.json,substantive repeated-success threshold,True,0,0,0,0,0,2
2-SAT,QwQ-32B (think),qwen__Qwen__QwQ-32B__cnf_qwq_32b_cases_prompt_interleave_zero_shot_desc_allN_3_5_8_10_15_20_25_30_40_50_60_thinking,N,50,0.75,0.022727272727272728,0.022727272727272728,0.0,0.0,0.022727272727272728,0.0,0.022727272727272728,0.0,0.0,0.007231404958677686,0.0011621900826446277,0.0060692148760330585,0.0,0.0,0.0,0.0,0.001549586776859504,True,1.0,0.0,0.25,0.0,0.0,0.0,0.0,0.0,0.0,0.0,0.0,0.0,0.0,0.0,0.0,0.0,0.0,0.0,0.0,0.0,0.0,0.0,0.0,0.0,0.0,0.0,0.0,0.0,0.0,0.0,0.0,0.002066115702479339,11,11,0.02066115702479339,0.0005165289256198347,575,SAT_Group_Evaluation/open_source_LLM_2SAT/qwen/outputs/cnf_qwq_32b_unsat_clause_subset_followup_allN_3_5_8_10_15_20_25_30_40_50_60_thinking/results_desc.jsonl,82,88,8,8,8,8,8,8,8,8,8,8,8,8,8,8,8,8,8,8,8,8,8,8,26,0,88,1.0,2,0,0,SAT_Group_Evaluation/analysis/open_source_LLM_2SAT_analysis/open_source_LLM_2SAT_group_adr_with_wilson_and_cp_RMC_rmc_paper_open_vendor_case_b.json,substantive repeated-success threshold,True,0,0,0,0,0,2
2-SAT,QwQ-32B (think),qwen__Qwen__QwQ-32B__cnf_qwq_32b_cases_prompt_interleave_zero_shot_desc_allN_3_5_8_10_15_20_25_30_40_50_60_thinking,N,50,1.0,0.022727272727272728,0.022727272727272728,0.0,0.0,0.022727272727272728,0.0,0.022727272727272728,0.0,0.0,0.002066115702479339,0.001549586776859506,0.000516528925619833,0.0,0.0,0.0,0.0,0.001549586776859504,True,1.0,0.0,0.25,0.0,0.0,0.0,0.0,0.0,0.0,0.0,0.0,0.0,0.0,0.0,0.0,0.0,0.0,0.0,0.0,0.0,0.0,0.0,0.0,0.0,0.0,0.0,0.0,0.0,0.0,0.0,0.0,0.002066115702479339,11,11,0.02066115702479339,0.0005165289256198347,575,SAT_Group_Evaluation/open_source_LLM_2SAT/qwen/outputs/cnf_qwq_32b_unsat_clause_subset_followup_allN_3_5_8_10_15_20_25_30_40_50_60_thinking/results_desc.jsonl,82,88,8,8,8,8,8,8,8,8,8,8,8,8,8,8,8,8,8,8,8,8,8,8,26,0,88,1.0,2,0,0,SAT_Group_Evaluation/analysis/open_source_LLM_2SAT_analysis/open_source_LLM_2SAT_group_adr_with_wilson_and_cp_RMC_rmc_paper_open_vendor_case_b.json,substantive repeated-success threshold,True,0,0,0,0,0,2
2-SAT,QwQ-32B (think),qwen__Qwen__QwQ-32B__cnf_qwq_32b_cases_prompt_interleave_zero_shot_desc_allN_3_5_8_10_15_20_25_30_40_50_60_thinking,N,60,0.0,0.0,0.0,0.0,0.0,0.0,0.0,0.0,0.0,0.0,0.0,0.0,0.0,0.0,0.0,0.0,0.0,0.0,True,1.0,0.0,0.0,0.0,0.0,0.0,0.0,0.0,0.0,0.0,0.0,0.0,0.0,0.0,0.0,0.0,0.0,0.0,0.0,0.0,0.0,0.0,0.0,0.0,0.0,0.0,0.0,0.0,0.0,0.0,0.0,0.0,11,11,0.0,0.0,,,,88,8,8,8,8,8,8,8,8,8,8,8,8,8,8,8,8,8,8,8,8,8,8,23,0,88,1.0,0,0,0,SAT_Group_Evaluation/analysis/open_source_LLM_2SAT_analysis/open_source_LLM_2SAT_group_adr_with_wilson_and_cp_RMC_rmc_paper_open_vendor_case_b.json,substantive repeated-success threshold,True,,,,,,
2-SAT,QwQ-32B (think),qwen__Qwen__QwQ-32B__cnf_qwq_32b_cases_prompt_interleave_zero_shot_desc_allN_3_5_8_10_15_20_25_30_40_50_60_thinking,N,60,0.25,0.0,0.0,0.0,0.0,0.0,0.0,0.0,0.0,0.0,0.0,0.0,0.0,0.0,0.0,0.0,0.0,0.0,True,1.0,0.0,0.0,0.0,0.0,0.0,0.0,0.0,0.0,0.0,0.0,0.0,0.0,0.0,0.0,0.0,0.0,0.0,0.0,0.0,0.0,0.0,0.0,0.0,0.0,0.0,0.0,0.0,0.0,0.0,0.0,0.0,11,11,0.0,0.0,,,,88,8,8,8,8,8,8,8,8,8,8,8,8,8,8,8,8,8,8,8,8,8,8,23,0,88,1.0,0,0,0,SAT_Group_Evaluation/analysis/open_source_LLM_2SAT_analysis/open_source_LLM_2SAT_group_adr_with_wilson_and_cp_RMC_rmc_paper_open_vendor_case_b.json,substantive repeated-success threshold,True,,,,,,
2-SAT,QwQ-32B (think),qwen__Qwen__QwQ-32B__cnf_qwq_32b_cases_prompt_interleave_zero_shot_desc_allN_3_5_8_10_15_20_25_30_40_50_60_thinking,N,60,0.5,0.0,0.0,0.0,0.0,0.0,0.0,0.0,0.0,0.0,0.0,0.0,0.0,0.0,0.0,0.0,0.0,0.0,True,1.0,0.0,0.0,0.0,0.0,0.0,0.0,0.0,0.0,0.0,0.0,0.0,0.0,0.0,0.0,0.0,0.0,0.0,0.0,0.0,0.0,0.0,0.0,0.0,0.0,0.0,0.0,0.0,0.0,0.0,0.0,0.0,11,11,0.0,0.0,,,,88,8,8,8,8,8,8,8,8,8,8,8,8,8,8,8,8,8,8,8,8,8,8,23,0,88,1.0,0,0,0,SAT_Group_Evaluation/analysis/open_source_LLM_2SAT_analysis/open_source_LLM_2SAT_group_adr_with_wilson_and_cp_RMC_rmc_paper_open_vendor_case_b.json,substantive repeated-success threshold,True,,,,,,
2-SAT,QwQ-32B (think),qwen__Qwen__QwQ-32B__cnf_qwq_32b_cases_prompt_interleave_zero_shot_desc_allN_3_5_8_10_15_20_25_30_40_50_60_thinking,N,60,0.75,0.0,0.0,0.0,0.0,0.0,0.0,0.0,0.0,0.0,0.0,0.0,0.0,0.0,0.0,0.0,0.0,0.0,True,1.0,0.0,0.0,0.0,0.0,0.0,0.0,0.0,0.0,0.0,0.0,0.0,0.0,0.0,0.0,0.0,0.0,0.0,0.0,0.0,0.0,0.0,0.0,0.0,0.0,0.0,0.0,0.0,0.0,0.0,0.0,0.0,11,11,0.0,0.0,,,,88,8,8,8,8,8,8,8,8,8,8,8,8,8,8,8,8,8,8,8,8,8,8,23,0,88,1.0,0,0,0,SAT_Group_Evaluation/analysis/open_source_LLM_2SAT_analysis/open_source_LLM_2SAT_group_adr_with_wilson_and_cp_RMC_rmc_paper_open_vendor_case_b.json,substantive repeated-success threshold,True,,,,,,
2-SAT,QwQ-32B (think),qwen__Qwen__QwQ-32B__cnf_qwq_32b_cases_prompt_interleave_zero_shot_desc_allN_3_5_8_10_15_20_25_30_40_50_60_thinking,N,60,1.0,0.0,0.0,0.0,0.0,0.0,0.0,0.0,0.0,0.0,0.0,0.0,0.0,0.0,0.0,0.0,0.0,0.0,True,1.0,0.0,0.0,0.0,0.0,0.0,0.0,0.0,0.0,0.0,0.0,0.0,0.0,0.0,0.0,0.0,0.0,0.0,0.0,0.0,0.0,0.0,0.0,0.0,0.0,0.0,0.0,0.0,0.0,0.0,0.0,0.0,11,11,0.0,0.0,,,,88,8,8,8,8,8,8,8,8,8,8,8,8,8,8,8,8,8,8,8,8,8,8,23,0,88,1.0,0,0,0,SAT_Group_Evaluation/analysis/open_source_LLM_2SAT_analysis/open_source_LLM_2SAT_group_adr_with_wilson_and_cp_RMC_rmc_paper_open_vendor_case_b.json,substantive repeated-success threshold,True,,,,,,
2-SAT,Qwen3-14B (think),qwen__Qwen__Qwen3-14B__cnf_qwen3_14b_cases_prompt_interleave_zero_shot_desc_allN_3_5_8_10_15_20_25_30_40_50_60_thinking,overall,all,0.0,0.534617700180614,0.2071041541240216,0.044551475015051176,0.32751354605659244,0.5346177001806142,1.1102230246251565e-16,0.20710415412402178,0.044551475015051176,0.3275135460565924,0.5346177001806142,1.1102230246251565e-16,0.534617700180614,0.044551475015051176,0.32751354605659244,0.044551475015051176,0.3275135460565924,0.13583571258473875,True,0.993421052631579,0.33774834437086093,0.9205298013245033,0.8278145695364238,0.6887417218543046,0.5894039735099338,0.5562913907284768,0.48344370860927155,0.4503311258278146,0.423841059602649,0.39072847682119205,0.0,0.24503311258278146,0.11920529801324503,0.046357615894039736,0.033112582781456956,0.019867549668874173,0.013245033112582781,0.006622516556291391,0.006622516556291391,0.0,0.0728476821192053,0.6622516556291391,0.5562913907284768,0.4768211920529801,0.4304635761589404,0.39072847682119205,0.31125827814569534,0.2781456953642384,0.24503311258278146,0.1390728476821192,0.4216517979311477,11,11,0.11296590224946637,0.28581608534640895,1348,SAT_Group_Evaluation/open_source_LLM_2SAT/qwen/outputs/cnf_qwen3_14b_unsat_clause_subset_followup_allN_3_5_8_10_15_20_25_30_40_50_60_thinking/results_desc.jsonl,121,1661,152,151,151,151,151,151,151,151,151,151,151,151,151,151,151,151,151,151,151,151,151,151,1055,121,1667,0.9964007198560288,888,74,544,SAT_Group_Evaluation/analysis/open_source_LLM_2SAT_analysis/open_source_LLM_2SAT_group_adr_with_wilson_and_cp_RMC_rmc_paper_open_vendor_case_b.json,substantive repeated-success threshold,True,0,68,223,0,546,99
2-SAT,Qwen3-14B (think),qwen__Qwen__Qwen3-14B__cnf_qwen3_14b_cases_prompt_interleave_zero_shot_desc_allN_3_5_8_10_15_20_25_30_40_50_60_thinking,overall,all,0.25,0.534617700180614,0.2071041541240216,0.044551475015051176,0.32751354605659244,0.5346177001806142,1.1102230246251565e-16,0.20710415412402178,0.044551475015051176,0.3275135460565924,0.5063762246182475,0.03395892814618473,0.47241729647206276,0.03390981474279256,0.2724514402550853,0.03667013299764654,0.3004761644135515,0.13583571258473875,True,0.993421052631579,0.33774834437086093,0.9205298013245033,0.8278145695364238,0.6887417218543046,0.5894039735099338,0.5562913907284768,0.48344370860927155,0.4503311258278146,0.423841059602649,0.39072847682119205,0.0,0.24503311258278146,0.11920529801324503,0.046357615894039736,0.033112582781456956,0.019867549668874173,0.013245033112582781,0.006622516556291391,0.006622516556291391,0.0,0.0728476821192053,0.6622516556291391,0.5562913907284768,0.4768211920529801,0.4304635761589404,0.39072847682119205,0.31125827814569534,0.2781456953642384,0.24503311258278146,0.1390728476821192,0.4216517979311477,11,11,0.11296590224946637,0.28581608534640895,1348,SAT_Group_Evaluation/open_source_LLM_2SAT/qwen/outputs/cnf_qwen3_14b_unsat_clause_subset_followup_allN_3_5_8_10_15_20_25_30_40_50_60_thinking/results_desc.jsonl,121,1661,152,151,151,151,151,151,151,151,151,151,151,151,151,151,151,151,151,151,151,151,151,151,1055,121,1667,0.9964007198560288,888,74,544,SAT_Group_Evaluation/analysis/open_source_LLM_2SAT_analysis/open_source_LLM_2SAT_group_adr_with_wilson_and_cp_RMC_rmc_paper_open_vendor_case_b.json,substantive repeated-success threshold,True,0,68,223,0,546,99
2-SAT,Qwen3-14B (think),qwen__Qwen__Qwen3-14B__cnf_qwen3_14b_cases_prompt_interleave_zero_shot_desc_allN_3_5_8_10_15_20_25_30_40_50_60_thinking,overall,all,0.5,0.534617700180614,0.2071041541240216,0.044551475015051176,0.32751354605659244,0.5346177001806142,1.1102230246251565e-16,0.20710415412402178,0.044551475015051176,0.3275135460565924,0.4781347490558809,0.0679178562923694,0.4102168927635115,0.02326815447053395,0.21738933445357805,0.028788790980241914,0.27343878277051065,0.13583571258473875,True,0.993421052631579,0.33774834437086093,0.9205298013245033,0.8278145695364238,0.6887417218543046,0.5894039735099338,0.5562913907284768,0.48344370860927155,0.4503311258278146,0.423841059602649,0.39072847682119205,0.0,0.24503311258278146,0.11920529801324503,0.046357615894039736,0.033112582781456956,0.019867549668874173,0.013245033112582781,0.006622516556291391,0.006622516556291391,0.0,0.0728476821192053,0.6622516556291391,0.5562913907284768,0.4768211920529801,0.4304635761589404,0.39072847682119205,0.31125827814569534,0.2781456953642384,0.24503311258278146,0.1390728476821192,0.4216517979311477,11,11,0.11296590224946637,0.28581608534640895,1348,SAT_Group_Evaluation/open_source_LLM_2SAT/qwen/outputs/cnf_qwen3_14b_unsat_clause_subset_followup_allN_3_5_8_10_15_20_25_30_40_50_60_thinking/results_desc.jsonl,121,1661,152,151,151,151,151,151,151,151,151,151,151,151,151,151,151,151,151,151,151,151,151,151,1055,121,1667,0.9964007198560288,888,74,544,SAT_Group_Evaluation/analysis/open_source_LLM_2SAT_analysis/open_source_LLM_2SAT_group_adr_with_wilson_and_cp_RMC_rmc_paper_open_vendor_case_b.json,substantive repeated-success threshold,True,0,68,223,0,546,99
2-SAT,Qwen3-14B (think),qwen__Qwen__Qwen3-14B__cnf_qwen3_14b_cases_prompt_interleave_zero_shot_desc_allN_3_5_8_10_15_20_25_30_40_50_60_thinking,overall,all,0.75,0.534617700180614,0.2071041541240216,0.044551475015051176,0.32751354605659244,0.5346177001806142,1.1102230246251565e-16,0.20710415412402178,0.044551475015051176,0.3275135460565924,0.4498932734935143,0.10187678443855414,0.3480164890549602,0.012626494198275343,0.1623272286520709,0.020907448962837288,0.24640140112746978,0.13583571258473875,True,0.993421052631579,0.33774834437086093,0.9205298013245033,0.8278145695364238,0.6887417218543046,0.5894039735099338,0.5562913907284768,0.48344370860927155,0.4503311258278146,0.423841059602649,0.39072847682119205,0.0,0.24503311258278146,0.11920529801324503,0.046357615894039736,0.033112582781456956,0.019867549668874173,0.013245033112582781,0.006622516556291391,0.006622516556291391,0.0,0.0728476821192053,0.6622516556291391,0.5562913907284768,0.4768211920529801,0.4304635761589404,0.39072847682119205,0.31125827814569534,0.2781456953642384,0.24503311258278146,0.1390728476821192,0.4216517979311477,11,11,0.11296590224946637,0.28581608534640895,1348,SAT_Group_Evaluation/open_source_LLM_2SAT/qwen/outputs/cnf_qwen3_14b_unsat_clause_subset_followup_allN_3_5_8_10_15_20_25_30_40_50_60_thinking/results_desc.jsonl,121,1661,152,151,151,151,151,151,151,151,151,151,151,151,151,151,151,151,151,151,151,151,151,151,1055,121,1667,0.9964007198560288,888,74,544,SAT_Group_Evaluation/analysis/open_source_LLM_2SAT_analysis/open_source_LLM_2SAT_group_adr_with_wilson_and_cp_RMC_rmc_paper_open_vendor_case_b.json,substantive repeated-success threshold,True,0,68,223,0,546,99
2-SAT,Qwen3-14B (think),qwen__Qwen__Qwen3-14B__cnf_qwen3_14b_cases_prompt_interleave_zero_shot_desc_allN_3_5_8_10_15_20_25_30_40_50_60_thinking,overall,all,1.0,0.534617700180614,0.2071041541240216,0.044551475015051176,0.32751354605659244,0.5346177001806142,1.1102230246251565e-16,0.20710415412402178,0.044551475015051176,0.3275135460565924,0.4216517979311477,0.1358357125847388,0.2858160853464089,0.001984833926016727,0.1072651228505637,0.013026106945432653,0.21936401948442888,0.13583571258473875,True,0.993421052631579,0.33774834437086093,0.9205298013245033,0.8278145695364238,0.6887417218543046,0.5894039735099338,0.5562913907284768,0.48344370860927155,0.4503311258278146,0.423841059602649,0.39072847682119205,0.0,0.24503311258278146,0.11920529801324503,0.046357615894039736,0.033112582781456956,0.019867549668874173,0.013245033112582781,0.006622516556291391,0.006622516556291391,0.0,0.0728476821192053,0.6622516556291391,0.5562913907284768,0.4768211920529801,0.4304635761589404,0.39072847682119205,0.31125827814569534,0.2781456953642384,0.24503311258278146,0.1390728476821192,0.4216517979311477,11,11,0.11296590224946637,0.28581608534640895,1348,SAT_Group_Evaluation/open_source_LLM_2SAT/qwen/outputs/cnf_qwen3_14b_unsat_clause_subset_followup_allN_3_5_8_10_15_20_25_30_40_50_60_thinking/results_desc.jsonl,121,1661,152,151,151,151,151,151,151,151,151,151,151,151,151,151,151,151,151,151,151,151,151,151,1055,121,1667,0.9964007198560288,888,74,544,SAT_Group_Evaluation/analysis/open_source_LLM_2SAT_analysis/open_source_LLM_2SAT_group_adr_with_wilson_and_cp_RMC_rmc_paper_open_vendor_case_b.json,substantive repeated-success threshold,True,0,68,223,0,546,99
2-SAT,Qwen3-14B (think),qwen__Qwen__Qwen3-14B__cnf_qwen3_14b_cases_prompt_interleave_zero_shot_desc_allN_3_5_8_10_15_20_25_30_40_50_60_thinking,N,3,0.0,0.9805194805194806,0.6818181818181819,0.03896103896103896,0.2987012987012987,0.9805194805194805,-1.1102230246251565e-16,0.6818181818181818,0.03896103896103896,0.2987012987012987,0.9805194805194805,-1.1102230246251565e-16,0.9805194805194806,0.03896103896103896,0.2987012987012987,0.03896103896103896,0.2987012987012987,0.001391465677179964,True,1.0,1.0,1.0,1.0,1.0,1.0,1.0,1.0,1.0,1.0,1.0,0.0,0.35714285714285715,0.07142857142857142,0.0,0.0,0.0,0.0,0.0,0.0,0.0,0.0,1.0,0.7857142857142857,0.5714285714285714,0.42857142857142855,0.35714285714285715,0.07142857142857142,0.07142857142857142,0.0,0.0,0.9628099173553719,11,11,0.017709563164108624,0.9614184516781921,1348,SAT_Group_Evaluation/open_source_LLM_2SAT/qwen/outputs/cnf_qwen3_14b_unsat_clause_subset_followup_allN_3_5_8_10_15_20_25_30_40_50_60_thinking/results_desc.jsonl,121,154,14,14,14,14,14,14,14,14,14,14,14,14,14,14,14,14,14,14,14,14,14,14,121,23,154,1.0,151,6,46,SAT_Group_Evaluation/analysis/open_source_LLM_2SAT_analysis/open_source_LLM_2SAT_group_adr_with_wilson_and_cp_RMC_rmc_paper_open_vendor_case_b.json,substantive repeated-success threshold,True,0,0,105,0,46,0
2-SAT,Qwen3-14B (think),qwen__Qwen__Qwen3-14B__cnf_qwen3_14b_cases_prompt_interleave_zero_shot_desc_allN_3_5_8_10_15_20_25_30_40_50_60_thinking,N,3,0.25,0.9805194805194806,0.6818181818181819,0.03896103896103896,0.2987012987012987,0.9805194805194805,-1.1102230246251565e-16,0.6818181818181818,0.03896103896103896,0.2987012987012987,0.9760920897284534,0.0003478664192949621,0.9757442233091584,0.029600269860010117,0.24633159048743464,0.03040141676505313,0.2532467532467532,0.001391465677179964,True,1.0,1.0,1.0,1.0,1.0,1.0,1.0,1.0,1.0,1.0,1.0,0.0,0.35714285714285715,0.07142857142857142,0.0,0.0,0.0,0.0,0.0,0.0,0.0,0.0,1.0,0.7857142857142857,0.5714285714285714,0.42857142857142855,0.35714285714285715,0.07142857142857142,0.07142857142857142,0.0,0.0,0.9628099173553719,11,11,0.017709563164108624,0.9614184516781921,1348,SAT_Group_Evaluation/open_source_LLM_2SAT/qwen/outputs/cnf_qwen3_14b_unsat_clause_subset_followup_allN_3_5_8_10_15_20_25_30_40_50_60_thinking/results_desc.jsonl,121,154,14,14,14,14,14,14,14,14,14,14,14,14,14,14,14,14,14,14,14,14,14,14,121,23,154,1.0,151,6,46,SAT_Group_Evaluation/analysis/open_source_LLM_2SAT_analysis/open_source_LLM_2SAT_group_adr_with_wilson_and_cp_RMC_rmc_paper_open_vendor_case_b.json,substantive repeated-success threshold,True,0,0,105,0,46,0
2-SAT,Qwen3-14B (think),qwen__Qwen__Qwen3-14B__cnf_qwen3_14b_cases_prompt_interleave_zero_shot_desc_allN_3_5_8_10_15_20_25_30_40_50_60_thinking,N,3,0.5,0.9805194805194806,0.6818181818181819,0.03896103896103896,0.2987012987012987,0.9805194805194805,-1.1102230246251565e-16,0.6818181818181818,0.03896103896103896,0.2987012987012987,0.9716646989374261,0.0006957328385898132,0.9709689660988363,0.020239500758981278,0.19396188227357058,0.021841794569067294,0.2077922077922078,0.001391465677179964,True,1.0,1.0,1.0,1.0,1.0,1.0,1.0,1.0,1.0,1.0,1.0,0.0,0.35714285714285715,0.07142857142857142,0.0,0.0,0.0,0.0,0.0,0.0,0.0,0.0,1.0,0.7857142857142857,0.5714285714285714,0.42857142857142855,0.35714285714285715,0.07142857142857142,0.07142857142857142,0.0,0.0,0.9628099173553719,11,11,0.017709563164108624,0.9614184516781921,1348,SAT_Group_Evaluation/open_source_LLM_2SAT/qwen/outputs/cnf_qwen3_14b_unsat_clause_subset_followup_allN_3_5_8_10_15_20_25_30_40_50_60_thinking/results_desc.jsonl,121,154,14,14,14,14,14,14,14,14,14,14,14,14,14,14,14,14,14,14,14,14,14,14,121,23,154,1.0,151,6,46,SAT_Group_Evaluation/analysis/open_source_LLM_2SAT_analysis/open_source_LLM_2SAT_group_adr_with_wilson_and_cp_RMC_rmc_paper_open_vendor_case_b.json,substantive repeated-success threshold,True,0,0,105,0,46,0
2-SAT,Qwen3-14B (think),qwen__Qwen__Qwen3-14B__cnf_qwen3_14b_cases_prompt_interleave_zero_shot_desc_allN_3_5_8_10_15_20_25_30_40_50_60_thinking,N,3,0.75,0.9805194805194806,0.6818181818181819,0.03896103896103896,0.2987012987012987,0.9805194805194805,-1.1102230246251565e-16,0.6818181818181818,0.03896103896103896,0.2987012987012987,0.9672373081463991,0.0010435992578848863,0.9661937088885142,0.010878731657952438,0.14159217405970653,0.013282172373081467,0.16233766233766236,0.001391465677179964,True,1.0,1.0,1.0,1.0,1.0,1.0,1.0,1.0,1.0,1.0,1.0,0.0,0.35714285714285715,0.07142857142857142,0.0,0.0,0.0,0.0,0.0,0.0,0.0,0.0,1.0,0.7857142857142857,0.5714285714285714,0.42857142857142855,0.35714285714285715,0.07142857142857142,0.07142857142857142,0.0,0.0,0.9628099173553719,11,11,0.017709563164108624,0.9614184516781921,1348,SAT_Group_Evaluation/open_source_LLM_2SAT/qwen/outputs/cnf_qwen3_14b_unsat_clause_subset_followup_allN_3_5_8_10_15_20_25_30_40_50_60_thinking/results_desc.jsonl,121,154,14,14,14,14,14,14,14,14,14,14,14,14,14,14,14,14,14,14,14,14,14,14,121,23,154,1.0,151,6,46,SAT_Group_Evaluation/analysis/open_source_LLM_2SAT_analysis/open_source_LLM_2SAT_group_adr_with_wilson_and_cp_RMC_rmc_paper_open_vendor_case_b.json,substantive repeated-success threshold,True,0,0,105,0,46,0
2-SAT,Qwen3-14B (think),qwen__Qwen__Qwen3-14B__cnf_qwen3_14b_cases_prompt_interleave_zero_shot_desc_allN_3_5_8_10_15_20_25_30_40_50_60_thinking,N,3,1.0,0.9805194805194806,0.6818181818181819,0.03896103896103896,0.2987012987012987,0.9805194805194805,-1.1102230246251565e-16,0.6818181818181818,0.03896103896103896,0.2987012987012987,0.9628099173553719,0.0013914656771798484,0.9614184516781921,0.0015179625569235952,0.08922246584584245,0.004722550177095631,0.1168831168831169,0.001391465677179964,True,1.0,1.0,1.0,1.0,1.0,1.0,1.0,1.0,1.0,1.0,1.0,0.0,0.35714285714285715,0.07142857142857142,0.0,0.0,0.0,0.0,0.0,0.0,0.0,0.0,1.0,0.7857142857142857,0.5714285714285714,0.42857142857142855,0.35714285714285715,0.07142857142857142,0.07142857142857142,0.0,0.0,0.9628099173553719,11,11,0.017709563164108624,0.9614184516781921,1348,SAT_Group_Evaluation/open_source_LLM_2SAT/qwen/outputs/cnf_qwen3_14b_unsat_clause_subset_followup_allN_3_5_8_10_15_20_25_30_40_50_60_thinking/results_desc.jsonl,121,154,14,14,14,14,14,14,14,14,14,14,14,14,14,14,14,14,14,14,14,14,14,14,121,23,154,1.0,151,6,46,SAT_Group_Evaluation/analysis/open_source_LLM_2SAT_analysis/open_source_LLM_2SAT_group_adr_with_wilson_and_cp_RMC_rmc_paper_open_vendor_case_b.json,substantive repeated-success threshold,True,0,0,105,0,46,0
2-SAT,Qwen3-14B (think),qwen__Qwen__Qwen3-14B__cnf_qwen3_14b_cases_prompt_interleave_zero_shot_desc_allN_3_5_8_10_15_20_25_30_40_50_60_thinking,N,5,0.0,0.948051948051948,0.3441558441558441,0.11688311688311688,0.6038961038961039,0.9480519480519481,1.1102230246251565e-16,0.3441558441558442,0.1168831168831169,0.6038961038961039,0.9480519480519481,1.1102230246251565e-16,0.948051948051948,0.11688311688311688,0.6038961038961039,0.1168831168831169,0.6038961038961039,0.0055658627087198514,True,1.0,0.9285714285714286,1.0,1.0,1.0,1.0,1.0,1.0,1.0,1.0,0.9285714285714286,0.0,0.5,0.2857142857142857,0.14285714285714285,0.07142857142857142,0.07142857142857142,0.07142857142857142,0.07142857142857142,0.07142857142857142,0.0,0.14285714285714285,1.0,1.0,0.9285714285714286,0.8571428571428571,0.7142857142857143,0.6428571428571429,0.5714285714285714,0.5,0.21428571428571427,0.9043683589138134,11,11,0.0436835891381346,0.8988024962050936,1348,SAT_Group_Evaluation/open_source_LLM_2SAT/qwen/outputs/cnf_qwen3_14b_unsat_clause_subset_followup_allN_3_5_8_10_15_20_25_30_40_50_60_thinking/results_desc.jsonl,121,154,14,14,14,14,14,14,14,14,14,14,14,14,14,14,14,14,14,14,14,14,14,14,120,25,154,1.0,146,18,93,SAT_Group_Evaluation/analysis/open_source_LLM_2SAT_analysis/open_source_LLM_2SAT_group_adr_with_wilson_and_cp_RMC_rmc_paper_open_vendor_case_b.json,substantive repeated-success threshold,True,0,0,53,0,93,0
2-SAT,Qwen3-14B (think),qwen__Qwen__Qwen3-14B__cnf_qwen3_14b_cases_prompt_interleave_zero_shot_desc_allN_3_5_8_10_15_20_25_30_40_50_60_thinking,N,5,0.25,0.948051948051948,0.3441558441558441,0.11688311688311688,0.6038961038961039,0.9480519480519481,1.1102230246251565e-16,0.3441558441558442,0.1168831168831169,0.6038961038961039,0.9371310507674143,0.0013914656771798484,0.9357395850902345,0.09107775341541575,0.5440947039973014,0.1000590318772137,0.55814639905549,0.0055658627087198514,True,1.0,0.9285714285714286,1.0,1.0,1.0,1.0,1.0,1.0,1.0,1.0,0.9285714285714286,0.0,0.5,0.2857142857142857,0.14285714285714285,0.07142857142857142,0.07142857142857142,0.07142857142857142,0.07142857142857142,0.07142857142857142,0.0,0.14285714285714285,1.0,1.0,0.9285714285714286,0.8571428571428571,0.7142857142857143,0.6428571428571429,0.5714285714285714,0.5,0.21428571428571427,0.9043683589138134,11,11,0.0436835891381346,0.8988024962050936,1348,SAT_Group_Evaluation/open_source_LLM_2SAT/qwen/outputs/cnf_qwen3_14b_unsat_clause_subset_followup_allN_3_5_8_10_15_20_25_30_40_50_60_thinking/results_desc.jsonl,121,154,14,14,14,14,14,14,14,14,14,14,14,14,14,14,14,14,14,14,14,14,14,14,120,25,154,1.0,146,18,93,SAT_Group_Evaluation/analysis/open_source_LLM_2SAT_analysis/open_source_LLM_2SAT_group_adr_with_wilson_and_cp_RMC_rmc_paper_open_vendor_case_b.json,substantive repeated-success threshold,True,0,0,53,0,93,0
2-SAT,Qwen3-14B (think),qwen__Qwen__Qwen3-14B__cnf_qwen3_14b_cases_prompt_interleave_zero_shot_desc_allN_3_5_8_10_15_20_25_30_40_50_60_thinking,N,5,0.5,0.948051948051948,0.3441558441558441,0.11688311688311688,0.6038961038961039,0.9480519480519481,1.1102230246251565e-16,0.3441558441558442,0.1168831168831169,0.6038961038961039,0.9262101534828807,0.002782931354359919,0.9234272221285208,0.06527238994771462,0.4842933040984989,0.0832349468713105,0.512396694214876,0.0055658627087198514,True,1.0,0.9285714285714286,1.0,1.0,1.0,1.0,1.0,1.0,1.0,1.0,0.9285714285714286,0.0,0.5,0.2857142857142857,0.14285714285714285,0.07142857142857142,0.07142857142857142,0.07142857142857142,0.07142857142857142,0.07142857142857142,0.0,0.14285714285714285,1.0,1.0,0.9285714285714286,0.8571428571428571,0.7142857142857143,0.6428571428571429,0.5714285714285714,0.5,0.21428571428571427,0.9043683589138134,11,11,0.0436835891381346,0.8988024962050936,1348,SAT_Group_Evaluation/open_source_LLM_2SAT/qwen/outputs/cnf_qwen3_14b_unsat_clause_subset_followup_allN_3_5_8_10_15_20_25_30_40_50_60_thinking/results_desc.jsonl,121,154,14,14,14,14,14,14,14,14,14,14,14,14,14,14,14,14,14,14,14,14,14,14,120,25,154,1.0,146,18,93,SAT_Group_Evaluation/analysis/open_source_LLM_2SAT_analysis/open_source_LLM_2SAT_group_adr_with_wilson_and_cp_RMC_rmc_paper_open_vendor_case_b.json,substantive repeated-success threshold,True,0,0,53,0,93,0
2-SAT,Qwen3-14B (think),qwen__Qwen__Qwen3-14B__cnf_qwen3_14b_cases_prompt_interleave_zero_shot_desc_allN_3_5_8_10_15_20_25_30_40_50_60_thinking,N,5,0.75,0.948051948051948,0.3441558441558441,0.11688311688311688,0.6038961038961039,0.9480519480519481,1.1102230246251565e-16,0.3441558441558442,0.1168831168831169,0.6038961038961039,0.9152892561983471,0.004174397031539878,0.9111148591668072,0.03946702648001349,0.42449190419969646,0.06641086186540733,0.46664698937426213,0.0055658627087198514,True,1.0,0.9285714285714286,1.0,1.0,1.0,1.0,1.0,1.0,1.0,1.0,0.9285714285714286,0.0,0.5,0.2857142857142857,0.14285714285714285,0.07142857142857142,0.07142857142857142,0.07142857142857142,0.07142857142857142,0.07142857142857142,0.0,0.14285714285714285,1.0,1.0,0.9285714285714286,0.8571428571428571,0.7142857142857143,0.6428571428571429,0.5714285714285714,0.5,0.21428571428571427,0.9043683589138134,11,11,0.0436835891381346,0.8988024962050936,1348,SAT_Group_Evaluation/open_source_LLM_2SAT/qwen/outputs/cnf_qwen3_14b_unsat_clause_subset_followup_allN_3_5_8_10_15_20_25_30_40_50_60_thinking/results_desc.jsonl,121,154,14,14,14,14,14,14,14,14,14,14,14,14,14,14,14,14,14,14,14,14,14,14,120,25,154,1.0,146,18,93,SAT_Group_Evaluation/analysis/open_source_LLM_2SAT_analysis/open_source_LLM_2SAT_group_adr_with_wilson_and_cp_RMC_rmc_paper_open_vendor_case_b.json,substantive repeated-success threshold,True,0,0,53,0,93,0
2-SAT,Qwen3-14B (think),qwen__Qwen__Qwen3-14B__cnf_qwen3_14b_cases_prompt_interleave_zero_shot_desc_allN_3_5_8_10_15_20_25_30_40_50_60_thinking,N,5,1.0,0.948051948051948,0.3441558441558441,0.11688311688311688,0.6038961038961039,0.9480519480519481,1.1102230246251565e-16,0.3441558441558442,0.1168831168831169,0.6038961038961039,0.9043683589138134,0.005565862708719838,0.8988024962050936,0.013661663012312364,0.36469050430089395,0.049586776859504134,0.42089728453364816,0.0055658627087198514,True,1.0,0.9285714285714286,1.0,1.0,1.0,1.0,1.0,1.0,1.0,1.0,0.9285714285714286,0.0,0.5,0.2857142857142857,0.14285714285714285,0.07142857142857142,0.07142857142857142,0.07142857142857142,0.07142857142857142,0.07142857142857142,0.0,0.14285714285714285,1.0,1.0,0.9285714285714286,0.8571428571428571,0.7142857142857143,0.6428571428571429,0.5714285714285714,0.5,0.21428571428571427,0.9043683589138134,11,11,0.0436835891381346,0.8988024962050936,1348,SAT_Group_Evaluation/open_source_LLM_2SAT/qwen/outputs/cnf_qwen3_14b_unsat_clause_subset_followup_allN_3_5_8_10_15_20_25_30_40_50_60_thinking/results_desc.jsonl,121,154,14,14,14,14,14,14,14,14,14,14,14,14,14,14,14,14,14,14,14,14,14,14,120,25,154,1.0,146,18,93,SAT_Group_Evaluation/analysis/open_source_LLM_2SAT_analysis/open_source_LLM_2SAT_group_adr_with_wilson_and_cp_RMC_rmc_paper_open_vendor_case_b.json,substantive repeated-success threshold,True,0,0,53,0,93,0
2-SAT,Qwen3-14B (think),qwen__Qwen__Qwen3-14B__cnf_qwen3_14b_cases_prompt_interleave_zero_shot_desc_allN_3_5_8_10_15_20_25_30_40_50_60_thinking,N,8,0.0,0.948051948051948,0.16233766233766234,0.13636363636363635,0.7857142857142857,0.9480519480519481,1.1102230246251565e-16,0.16233766233766245,0.13636363636363638,0.7857142857142857,0.9480519480519481,1.1102230246251565e-16,0.948051948051948,0.13636363636363635,0.7857142857142857,0.13636363636363638,0.7857142857142857,0.003204587620172036,True,1.0,0.9285714285714286,1.0,1.0,1.0,1.0,1.0,1.0,1.0,1.0,1.0,0.0,0.6428571428571429,0.5,0.21428571428571427,0.14285714285714285,0.0,0.0,0.0,0.0,0.0,0.2857142857142857,1.0,1.0,1.0,1.0,1.0,0.9285714285714286,0.8571428571428571,0.8571428571428571,0.5714285714285714,0.9020070838252655,11,11,0.04604486422668242,0.8988024962050936,1348,SAT_Group_Evaluation/open_source_LLM_2SAT/qwen/outputs/cnf_qwen3_14b_unsat_clause_subset_followup_allN_3_5_8_10_15_20_25_30_40_50_60_thinking/results_desc.jsonl,121,154,14,14,14,14,14,14,14,14,14,14,14,14,14,14,14,14,14,14,14,14,14,14,121,22,154,1.0,146,21,121,SAT_Group_Evaluation/analysis/open_source_LLM_2SAT_analysis/open_source_LLM_2SAT_group_adr_with_wilson_and_cp_RMC_rmc_paper_open_vendor_case_b.json,substantive repeated-success threshold,True,0,0,24,0,121,1
2-SAT,Qwen3-14B (think),qwen__Qwen__Qwen3-14B__cnf_qwen3_14b_cases_prompt_interleave_zero_shot_desc_allN_3_5_8_10_15_20_25_30_40_50_60_thinking,N,8,0.25,0.948051948051948,0.16233766233766234,0.13636363636363635,0.7857142857142857,0.9480519480519481,1.1102230246251565e-16,0.16233766233766245,0.13636363636363638,0.7857142857142857,0.9365407319952774,0.0008011469050429598,0.9357395850902345,0.10692148760330578,0.7436224489795918,0.11097992916174734,0.7491145218417945,0.003204587620172036,True,1.0,0.9285714285714286,1.0,1.0,1.0,1.0,1.0,1.0,1.0,1.0,1.0,0.0,0.6428571428571429,0.5,0.21428571428571427,0.14285714285714285,0.0,0.0,0.0,0.0,0.0,0.2857142857142857,1.0,1.0,1.0,1.0,1.0,0.9285714285714286,0.8571428571428571,0.8571428571428571,0.5714285714285714,0.9020070838252655,11,11,0.04604486422668242,0.8988024962050936,1348,SAT_Group_Evaluation/open_source_LLM_2SAT/qwen/outputs/cnf_qwen3_14b_unsat_clause_subset_followup_allN_3_5_8_10_15_20_25_30_40_50_60_thinking/results_desc.jsonl,121,154,14,14,14,14,14,14,14,14,14,14,14,14,14,14,14,14,14,14,14,14,14,14,121,22,154,1.0,146,21,121,SAT_Group_Evaluation/analysis/open_source_LLM_2SAT_analysis/open_source_LLM_2SAT_group_adr_with_wilson_and_cp_RMC_rmc_paper_open_vendor_case_b.json,substantive repeated-success threshold,True,0,0,24,0,121,1
2-SAT,Qwen3-14B (think),qwen__Qwen__Qwen3-14B__cnf_qwen3_14b_cases_prompt_interleave_zero_shot_desc_allN_3_5_8_10_15_20_25_30_40_50_60_thinking,N,8,0.5,0.948051948051948,0.16233766233766234,0.13636363636363635,0.7857142857142857,0.9480519480519481,1.1102230246251565e-16,0.16233766233766245,0.13636363636363638,0.7857142857142857,0.9250295159386068,0.0016022938100860307,0.9234272221285208,0.0774793388429752,0.7015306122448979,0.08559622195985832,0.7125147579693035,0.003204587620172036,True,1.0,0.9285714285714286,1.0,1.0,1.0,1.0,1.0,1.0,1.0,1.0,1.0,0.0,0.6428571428571429,0.5,0.21428571428571427,0.14285714285714285,0.0,0.0,0.0,0.0,0.0,0.2857142857142857,1.0,1.0,1.0,1.0,1.0,0.9285714285714286,0.8571428571428571,0.8571428571428571,0.5714285714285714,0.9020070838252655,11,11,0.04604486422668242,0.8988024962050936,1348,SAT_Group_Evaluation/open_source_LLM_2SAT/qwen/outputs/cnf_qwen3_14b_unsat_clause_subset_followup_allN_3_5_8_10_15_20_25_30_40_50_60_thinking/results_desc.jsonl,121,154,14,14,14,14,14,14,14,14,14,14,14,14,14,14,14,14,14,14,14,14,14,14,121,22,154,1.0,146,21,121,SAT_Group_Evaluation/analysis/open_source_LLM_2SAT_analysis/open_source_LLM_2SAT_group_adr_with_wilson_and_cp_RMC_rmc_paper_open_vendor_case_b.json,substantive repeated-success threshold,True,0,0,24,0,121,1
2-SAT,Qwen3-14B (think),qwen__Qwen__Qwen3-14B__cnf_qwen3_14b_cases_prompt_interleave_zero_shot_desc_allN_3_5_8_10_15_20_25_30_40_50_60_thinking,N,8,0.75,0.948051948051948,0.16233766233766234,0.13636363636363635,0.7857142857142857,0.9480519480519481,1.1102230246251565e-16,0.16233766233766245,0.13636363636363638,0.7857142857142857,0.9135182998819362,0.0024034407151289905,0.9111148591668072,0.04803719008264462,0.659438775510204,0.06021251475796931,0.6759149940968123,0.003204587620172036,True,1.0,0.9285714285714286,1.0,1.0,1.0,1.0,1.0,1.0,1.0,1.0,1.0,0.0,0.6428571428571429,0.5,0.21428571428571427,0.14285714285714285,0.0,0.0,0.0,0.0,0.0,0.2857142857142857,1.0,1.0,1.0,1.0,1.0,0.9285714285714286,0.8571428571428571,0.8571428571428571,0.5714285714285714,0.9020070838252655,11,11,0.04604486422668242,0.8988024962050936,1348,SAT_Group_Evaluation/open_source_LLM_2SAT/qwen/outputs/cnf_qwen3_14b_unsat_clause_subset_followup_allN_3_5_8_10_15_20_25_30_40_50_60_thinking/results_desc.jsonl,121,154,14,14,14,14,14,14,14,14,14,14,14,14,14,14,14,14,14,14,14,14,14,14,121,22,154,1.0,146,21,121,SAT_Group_Evaluation/analysis/open_source_LLM_2SAT_analysis/open_source_LLM_2SAT_group_adr_with_wilson_and_cp_RMC_rmc_paper_open_vendor_case_b.json,substantive repeated-success threshold,True,0,0,24,0,121,1
2-SAT,Qwen3-14B (think),qwen__Qwen__Qwen3-14B__cnf_qwen3_14b_cases_prompt_interleave_zero_shot_desc_allN_3_5_8_10_15_20_25_30_40_50_60_thinking,N,8,1.0,0.948051948051948,0.16233766233766234,0.13636363636363635,0.7857142857142857,0.9480519480519481,1.1102230246251565e-16,0.16233766233766245,0.13636363636363638,0.7857142857142857,0.9020070838252655,0.0032045876201719503,0.8988024962050936,0.018595041322314043,0.6173469387755102,0.03482880755608029,0.6393152302243211,0.003204587620172036,True,1.0,0.9285714285714286,1.0,1.0,1.0,1.0,1.0,1.0,1.0,1.0,1.0,0.0,0.6428571428571429,0.5,0.21428571428571427,0.14285714285714285,0.0,0.0,0.0,0.0,0.0,0.2857142857142857,1.0,1.0,1.0,1.0,1.0,0.9285714285714286,0.8571428571428571,0.8571428571428571,0.5714285714285714,0.9020070838252655,11,11,0.04604486422668242,0.8988024962050936,1348,SAT_Group_Evaluation/open_source_LLM_2SAT/qwen/outputs/cnf_qwen3_14b_unsat_clause_subset_followup_allN_3_5_8_10_15_20_25_30_40_50_60_thinking/results_desc.jsonl,121,154,14,14,14,14,14,14,14,14,14,14,14,14,14,14,14,14,14,14,14,14,14,14,121,22,154,1.0,146,21,121,SAT_Group_Evaluation/analysis/open_source_LLM_2SAT_analysis/open_source_LLM_2SAT_group_adr_with_wilson_and_cp_RMC_rmc_paper_open_vendor_case_b.json,substantive repeated-success threshold,True,0,0,24,0,121,1
2-SAT,Qwen3-14B (think),qwen__Qwen__Qwen3-14B__cnf_qwen3_14b_cases_prompt_interleave_zero_shot_desc_allN_3_5_8_10_15_20_25_30_40_50_60_thinking,N,10,0.0,0.8831168831168831,0.09090909090909083,0.12987012987012986,0.7922077922077922,0.8831168831168831,0.0,0.09090909090909083,0.12987012987012986,0.7922077922077922,0.8831168831168831,0.0,0.8831168831168831,0.12987012987012986,0.7922077922077922,0.12987012987012986,0.7922077922077922,0.014673638050261426,True,1.0,0.6428571428571429,1.0,1.0,1.0,1.0,1.0,1.0,1.0,0.8571428571428571,0.8571428571428571,0.0,0.6428571428571429,0.2857142857142857,0.14285714285714285,0.14285714285714285,0.14285714285714285,0.07142857142857142,0.0,0.0,0.0,0.2857142857142857,1.0,1.0,1.0,1.0,1.0,0.9285714285714286,0.8571428571428571,0.8571428571428571,0.5714285714285714,0.79456906729634,11,11,0.0885478158205431,0.7798954292460786,1348,SAT_Group_Evaluation/open_source_LLM_2SAT/qwen/outputs/cnf_qwen3_14b_unsat_clause_subset_followup_allN_3_5_8_10_15_20_25_30_40_50_60_thinking/results_desc.jsonl,121,154,14,14,14,14,14,14,14,14,14,14,14,14,14,14,14,14,14,14,14,14,14,14,119,26,154,1.0,136,20,122,SAT_Group_Evaluation/analysis/open_source_LLM_2SAT_analysis/open_source_LLM_2SAT_group_adr_with_wilson_and_cp_RMC_rmc_paper_open_vendor_case_b.json,substantive repeated-success threshold,True,0,0,13,0,122,1
2-SAT,Qwen3-14B (think),qwen__Qwen__Qwen3-14B__cnf_qwen3_14b_cases_prompt_interleave_zero_shot_desc_allN_3_5_8_10_15_20_25_30_40_50_60_thinking,N,10,0.25,0.8831168831168831,0.09090909090909083,0.12987012987012986,0.7922077922077922,0.8831168831168831,0.0,0.09090909090909083,0.12987012987012986,0.7922077922077922,0.8609799291617473,0.003668409512565307,0.857311519649182,0.1016191600607185,0.7510541406645304,0.10832349468713105,0.7570838252656434,0.014673638050261426,True,1.0,0.6428571428571429,1.0,1.0,1.0,1.0,1.0,1.0,1.0,0.8571428571428571,0.8571428571428571,0.0,0.6428571428571429,0.2857142857142857,0.14285714285714285,0.14285714285714285,0.14285714285714285,0.07142857142857142,0.0,0.0,0.0,0.2857142857142857,1.0,1.0,1.0,1.0,1.0,0.9285714285714286,0.8571428571428571,0.8571428571428571,0.5714285714285714,0.79456906729634,11,11,0.0885478158205431,0.7798954292460786,1348,SAT_Group_Evaluation/open_source_LLM_2SAT/qwen/outputs/cnf_qwen3_14b_unsat_clause_subset_followup_allN_3_5_8_10_15_20_25_30_40_50_60_thinking/results_desc.jsonl,121,154,14,14,14,14,14,14,14,14,14,14,14,14,14,14,14,14,14,14,14,14,14,14,119,26,154,1.0,136,20,122,SAT_Group_Evaluation/analysis/open_source_LLM_2SAT_analysis/open_source_LLM_2SAT_group_adr_with_wilson_and_cp_RMC_rmc_paper_open_vendor_case_b.json,substantive repeated-success threshold,True,0,0,13,0,122,1
2-SAT,Qwen3-14B (think),qwen__Qwen__Qwen3-14B__cnf_qwen3_14b_cases_prompt_interleave_zero_shot_desc_allN_3_5_8_10_15_20_25_30_40_50_60_thinking,N,10,0.5,0.8831168831168831,0.09090909090909083,0.12987012987012986,0.7922077922077922,0.8831168831168831,0.0,0.09090909090909083,0.12987012987012986,0.7922077922077922,0.8388429752066117,0.007336819025130836,0.8315061561814808,0.07336819025130713,0.7099004891212684,0.08677685950413223,0.7219598583234947,0.014673638050261426,True,1.0,0.6428571428571429,1.0,1.0,1.0,1.0,1.0,1.0,1.0,0.8571428571428571,0.8571428571428571,0.0,0.6428571428571429,0.2857142857142857,0.14285714285714285,0.14285714285714285,0.14285714285714285,0.07142857142857142,0.0,0.0,0.0,0.2857142857142857,1.0,1.0,1.0,1.0,1.0,0.9285714285714286,0.8571428571428571,0.8571428571428571,0.5714285714285714,0.79456906729634,11,11,0.0885478158205431,0.7798954292460786,1348,SAT_Group_Evaluation/open_source_LLM_2SAT/qwen/outputs/cnf_qwen3_14b_unsat_clause_subset_followup_allN_3_5_8_10_15_20_25_30_40_50_60_thinking/results_desc.jsonl,121,154,14,14,14,14,14,14,14,14,14,14,14,14,14,14,14,14,14,14,14,14,14,14,119,26,154,1.0,136,20,122,SAT_Group_Evaluation/analysis/open_source_LLM_2SAT_analysis/open_source_LLM_2SAT_group_adr_with_wilson_and_cp_RMC_rmc_paper_open_vendor_case_b.json,substantive repeated-success threshold,True,0,0,13,0,122,1
2-SAT,Qwen3-14B (think),qwen__Qwen__Qwen3-14B__cnf_qwen3_14b_cases_prompt_interleave_zero_shot_desc_allN_3_5_8_10_15_20_25_30_40_50_60_thinking,N,10,0.75,0.8831168831168831,0.09090909090909083,0.12987012987012986,0.7922077922077922,0.8831168831168831,0.0,0.09090909090909083,0.12987012987012986,0.7922077922077922,0.8167060212514758,0.011005228537696143,0.8057007927137797,0.04511722044189577,0.6687468375780065,0.06523022432113341,0.6868358913813459,0.014673638050261426,True,1.0,0.6428571428571429,1.0,1.0,1.0,1.0,1.0,1.0,1.0,0.8571428571428571,0.8571428571428571,0.0,0.6428571428571429,0.2857142857142857,0.14285714285714285,0.14285714285714285,0.14285714285714285,0.07142857142857142,0.0,0.0,0.0,0.2857142857142857,1.0,1.0,1.0,1.0,1.0,0.9285714285714286,0.8571428571428571,0.8571428571428571,0.5714285714285714,0.79456906729634,11,11,0.0885478158205431,0.7798954292460786,1348,SAT_Group_Evaluation/open_source_LLM_2SAT/qwen/outputs/cnf_qwen3_14b_unsat_clause_subset_followup_allN_3_5_8_10_15_20_25_30_40_50_60_thinking/results_desc.jsonl,121,154,14,14,14,14,14,14,14,14,14,14,14,14,14,14,14,14,14,14,14,14,14,14,119,26,154,1.0,136,20,122,SAT_Group_Evaluation/analysis/open_source_LLM_2SAT_analysis/open_source_LLM_2SAT_group_adr_with_wilson_and_cp_RMC_rmc_paper_open_vendor_case_b.json,substantive repeated-success threshold,True,0,0,13,0,122,1
2-SAT,Qwen3-14B (think),qwen__Qwen__Qwen3-14B__cnf_qwen3_14b_cases_prompt_interleave_zero_shot_desc_allN_3_5_8_10_15_20_25_30_40_50_60_thinking,N,10,1.0,0.8831168831168831,0.09090909090909083,0.12987012987012986,0.7922077922077922,0.8831168831168831,0.0,0.09090909090909083,0.12987012987012986,0.7922077922077922,0.79456906729634,0.01467363805026145,0.7798954292460786,0.016866250632484397,0.6275931860347446,0.04368358913813459,0.6517119244391971,0.014673638050261426,True,1.0,0.6428571428571429,1.0,1.0,1.0,1.0,1.0,1.0,1.0,0.8571428571428571,0.8571428571428571,0.0,0.6428571428571429,0.2857142857142857,0.14285714285714285,0.14285714285714285,0.14285714285714285,0.07142857142857142,0.0,0.0,0.0,0.2857142857142857,1.0,1.0,1.0,1.0,1.0,0.9285714285714286,0.8571428571428571,0.8571428571428571,0.5714285714285714,0.79456906729634,11,11,0.0885478158205431,0.7798954292460786,1348,SAT_Group_Evaluation/open_source_LLM_2SAT/qwen/outputs/cnf_qwen3_14b_unsat_clause_subset_followup_allN_3_5_8_10_15_20_25_30_40_50_60_thinking/results_desc.jsonl,121,154,14,14,14,14,14,14,14,14,14,14,14,14,14,14,14,14,14,14,14,14,14,14,119,26,154,1.0,136,20,122,SAT_Group_Evaluation/analysis/open_source_LLM_2SAT_analysis/open_source_LLM_2SAT_group_adr_with_wilson_and_cp_RMC_rmc_paper_open_vendor_case_b.json,substantive repeated-success threshold,True,0,0,13,0,122,1
2-SAT,Qwen3-14B (think),qwen__Qwen__Qwen3-14B__cnf_qwen3_14b_cases_prompt_interleave_zero_shot_desc_allN_3_5_8_10_15_20_25_30_40_50_60_thinking,N,15,0.0,0.6883116883116883,0.11688311688311692,0.045454545454545456,0.5714285714285714,0.6883116883116883,0.0,0.11688311688311692,0.045454545454545456,0.5714285714285714,0.6883116883116883,0.0,0.6883116883116883,0.045454545454545456,0.5714285714285714,0.045454545454545456,0.5714285714285714,0.03744307640411537,True,1.0,0.14285714285714285,1.0,1.0,1.0,0.9285714285714286,0.9285714285714286,0.7857142857142857,0.7142857142857143,0.5714285714285714,0.42857142857142855,0.0,0.35714285714285715,0.14285714285714285,0.0,0.0,0.0,0.0,0.0,0.0,0.0,0.07142857142857142,1.0,0.9285714285714286,0.9285714285714286,0.8571428571428571,0.7857142857142857,0.6428571428571429,0.5714285714285714,0.35714285714285715,0.14285714285714285,0.5112160566706022,11,11,0.17709563164108616,0.4737729802664868,1348,SAT_Group_Evaluation/open_source_LLM_2SAT/qwen/outputs/cnf_qwen3_14b_unsat_clause_subset_followup_allN_3_5_8_10_15_20_25_30_40_50_60_thinking/results_desc.jsonl,121,154,14,14,14,14,14,14,14,14,14,14,14,14,14,14,14,14,14,14,14,14,14,14,111,13,154,1.0,106,7,88,SAT_Group_Evaluation/analysis/open_source_LLM_2SAT_analysis/open_source_LLM_2SAT_group_adr_with_wilson_and_cp_RMC_rmc_paper_open_vendor_case_b.json,substantive repeated-success threshold,True,0,0,16,0,88,2
2-SAT,Qwen3-14B (think),qwen__Qwen__Qwen3-14B__cnf_qwen3_14b_cases_prompt_interleave_zero_shot_desc_allN_3_5_8_10_15_20_25_30_40_50_60_thinking,N,15,0.25,0.6883116883116883,0.11688311688311692,0.045454545454545456,0.5714285714285714,0.6883116883116883,0.0,0.11688311688311692,0.045454545454545456,0.5714285714285714,0.6440377804014167,0.009360769101028787,0.6346770113003879,0.03460743801652893,0.5102040816326531,0.03571428571428571,0.5218417945690673,0.03744307640411537,True,1.0,0.14285714285714285,1.0,1.0,1.0,0.9285714285714286,0.9285714285714286,0.7857142857142857,0.7142857142857143,0.5714285714285714,0.42857142857142855,0.0,0.35714285714285715,0.14285714285714285,0.0,0.0,0.0,0.0,0.0,0.0,0.0,0.07142857142857142,1.0,0.9285714285714286,0.9285714285714286,0.8571428571428571,0.7857142857142857,0.6428571428571429,0.5714285714285714,0.35714285714285715,0.14285714285714285,0.5112160566706022,11,11,0.17709563164108616,0.4737729802664868,1348,SAT_Group_Evaluation/open_source_LLM_2SAT/qwen/outputs/cnf_qwen3_14b_unsat_clause_subset_followup_allN_3_5_8_10_15_20_25_30_40_50_60_thinking/results_desc.jsonl,121,154,14,14,14,14,14,14,14,14,14,14,14,14,14,14,14,14,14,14,14,14,14,14,111,13,154,1.0,106,7,88,SAT_Group_Evaluation/analysis/open_source_LLM_2SAT_analysis/open_source_LLM_2SAT_group_adr_with_wilson_and_cp_RMC_rmc_paper_open_vendor_case_b.json,substantive repeated-success threshold,True,0,0,16,0,88,2
2-SAT,Qwen3-14B (think),qwen__Qwen__Qwen3-14B__cnf_qwen3_14b_cases_prompt_interleave_zero_shot_desc_allN_3_5_8_10_15_20_25_30_40_50_60_thinking,N,15,0.5,0.6883116883116883,0.11688311688311692,0.045454545454545456,0.5714285714285714,0.6883116883116883,0.0,0.11688311688311692,0.045454545454545456,0.5714285714285714,0.5997638724911453,0.018721538202057686,0.5810423342890876,0.023760330578512397,0.44897959183673464,0.025974025974025976,0.4722550177095632,0.03744307640411537,True,1.0,0.14285714285714285,1.0,1.0,1.0,0.9285714285714286,0.9285714285714286,0.7857142857142857,0.7142857142857143,0.5714285714285714,0.42857142857142855,0.0,0.35714285714285715,0.14285714285714285,0.0,0.0,0.0,0.0,0.0,0.0,0.0,0.07142857142857142,1.0,0.9285714285714286,0.9285714285714286,0.8571428571428571,0.7857142857142857,0.6428571428571429,0.5714285714285714,0.35714285714285715,0.14285714285714285,0.5112160566706022,11,11,0.17709563164108616,0.4737729802664868,1348,SAT_Group_Evaluation/open_source_LLM_2SAT/qwen/outputs/cnf_qwen3_14b_unsat_clause_subset_followup_allN_3_5_8_10_15_20_25_30_40_50_60_thinking/results_desc.jsonl,121,154,14,14,14,14,14,14,14,14,14,14,14,14,14,14,14,14,14,14,14,14,14,14,111,13,154,1.0,106,7,88,SAT_Group_Evaluation/analysis/open_source_LLM_2SAT_analysis/open_source_LLM_2SAT_group_adr_with_wilson_and_cp_RMC_rmc_paper_open_vendor_case_b.json,substantive repeated-success threshold,True,0,0,16,0,88,2
2-SAT,Qwen3-14B (think),qwen__Qwen__Qwen3-14B__cnf_qwen3_14b_cases_prompt_interleave_zero_shot_desc_allN_3_5_8_10_15_20_25_30_40_50_60_thinking,N,15,0.75,0.6883116883116883,0.11688311688311692,0.045454545454545456,0.5714285714285714,0.6883116883116883,0.0,0.11688311688311692,0.045454545454545456,0.5714285714285714,0.5554899645808737,0.028082307303086584,0.5274076572777872,0.012913223140495873,0.3877551020408163,0.016233766233766236,0.422668240850059,0.03744307640411537,True,1.0,0.14285714285714285,1.0,1.0,1.0,0.9285714285714286,0.9285714285714286,0.7857142857142857,0.7142857142857143,0.5714285714285714,0.42857142857142855,0.0,0.35714285714285715,0.14285714285714285,0.0,0.0,0.0,0.0,0.0,0.0,0.0,0.07142857142857142,1.0,0.9285714285714286,0.9285714285714286,0.8571428571428571,0.7857142857142857,0.6428571428571429,0.5714285714285714,0.35714285714285715,0.14285714285714285,0.5112160566706022,11,11,0.17709563164108616,0.4737729802664868,1348,SAT_Group_Evaluation/open_source_LLM_2SAT/qwen/outputs/cnf_qwen3_14b_unsat_clause_subset_followup_allN_3_5_8_10_15_20_25_30_40_50_60_thinking/results_desc.jsonl,121,154,14,14,14,14,14,14,14,14,14,14,14,14,14,14,14,14,14,14,14,14,14,14,111,13,154,1.0,106,7,88,SAT_Group_Evaluation/analysis/open_source_LLM_2SAT_analysis/open_source_LLM_2SAT_group_adr_with_wilson_and_cp_RMC_rmc_paper_open_vendor_case_b.json,substantive repeated-success threshold,True,0,0,16,0,88,2
2-SAT,Qwen3-14B (think),qwen__Qwen__Qwen3-14B__cnf_qwen3_14b_cases_prompt_interleave_zero_shot_desc_allN_3_5_8_10_15_20_25_30_40_50_60_thinking,N,15,1.0,0.6883116883116883,0.11688311688311692,0.045454545454545456,0.5714285714285714,0.6883116883116883,0.0,0.11688311688311692,0.045454545454545456,0.5714285714285714,0.5112160566706022,0.03744307640411548,0.47377298026648673,0.002066115702479339,0.32653061224489793,0.006493506493506494,0.3730814639905549,0.03744307640411537,True,1.0,0.14285714285714285,1.0,1.0,1.0,0.9285714285714286,0.9285714285714286,0.7857142857142857,0.7142857142857143,0.5714285714285714,0.42857142857142855,0.0,0.35714285714285715,0.14285714285714285,0.0,0.0,0.0,0.0,0.0,0.0,0.0,0.07142857142857142,1.0,0.9285714285714286,0.9285714285714286,0.8571428571428571,0.7857142857142857,0.6428571428571429,0.5714285714285714,0.35714285714285715,0.14285714285714285,0.5112160566706022,11,11,0.17709563164108616,0.4737729802664868,1348,SAT_Group_Evaluation/open_source_LLM_2SAT/qwen/outputs/cnf_qwen3_14b_unsat_clause_subset_followup_allN_3_5_8_10_15_20_25_30_40_50_60_thinking/results_desc.jsonl,121,154,14,14,14,14,14,14,14,14,14,14,14,14,14,14,14,14,14,14,14,14,14,14,111,13,154,1.0,106,7,88,SAT_Group_Evaluation/analysis/open_source_LLM_2SAT_analysis/open_source_LLM_2SAT_group_adr_with_wilson_and_cp_RMC_rmc_paper_open_vendor_case_b.json,substantive repeated-success threshold,True,0,0,16,0,88,2
2-SAT,Qwen3-14B (think),qwen__Qwen__Qwen3-14B__cnf_qwen3_14b_cases_prompt_interleave_zero_shot_desc_allN_3_5_8_10_15_20_25_30_40_50_60_thinking,N,20,0.0,0.33766233766233766,0.07142857142857145,0.012987012987012988,0.2662337662337662,0.33766233766233766,0.0,0.07142857142857145,0.012987012987012988,0.2662337662337662,0.33766233766233766,0.0,0.33766233766233766,0.012987012987012988,0.2662337662337662,0.012987012987012988,0.2662337662337662,0.03356383875864395,True,1.0,0.0,1.0,0.9285714285714286,0.5714285714285714,0.42857142857142855,0.42857142857142855,0.21428571428571427,0.07142857142857142,0.07142857142857142,0.0,0.0,0.14285714285714285,0.0,0.0,0.0,0.0,0.0,0.0,0.0,0.0,0.0,1.0,0.7857142857142857,0.42857142857142855,0.35714285714285715,0.2857142857142857,0.07142857142857142,0.0,0.0,0.0,0.14757969303423848,11,11,0.19008264462809918,0.11401585427559453,1348,SAT_Group_Evaluation/open_source_LLM_2SAT/qwen/outputs/cnf_qwen3_14b_unsat_clause_subset_followup_allN_3_5_8_10_15_20_25_30_40_50_60_thinking/results_desc.jsonl,121,154,14,14,14,14,14,14,14,14,14,14,14,14,14,14,14,14,14,14,14,14,14,14,89,3,154,1.0,52,2,41,SAT_Group_Evaluation/analysis/open_source_LLM_2SAT_analysis/open_source_LLM_2SAT_group_adr_with_wilson_and_cp_RMC_rmc_paper_open_vendor_case_b.json,substantive repeated-success threshold,True,0,0,3,0,42,10
2-SAT,Qwen3-14B (think),qwen__Qwen__Qwen3-14B__cnf_qwen3_14b_cases_prompt_interleave_zero_shot_desc_allN_3_5_8_10_15_20_25_30_40_50_60_thinking,N,20,0.25,0.33766233766233766,0.07142857142857145,0.012987012987012988,0.2662337662337662,0.33766233766233766,0.0,0.07142857142857145,0.012987012987012988,0.2662337662337662,0.29014167650531286,0.00839095968966097,0.2817507168156519,0.009782425366840953,0.21739542924607858,0.010035419126328217,0.22314049586776857,0.03356383875864395,True,1.0,0.0,1.0,0.9285714285714286,0.5714285714285714,0.42857142857142855,0.42857142857142855,0.21428571428571427,0.07142857142857142,0.07142857142857142,0.0,0.0,0.14285714285714285,0.0,0.0,0.0,0.0,0.0,0.0,0.0,0.0,0.0,1.0,0.7857142857142857,0.42857142857142855,0.35714285714285715,0.2857142857142857,0.07142857142857142,0.0,0.0,0.0,0.14757969303423848,11,11,0.19008264462809918,0.11401585427559453,1348,SAT_Group_Evaluation/open_source_LLM_2SAT/qwen/outputs/cnf_qwen3_14b_unsat_clause_subset_followup_allN_3_5_8_10_15_20_25_30_40_50_60_thinking/results_desc.jsonl,121,154,14,14,14,14,14,14,14,14,14,14,14,14,14,14,14,14,14,14,14,14,14,14,89,3,154,1.0,52,2,41,SAT_Group_Evaluation/analysis/open_source_LLM_2SAT_analysis/open_source_LLM_2SAT_group_adr_with_wilson_and_cp_RMC_rmc_paper_open_vendor_case_b.json,substantive repeated-success threshold,True,0,0,3,0,42,10
2-SAT,Qwen3-14B (think),qwen__Qwen__Qwen3-14B__cnf_qwen3_14b_cases_prompt_interleave_zero_shot_desc_allN_3_5_8_10_15_20_25_30_40_50_60_thinking,N,20,0.5,0.33766233766233766,0.07142857142857145,0.012987012987012988,0.2662337662337662,0.33766233766233766,0.0,0.07142857142857145,0.012987012987012988,0.2662337662337662,0.2426210153482881,0.01678191937932197,0.22583909596896612,0.006577837746668916,0.16855709225839094,0.0070838252656434475,0.18004722550177094,0.03356383875864395,True,1.0,0.0,1.0,0.9285714285714286,0.5714285714285714,0.42857142857142855,0.42857142857142855,0.21428571428571427,0.07142857142857142,0.07142857142857142,0.0,0.0,0.14285714285714285,0.0,0.0,0.0,0.0,0.0,0.0,0.0,0.0,0.0,1.0,0.7857142857142857,0.42857142857142855,0.35714285714285715,0.2857142857142857,0.07142857142857142,0.0,0.0,0.0,0.14757969303423848,11,11,0.19008264462809918,0.11401585427559453,1348,SAT_Group_Evaluation/open_source_LLM_2SAT/qwen/outputs/cnf_qwen3_14b_unsat_clause_subset_followup_allN_3_5_8_10_15_20_25_30_40_50_60_thinking/results_desc.jsonl,121,154,14,14,14,14,14,14,14,14,14,14,14,14,14,14,14,14,14,14,14,14,14,14,89,3,154,1.0,52,2,41,SAT_Group_Evaluation/analysis/open_source_LLM_2SAT_analysis/open_source_LLM_2SAT_group_adr_with_wilson_and_cp_RMC_rmc_paper_open_vendor_case_b.json,substantive repeated-success threshold,True,0,0,3,0,42,10
2-SAT,Qwen3-14B (think),qwen__Qwen__Qwen3-14B__cnf_qwen3_14b_cases_prompt_interleave_zero_shot_desc_allN_3_5_8_10_15_20_25_30_40_50_60_thinking,N,20,0.75,0.33766233766233766,0.07142857142857145,0.012987012987012988,0.2662337662337662,0.33766233766233766,0.0,0.07142857142857145,0.012987012987012988,0.2662337662337662,0.1951003541912633,0.025172879068982995,0.1699274751222803,0.00337325012649688,0.11971875527070328,0.004132231404958679,0.13695395513577333,0.03356383875864395,True,1.0,0.0,1.0,0.9285714285714286,0.5714285714285714,0.42857142857142855,0.42857142857142855,0.21428571428571427,0.07142857142857142,0.07142857142857142,0.0,0.0,0.14285714285714285,0.0,0.0,0.0,0.0,0.0,0.0,0.0,0.0,0.0,1.0,0.7857142857142857,0.42857142857142855,0.35714285714285715,0.2857142857142857,0.07142857142857142,0.0,0.0,0.0,0.14757969303423848,11,11,0.19008264462809918,0.11401585427559453,1348,SAT_Group_Evaluation/open_source_LLM_2SAT/qwen/outputs/cnf_qwen3_14b_unsat_clause_subset_followup_allN_3_5_8_10_15_20_25_30_40_50_60_thinking/results_desc.jsonl,121,154,14,14,14,14,14,14,14,14,14,14,14,14,14,14,14,14,14,14,14,14,14,14,89,3,154,1.0,52,2,41,SAT_Group_Evaluation/analysis/open_source_LLM_2SAT_analysis/open_source_LLM_2SAT_group_adr_with_wilson_and_cp_RMC_rmc_paper_open_vendor_case_b.json,substantive repeated-success threshold,True,0,0,3,0,42,10
2-SAT,Qwen3-14B (think),qwen__Qwen__Qwen3-14B__cnf_qwen3_14b_cases_prompt_interleave_zero_shot_desc_allN_3_5_8_10_15_20_25_30_40_50_60_thinking,N,20,1.0,0.33766233766233766,0.07142857142857145,0.012987012987012988,0.2662337662337662,0.33766233766233766,0.0,0.07142857142857145,0.012987012987012988,0.2662337662337662,0.14757969303423848,0.03356383875864394,0.11401585427559455,0.00016866250632484488,0.07088041828301567,0.0011806375442739079,0.09386068476977569,0.03356383875864395,True,1.0,0.0,1.0,0.9285714285714286,0.5714285714285714,0.42857142857142855,0.42857142857142855,0.21428571428571427,0.07142857142857142,0.07142857142857142,0.0,0.0,0.14285714285714285,0.0,0.0,0.0,0.0,0.0,0.0,0.0,0.0,0.0,1.0,0.7857142857142857,0.42857142857142855,0.35714285714285715,0.2857142857142857,0.07142857142857142,0.0,0.0,0.0,0.14757969303423848,11,11,0.19008264462809918,0.11401585427559453,1348,SAT_Group_Evaluation/open_source_LLM_2SAT/qwen/outputs/cnf_qwen3_14b_unsat_clause_subset_followup_allN_3_5_8_10_15_20_25_30_40_50_60_thinking/results_desc.jsonl,121,154,14,14,14,14,14,14,14,14,14,14,14,14,14,14,14,14,14,14,14,14,14,14,89,3,154,1.0,52,2,41,SAT_Group_Evaluation/analysis/open_source_LLM_2SAT_analysis/open_source_LLM_2SAT_group_adr_with_wilson_and_cp_RMC_rmc_paper_open_vendor_case_b.json,substantive repeated-success threshold,True,0,0,3,0,42,10
2-SAT,Qwen3-14B (think),qwen__Qwen__Qwen3-14B__cnf_qwen3_14b_cases_prompt_interleave_zero_shot_desc_allN_3_5_8_10_15_20_25_30_40_50_60_thinking,N,25,0.0,0.21428571428571427,0.05844155844155843,0.0,0.15584415584415584,0.21428571428571427,0.0,0.05844155844155843,0.0,0.15584415584415584,0.21428571428571427,0.0,0.21428571428571427,0.0,0.15584415584415584,0.0,0.15584415584415584,0.04203912970146736,True,1.0,0.0,0.8571428571428571,0.5,0.2857142857142857,0.2857142857142857,0.14285714285714285,0.14285714285714285,0.07142857142857142,0.07142857142857142,0.0,0.0,0.0,0.0,0.0,0.0,0.0,0.0,0.0,0.0,0.0,0.0,0.7857142857142857,0.2857142857142857,0.21428571428571427,0.14285714285714285,0.07142857142857142,0.07142857142857142,0.07142857142857142,0.07142857142857142,0.0,0.08795749704840614,11,11,0.12632821723730817,0.04591836734693877,1348,SAT_Group_Evaluation/open_source_LLM_2SAT/qwen/outputs/cnf_qwen3_14b_unsat_clause_subset_followup_allN_3_5_8_10_15_20_25_30_40_50_60_thinking/results_desc.jsonl,121,154,14,14,14,14,14,14,14,14,14,14,14,14,14,14,14,14,14,14,14,14,14,14,94,2,154,1.0,33,0,24,SAT_Group_Evaluation/analysis/open_source_LLM_2SAT_analysis/open_source_LLM_2SAT_group_adr_with_wilson_and_cp_RMC_rmc_paper_open_vendor_case_b.json,substantive repeated-success threshold,True,0,3,6,0,24,3
2-SAT,Qwen3-14B (think),qwen__Qwen__Qwen3-14B__cnf_qwen3_14b_cases_prompt_interleave_zero_shot_desc_allN_3_5_8_10_15_20_25_30_40_50_60_thinking,N,25,0.25,0.21428571428571427,0.05844155844155843,0.0,0.15584415584415584,0.21428571428571427,0.0,0.05844155844155843,0.0,0.15584415584415584,0.18270365997638724,0.010509782425366848,0.1721938775510204,0.0,0.12295496711081128,0.0,0.13164108618654075,0.04203912970146736,True,1.0,0.0,0.8571428571428571,0.5,0.2857142857142857,0.2857142857142857,0.14285714285714285,0.14285714285714285,0.07142857142857142,0.07142857142857142,0.0,0.0,0.0,0.0,0.0,0.0,0.0,0.0,0.0,0.0,0.0,0.0,0.7857142857142857,0.2857142857142857,0.21428571428571427,0.14285714285714285,0.07142857142857142,0.07142857142857142,0.07142857142857142,0.07142857142857142,0.0,0.08795749704840614,11,11,0.12632821723730817,0.04591836734693877,1348,SAT_Group_Evaluation/open_source_LLM_2SAT/qwen/outputs/cnf_qwen3_14b_unsat_clause_subset_followup_allN_3_5_8_10_15_20_25_30_40_50_60_thinking/results_desc.jsonl,121,154,14,14,14,14,14,14,14,14,14,14,14,14,14,14,14,14,14,14,14,14,14,14,94,2,154,1.0,33,0,24,SAT_Group_Evaluation/analysis/open_source_LLM_2SAT_analysis/open_source_LLM_2SAT_group_adr_with_wilson_and_cp_RMC_rmc_paper_open_vendor_case_b.json,substantive repeated-success threshold,True,0,3,6,0,24,3
2-SAT,Qwen3-14B (think),qwen__Qwen__Qwen3-14B__cnf_qwen3_14b_cases_prompt_interleave_zero_shot_desc_allN_3_5_8_10_15_20_25_30_40_50_60_thinking,N,25,0.5,0.21428571428571427,0.05844155844155843,0.0,0.15584415584415584,0.21428571428571427,0.0,0.05844155844155843,0.0,0.15584415584415584,0.1511216056670602,0.02101956485073367,0.13010204081632654,0.0,0.0900657783774667,0.0,0.10743801652892562,0.04203912970146736,True,1.0,0.0,0.8571428571428571,0.5,0.2857142857142857,0.2857142857142857,0.14285714285714285,0.14285714285714285,0.07142857142857142,0.07142857142857142,0.0,0.0,0.0,0.0,0.0,0.0,0.0,0.0,0.0,0.0,0.0,0.0,0.7857142857142857,0.2857142857142857,0.21428571428571427,0.14285714285714285,0.07142857142857142,0.07142857142857142,0.07142857142857142,0.07142857142857142,0.0,0.08795749704840614,11,11,0.12632821723730817,0.04591836734693877,1348,SAT_Group_Evaluation/open_source_LLM_2SAT/qwen/outputs/cnf_qwen3_14b_unsat_clause_subset_followup_allN_3_5_8_10_15_20_25_30_40_50_60_thinking/results_desc.jsonl,121,154,14,14,14,14,14,14,14,14,14,14,14,14,14,14,14,14,14,14,14,14,14,14,94,2,154,1.0,33,0,24,SAT_Group_Evaluation/analysis/open_source_LLM_2SAT_analysis/open_source_LLM_2SAT_group_adr_with_wilson_and_cp_RMC_rmc_paper_open_vendor_case_b.json,substantive repeated-success threshold,True,0,3,6,0,24,3
2-SAT,Qwen3-14B (think),qwen__Qwen__Qwen3-14B__cnf_qwen3_14b_cases_prompt_interleave_zero_shot_desc_allN_3_5_8_10_15_20_25_30_40_50_60_thinking,N,25,0.75,0.21428571428571427,0.05844155844155843,0.0,0.15584415584415584,0.21428571428571427,0.0,0.05844155844155843,0.0,0.15584415584415584,0.11953955135773318,0.03152934727610053,0.08801020408163265,0.0,0.05717658964412212,0.0,0.08323494687131051,0.04203912970146736,True,1.0,0.0,0.8571428571428571,0.5,0.2857142857142857,0.2857142857142857,0.14285714285714285,0.14285714285714285,0.07142857142857142,0.07142857142857142,0.0,0.0,0.0,0.0,0.0,0.0,0.0,0.0,0.0,0.0,0.0,0.0,0.7857142857142857,0.2857142857142857,0.21428571428571427,0.14285714285714285,0.07142857142857142,0.07142857142857142,0.07142857142857142,0.07142857142857142,0.0,0.08795749704840614,11,11,0.12632821723730817,0.04591836734693877,1348,SAT_Group_Evaluation/open_source_LLM_2SAT/qwen/outputs/cnf_qwen3_14b_unsat_clause_subset_followup_allN_3_5_8_10_15_20_25_30_40_50_60_thinking/results_desc.jsonl,121,154,14,14,14,14,14,14,14,14,14,14,14,14,14,14,14,14,14,14,14,14,14,14,94,2,154,1.0,33,0,24,SAT_Group_Evaluation/analysis/open_source_LLM_2SAT_analysis/open_source_LLM_2SAT_group_adr_with_wilson_and_cp_RMC_rmc_paper_open_vendor_case_b.json,substantive repeated-success threshold,True,0,3,6,0,24,3
2-SAT,Qwen3-14B (think),qwen__Qwen__Qwen3-14B__cnf_qwen3_14b_cases_prompt_interleave_zero_shot_desc_allN_3_5_8_10_15_20_25_30_40_50_60_thinking,N,25,1.0,0.21428571428571427,0.05844155844155843,0.0,0.15584415584415584,0.21428571428571427,0.0,0.05844155844155843,0.0,0.15584415584415584,0.08795749704840614,0.042039129701467365,0.04591836734693877,0.0,0.02428740091077755,0.0,0.0590318772136954,0.04203912970146736,True,1.0,0.0,0.8571428571428571,0.5,0.2857142857142857,0.2857142857142857,0.14285714285714285,0.14285714285714285,0.07142857142857142,0.07142857142857142,0.0,0.0,0.0,0.0,0.0,0.0,0.0,0.0,0.0,0.0,0.0,0.0,0.7857142857142857,0.2857142857142857,0.21428571428571427,0.14285714285714285,0.07142857142857142,0.07142857142857142,0.07142857142857142,0.07142857142857142,0.0,0.08795749704840614,11,11,0.12632821723730817,0.04591836734693877,1348,SAT_Group_Evaluation/open_source_LLM_2SAT/qwen/outputs/cnf_qwen3_14b_unsat_clause_subset_followup_allN_3_5_8_10_15_20_25_30_40_50_60_thinking/results_desc.jsonl,121,154,14,14,14,14,14,14,14,14,14,14,14,14,14,14,14,14,14,14,14,14,14,14,94,2,154,1.0,33,0,24,SAT_Group_Evaluation/analysis/open_source_LLM_2SAT_analysis/open_source_LLM_2SAT_group_adr_with_wilson_and_cp_RMC_rmc_paper_open_vendor_case_b.json,substantive repeated-success threshold,True,0,3,6,0,24,3
2-SAT,Qwen3-14B (think),qwen__Qwen__Qwen3-14B__cnf_qwen3_14b_cases_prompt_interleave_zero_shot_desc_allN_3_5_8_10_15_20_25_30_40_50_60_thinking,N,30,0.0,0.16233766233766234,0.1038961038961039,0.0,0.05844155844155844,0.16233766233766236,2.7755575615628914e-17,0.10389610389610393,0.0,0.05844155844155844,0.16233766233766236,2.7755575615628914e-17,0.16233766233766234,0.0,0.05844155844155844,0.0,0.05844155844155844,0.015559116208466856,True,1.0,0.0,0.8571428571428571,0.5,0.21428571428571427,0.14285714285714285,0.07142857142857142,0.0,0.0,0.0,0.0,0.0,0.0,0.0,0.0,0.0,0.0,0.0,0.0,0.0,0.0,0.0,0.35714285714285715,0.21428571428571427,0.07142857142857142,0.0,0.0,0.0,0.0,0.0,0.0,0.04191263282172373,11,11,0.1204250295159386,0.026353516613256873,1348,SAT_Group_Evaluation/open_source_LLM_2SAT/qwen/outputs/cnf_qwen3_14b_unsat_clause_subset_followup_allN_3_5_8_10_15_20_25_30_40_50_60_thinking/results_desc.jsonl,121,154,14,14,14,14,14,14,14,14,14,14,14,14,14,14,14,14,14,14,14,14,14,14,70,3,154,1.0,25,0,9,SAT_Group_Evaluation/analysis/open_source_LLM_2SAT_analysis/open_source_LLM_2SAT_group_adr_with_wilson_and_cp_RMC_rmc_paper_open_vendor_case_b.json,substantive repeated-success threshold,True,0,1,0,0,9,19
2-SAT,Qwen3-14B (think),qwen__Qwen__Qwen3-14B__cnf_qwen3_14b_cases_prompt_interleave_zero_shot_desc_allN_3_5_8_10_15_20_25_30_40_50_60_thinking,N,30,0.25,0.16233766233766234,0.1038961038961039,0.0,0.05844155844155844,0.16233766233766236,2.7755575615628914e-17,0.10389610389610393,0.0,0.05844155844155844,0.1322314049586777,0.0038897790521167097,0.12834162590656098,0.0,0.04468502276943835,0.0,0.046635182998819365,0.015559116208466856,True,1.0,0.0,0.8571428571428571,0.5,0.21428571428571427,0.14285714285714285,0.07142857142857142,0.0,0.0,0.0,0.0,0.0,0.0,0.0,0.0,0.0,0.0,0.0,0.0,0.0,0.0,0.0,0.35714285714285715,0.21428571428571427,0.07142857142857142,0.0,0.0,0.0,0.0,0.0,0.0,0.04191263282172373,11,11,0.1204250295159386,0.026353516613256873,1348,SAT_Group_Evaluation/open_source_LLM_2SAT/qwen/outputs/cnf_qwen3_14b_unsat_clause_subset_followup_allN_3_5_8_10_15_20_25_30_40_50_60_thinking/results_desc.jsonl,121,154,14,14,14,14,14,14,14,14,14,14,14,14,14,14,14,14,14,14,14,14,14,14,70,3,154,1.0,25,0,9,SAT_Group_Evaluation/analysis/open_source_LLM_2SAT_analysis/open_source_LLM_2SAT_group_adr_with_wilson_and_cp_RMC_rmc_paper_open_vendor_case_b.json,substantive repeated-success threshold,True,0,1,0,0,9,19
2-SAT,Qwen3-14B (think),qwen__Qwen__Qwen3-14B__cnf_qwen3_14b_cases_prompt_interleave_zero_shot_desc_allN_3_5_8_10_15_20_25_30_40_50_60_thinking,N,30,0.5,0.16233766233766234,0.1038961038961039,0.0,0.05844155844155844,0.16233766233766236,2.7755575615628914e-17,0.10389610389610393,0.0,0.05844155844155844,0.10212514757969303,0.007779558104233419,0.09434558947545961,0.0,0.030928487097318266,0.0,0.03482880755608028,0.015559116208466856,True,1.0,0.0,0.8571428571428571,0.5,0.21428571428571427,0.14285714285714285,0.07142857142857142,0.0,0.0,0.0,0.0,0.0,0.0,0.0,0.0,0.0,0.0,0.0,0.0,0.0,0.0,0.0,0.35714285714285715,0.21428571428571427,0.07142857142857142,0.0,0.0,0.0,0.0,0.0,0.0,0.04191263282172373,11,11,0.1204250295159386,0.026353516613256873,1348,SAT_Group_Evaluation/open_source_LLM_2SAT/qwen/outputs/cnf_qwen3_14b_unsat_clause_subset_followup_allN_3_5_8_10_15_20_25_30_40_50_60_thinking/results_desc.jsonl,121,154,14,14,14,14,14,14,14,14,14,14,14,14,14,14,14,14,14,14,14,14,14,14,70,3,154,1.0,25,0,9,SAT_Group_Evaluation/analysis/open_source_LLM_2SAT_analysis/open_source_LLM_2SAT_group_adr_with_wilson_and_cp_RMC_rmc_paper_open_vendor_case_b.json,substantive repeated-success threshold,True,0,1,0,0,9,19
2-SAT,Qwen3-14B (think),qwen__Qwen__Qwen3-14B__cnf_qwen3_14b_cases_prompt_interleave_zero_shot_desc_allN_3_5_8_10_15_20_25_30_40_50_60_thinking,N,30,0.75,0.16233766233766234,0.1038961038961039,0.0,0.05844155844155844,0.16233766233766236,2.7755575615628914e-17,0.10389610389610393,0.0,0.05844155844155844,0.07201889020070838,0.011669337156350143,0.06034955304435824,0.0,0.017171951425198173,0.0,0.023022432113341207,0.015559116208466856,True,1.0,0.0,0.8571428571428571,0.5,0.21428571428571427,0.14285714285714285,0.07142857142857142,0.0,0.0,0.0,0.0,0.0,0.0,0.0,0.0,0.0,0.0,0.0,0.0,0.0,0.0,0.0,0.35714285714285715,0.21428571428571427,0.07142857142857142,0.0,0.0,0.0,0.0,0.0,0.0,0.04191263282172373,11,11,0.1204250295159386,0.026353516613256873,1348,SAT_Group_Evaluation/open_source_LLM_2SAT/qwen/outputs/cnf_qwen3_14b_unsat_clause_subset_followup_allN_3_5_8_10_15_20_25_30_40_50_60_thinking/results_desc.jsonl,121,154,14,14,14,14,14,14,14,14,14,14,14,14,14,14,14,14,14,14,14,14,14,14,70,3,154,1.0,25,0,9,SAT_Group_Evaluation/analysis/open_source_LLM_2SAT_analysis/open_source_LLM_2SAT_group_adr_with_wilson_and_cp_RMC_rmc_paper_open_vendor_case_b.json,substantive repeated-success threshold,True,0,1,0,0,9,19
2-SAT,Qwen3-14B (think),qwen__Qwen__Qwen3-14B__cnf_qwen3_14b_cases_prompt_interleave_zero_shot_desc_allN_3_5_8_10_15_20_25_30_40_50_60_thinking,N,30,1.0,0.16233766233766234,0.1038961038961039,0.0,0.05844155844155844,0.16233766233766236,2.7755575615628914e-17,0.10389610389610393,0.0,0.05844155844155844,0.041912632821723736,0.015559116208466853,0.026353516613256883,0.0,0.003415415753078091,0.0,0.011216056670602126,0.015559116208466856,True,1.0,0.0,0.8571428571428571,0.5,0.21428571428571427,0.14285714285714285,0.07142857142857142,0.0,0.0,0.0,0.0,0.0,0.0,0.0,0.0,0.0,0.0,0.0,0.0,0.0,0.0,0.0,0.35714285714285715,0.21428571428571427,0.07142857142857142,0.0,0.0,0.0,0.0,0.0,0.0,0.04191263282172373,11,11,0.1204250295159386,0.026353516613256873,1348,SAT_Group_Evaluation/open_source_LLM_2SAT/qwen/outputs/cnf_qwen3_14b_unsat_clause_subset_followup_allN_3_5_8_10_15_20_25_30_40_50_60_thinking/results_desc.jsonl,121,154,14,14,14,14,14,14,14,14,14,14,14,14,14,14,14,14,14,14,14,14,14,14,70,3,154,1.0,25,0,9,SAT_Group_Evaluation/analysis/open_source_LLM_2SAT_analysis/open_source_LLM_2SAT_group_adr_with_wilson_and_cp_RMC_rmc_paper_open_vendor_case_b.json,substantive repeated-success threshold,True,0,1,0,0,9,19
2-SAT,Qwen3-14B (think),qwen__Qwen__Qwen3-14B__cnf_qwen3_14b_cases_prompt_interleave_zero_shot_desc_allN_3_5_8_10_15_20_25_30_40_50_60_thinking,N,40,0.0,0.20279720279720279,0.20279720279720279,0.0,0.0,0.20279720279720279,0.0,0.20279720279720279,0.0,0.0,0.20279720279720279,0.0,0.20279720279720279,0.0,0.0,0.0,0.0,0.019267445840872414,True,0.9285714285714286,0.0,0.8461538461538461,0.6923076923076923,0.38461538461538464,0.15384615384615385,0.15384615384615385,0.0,0.0,0.0,0.0,0.0,0.0,0.0,0.0,0.0,0.0,0.0,0.0,0.0,0.0,0.0,0.0,0.0,0.0,0.0,0.0,0.0,0.0,0.0,0.0,0.06039415130324221,11,11,0.14240305149396057,0.041126705462369795,1348,SAT_Group_Evaluation/open_source_LLM_2SAT/qwen/outputs/cnf_qwen3_14b_unsat_clause_subset_followup_allN_3_5_8_10_15_20_25_30_40_50_60_thinking/results_desc.jsonl,121,143,14,13,13,13,13,13,13,13,13,13,13,13,13,13,13,13,13,13,13,13,13,13,69,4,149,0.959731543624161,29,0,0,SAT_Group_Evaluation/analysis/open_source_LLM_2SAT_analysis/open_source_LLM_2SAT_group_adr_with_wilson_and_cp_RMC_rmc_paper_open_vendor_case_b.json,substantive repeated-success threshold,True,0,9,3,0,1,25
2-SAT,Qwen3-14B (think),qwen__Qwen__Qwen3-14B__cnf_qwen3_14b_cases_prompt_interleave_zero_shot_desc_allN_3_5_8_10_15_20_25_30_40_50_60_thinking,N,40,0.25,0.20279720279720279,0.20279720279720279,0.0,0.0,0.20279720279720279,0.0,0.20279720279720279,0.0,0.0,0.16719643992371266,0.004816861460218119,0.16237957846349454,0.0,0.0,0.0,0.0,0.019267445840872414,True,0.9285714285714286,0.0,0.8461538461538461,0.6923076923076923,0.38461538461538464,0.15384615384615385,0.15384615384615385,0.0,0.0,0.0,0.0,0.0,0.0,0.0,0.0,0.0,0.0,0.0,0.0,0.0,0.0,0.0,0.0,0.0,0.0,0.0,0.0,0.0,0.0,0.0,0.0,0.06039415130324221,11,11,0.14240305149396057,0.041126705462369795,1348,SAT_Group_Evaluation/open_source_LLM_2SAT/qwen/outputs/cnf_qwen3_14b_unsat_clause_subset_followup_allN_3_5_8_10_15_20_25_30_40_50_60_thinking/results_desc.jsonl,121,143,14,13,13,13,13,13,13,13,13,13,13,13,13,13,13,13,13,13,13,13,13,13,69,4,149,0.959731543624161,29,0,0,SAT_Group_Evaluation/analysis/open_source_LLM_2SAT_analysis/open_source_LLM_2SAT_group_adr_with_wilson_and_cp_RMC_rmc_paper_open_vendor_case_b.json,substantive repeated-success threshold,True,0,9,3,0,1,25
2-SAT,Qwen3-14B (think),qwen__Qwen__Qwen3-14B__cnf_qwen3_14b_cases_prompt_interleave_zero_shot_desc_allN_3_5_8_10_15_20_25_30_40_50_60_thinking,N,40,0.5,0.20279720279720279,0.20279720279720279,0.0,0.0,0.20279720279720279,0.0,0.20279720279720279,0.0,0.0,0.1315956770502225,0.009633722920436197,0.12196195412978629,0.0,0.0,0.0,0.0,0.019267445840872414,True,0.9285714285714286,0.0,0.8461538461538461,0.6923076923076923,0.38461538461538464,0.15384615384615385,0.15384615384615385,0.0,0.0,0.0,0.0,0.0,0.0,0.0,0.0,0.0,0.0,0.0,0.0,0.0,0.0,0.0,0.0,0.0,0.0,0.0,0.0,0.0,0.0,0.0,0.0,0.06039415130324221,11,11,0.14240305149396057,0.041126705462369795,1348,SAT_Group_Evaluation/open_source_LLM_2SAT/qwen/outputs/cnf_qwen3_14b_unsat_clause_subset_followup_allN_3_5_8_10_15_20_25_30_40_50_60_thinking/results_desc.jsonl,121,143,14,13,13,13,13,13,13,13,13,13,13,13,13,13,13,13,13,13,13,13,13,13,69,4,149,0.959731543624161,29,0,0,SAT_Group_Evaluation/analysis/open_source_LLM_2SAT_analysis/open_source_LLM_2SAT_group_adr_with_wilson_and_cp_RMC_rmc_paper_open_vendor_case_b.json,substantive repeated-success threshold,True,0,9,3,0,1,25
2-SAT,Qwen3-14B (think),qwen__Qwen__Qwen3-14B__cnf_qwen3_14b_cases_prompt_interleave_zero_shot_desc_allN_3_5_8_10_15_20_25_30_40_50_60_thinking,N,40,0.75,0.20279720279720279,0.20279720279720279,0.0,0.0,0.20279720279720279,0.0,0.20279720279720279,0.0,0.0,0.09599491417673237,0.014450584380654316,0.08154432979607805,0.0,0.0,0.0,0.0,0.019267445840872414,True,0.9285714285714286,0.0,0.8461538461538461,0.6923076923076923,0.38461538461538464,0.15384615384615385,0.15384615384615385,0.0,0.0,0.0,0.0,0.0,0.0,0.0,0.0,0.0,0.0,0.0,0.0,0.0,0.0,0.0,0.0,0.0,0.0,0.0,0.0,0.0,0.0,0.0,0.0,0.06039415130324221,11,11,0.14240305149396057,0.041126705462369795,1348,SAT_Group_Evaluation/open_source_LLM_2SAT/qwen/outputs/cnf_qwen3_14b_unsat_clause_subset_followup_allN_3_5_8_10_15_20_25_30_40_50_60_thinking/results_desc.jsonl,121,143,14,13,13,13,13,13,13,13,13,13,13,13,13,13,13,13,13,13,13,13,13,13,69,4,149,0.959731543624161,29,0,0,SAT_Group_Evaluation/analysis/open_source_LLM_2SAT_analysis/open_source_LLM_2SAT_group_adr_with_wilson_and_cp_RMC_rmc_paper_open_vendor_case_b.json,substantive repeated-success threshold,True,0,9,3,0,1,25
2-SAT,Qwen3-14B (think),qwen__Qwen__Qwen3-14B__cnf_qwen3_14b_cases_prompt_interleave_zero_shot_desc_allN_3_5_8_10_15_20_25_30_40_50_60_thinking,N,40,1.0,0.20279720279720279,0.20279720279720279,0.0,0.0,0.20279720279720279,0.0,0.20279720279720279,0.0,0.0,0.060394151303242216,0.01926744584087242,0.041126705462369795,0.0,0.0,0.0,0.0,0.019267445840872414,True,0.9285714285714286,0.0,0.8461538461538461,0.6923076923076923,0.38461538461538464,0.15384615384615385,0.15384615384615385,0.0,0.0,0.0,0.0,0.0,0.0,0.0,0.0,0.0,0.0,0.0,0.0,0.0,0.0,0.0,0.0,0.0,0.0,0.0,0.0,0.0,0.0,0.0,0.0,0.06039415130324221,11,11,0.14240305149396057,0.041126705462369795,1348,SAT_Group_Evaluation/open_source_LLM_2SAT/qwen/outputs/cnf_qwen3_14b_unsat_clause_subset_followup_allN_3_5_8_10_15_20_25_30_40_50_60_thinking/results_desc.jsonl,121,143,14,13,13,13,13,13,13,13,13,13,13,13,13,13,13,13,13,13,13,13,13,13,69,4,149,0.959731543624161,29,0,0,SAT_Group_Evaluation/analysis/open_source_LLM_2SAT_analysis/open_source_LLM_2SAT_group_adr_with_wilson_and_cp_RMC_rmc_paper_open_vendor_case_b.json,substantive repeated-success threshold,True,0,9,3,0,1,25
2-SAT,Qwen3-14B (think),qwen__Qwen__Qwen3-14B__cnf_qwen3_14b_cases_prompt_interleave_zero_shot_desc_allN_3_5_8_10_15_20_25_30_40_50_60_thinking,N,50,0.0,0.15384615384615385,0.15384615384615385,0.0,0.0,0.15384615384615385,0.0,0.15384615384615385,0.0,0.0,0.15384615384615385,0.0,0.15384615384615385,0.0,0.0,0.0,0.0,0.01701794708787716,True,1.0,0.0,0.6153846153846154,0.6153846153846154,0.38461538461538464,0.07692307692307693,0.0,0.0,0.0,0.0,0.0,0.0,0.0,0.0,0.0,0.0,0.0,0.0,0.0,0.0,0.0,0.0,0.0,0.0,0.0,0.0,0.0,0.0,0.0,0.0,0.0,0.040686586141131596,11,11,0.11315956770502225,0.02366863905325444,1348,SAT_Group_Evaluation/open_source_LLM_2SAT/qwen/outputs/cnf_qwen3_14b_unsat_clause_subset_followup_allN_3_5_8_10_15_20_25_30_40_50_60_thinking/results_desc.jsonl,121,143,13,13,13,13,13,13,13,13,13,13,13,13,13,13,13,13,13,13,13,13,13,13,66,0,143,1.0,22,0,0,SAT_Group_Evaluation/analysis/open_source_LLM_2SAT_analysis/open_source_LLM_2SAT_group_adr_with_wilson_and_cp_RMC_rmc_paper_open_vendor_case_b.json,substantive repeated-success threshold,True,0,16,0,0,0,18
2-SAT,Qwen3-14B (think),qwen__Qwen__Qwen3-14B__cnf_qwen3_14b_cases_prompt_interleave_zero_shot_desc_allN_3_5_8_10_15_20_25_30_40_50_60_thinking,N,50,0.25,0.15384615384615385,0.15384615384615385,0.0,0.0,0.15384615384615385,0.0,0.15384615384615385,0.0,0.0,0.12555626191989827,0.004254486771969268,0.121301775147929,0.0,0.0,0.0,0.0,0.01701794708787716,True,1.0,0.0,0.6153846153846154,0.6153846153846154,0.38461538461538464,0.07692307692307693,0.0,0.0,0.0,0.0,0.0,0.0,0.0,0.0,0.0,0.0,0.0,0.0,0.0,0.0,0.0,0.0,0.0,0.0,0.0,0.0,0.0,0.0,0.0,0.0,0.0,0.040686586141131596,11,11,0.11315956770502225,0.02366863905325444,1348,SAT_Group_Evaluation/open_source_LLM_2SAT/qwen/outputs/cnf_qwen3_14b_unsat_clause_subset_followup_allN_3_5_8_10_15_20_25_30_40_50_60_thinking/results_desc.jsonl,121,143,13,13,13,13,13,13,13,13,13,13,13,13,13,13,13,13,13,13,13,13,13,13,66,0,143,1.0,22,0,0,SAT_Group_Evaluation/analysis/open_source_LLM_2SAT_analysis/open_source_LLM_2SAT_group_adr_with_wilson_and_cp_RMC_rmc_paper_open_vendor_case_b.json,substantive repeated-success threshold,True,0,16,0,0,0,18
2-SAT,Qwen3-14B (think),qwen__Qwen__Qwen3-14B__cnf_qwen3_14b_cases_prompt_interleave_zero_shot_desc_allN_3_5_8_10_15_20_25_30_40_50_60_thinking,N,50,0.5,0.15384615384615385,0.15384615384615385,0.0,0.0,0.15384615384615385,0.0,0.15384615384615385,0.0,0.0,0.09726636999364272,0.008508973543938564,0.08875739644970415,0.0,0.0,0.0,0.0,0.01701794708787716,True,1.0,0.0,0.6153846153846154,0.6153846153846154,0.38461538461538464,0.07692307692307693,0.0,0.0,0.0,0.0,0.0,0.0,0.0,0.0,0.0,0.0,0.0,0.0,0.0,0.0,0.0,0.0,0.0,0.0,0.0,0.0,0.0,0.0,0.0,0.0,0.0,0.040686586141131596,11,11,0.11315956770502225,0.02366863905325444,1348,SAT_Group_Evaluation/open_source_LLM_2SAT/qwen/outputs/cnf_qwen3_14b_unsat_clause_subset_followup_allN_3_5_8_10_15_20_25_30_40_50_60_thinking/results_desc.jsonl,121,143,13,13,13,13,13,13,13,13,13,13,13,13,13,13,13,13,13,13,13,13,13,13,66,0,143,1.0,22,0,0,SAT_Group_Evaluation/analysis/open_source_LLM_2SAT_analysis/open_source_LLM_2SAT_group_adr_with_wilson_and_cp_RMC_rmc_paper_open_vendor_case_b.json,substantive repeated-success threshold,True,0,16,0,0,0,18
2-SAT,Qwen3-14B (think),qwen__Qwen__Qwen3-14B__cnf_qwen3_14b_cases_prompt_interleave_zero_shot_desc_allN_3_5_8_10_15_20_25_30_40_50_60_thinking,N,50,0.75,0.15384615384615385,0.15384615384615385,0.0,0.0,0.15384615384615385,0.0,0.15384615384615385,0.0,0.0,0.06897647806738716,0.01276346031590786,0.0562130177514793,0.0,0.0,0.0,0.0,0.01701794708787716,True,1.0,0.0,0.6153846153846154,0.6153846153846154,0.38461538461538464,0.07692307692307693,0.0,0.0,0.0,0.0,0.0,0.0,0.0,0.0,0.0,0.0,0.0,0.0,0.0,0.0,0.0,0.0,0.0,0.0,0.0,0.0,0.0,0.0,0.0,0.0,0.0,0.040686586141131596,11,11,0.11315956770502225,0.02366863905325444,1348,SAT_Group_Evaluation/open_source_LLM_2SAT/qwen/outputs/cnf_qwen3_14b_unsat_clause_subset_followup_allN_3_5_8_10_15_20_25_30_40_50_60_thinking/results_desc.jsonl,121,143,13,13,13,13,13,13,13,13,13,13,13,13,13,13,13,13,13,13,13,13,13,13,66,0,143,1.0,22,0,0,SAT_Group_Evaluation/analysis/open_source_LLM_2SAT_analysis/open_source_LLM_2SAT_group_adr_with_wilson_and_cp_RMC_rmc_paper_open_vendor_case_b.json,substantive repeated-success threshold,True,0,16,0,0,0,18
2-SAT,Qwen3-14B (think),qwen__Qwen__Qwen3-14B__cnf_qwen3_14b_cases_prompt_interleave_zero_shot_desc_allN_3_5_8_10_15_20_25_30_40_50_60_thinking,N,50,1.0,0.15384615384615385,0.15384615384615385,0.0,0.0,0.15384615384615385,0.0,0.15384615384615385,0.0,0.0,0.040686586141131596,0.01701794708787715,0.023668639053254448,0.0,0.0,0.0,0.0,0.01701794708787716,True,1.0,0.0,0.6153846153846154,0.6153846153846154,0.38461538461538464,0.07692307692307693,0.0,0.0,0.0,0.0,0.0,0.0,0.0,0.0,0.0,0.0,0.0,0.0,0.0,0.0,0.0,0.0,0.0,0.0,0.0,0.0,0.0,0.0,0.0,0.0,0.0,0.040686586141131596,11,11,0.11315956770502225,0.02366863905325444,1348,SAT_Group_Evaluation/open_source_LLM_2SAT/qwen/outputs/cnf_qwen3_14b_unsat_clause_subset_followup_allN_3_5_8_10_15_20_25_30_40_50_60_thinking/results_desc.jsonl,121,143,13,13,13,13,13,13,13,13,13,13,13,13,13,13,13,13,13,13,13,13,13,13,66,0,143,1.0,22,0,0,SAT_Group_Evaluation/analysis/open_source_LLM_2SAT_analysis/open_source_LLM_2SAT_group_adr_with_wilson_and_cp_RMC_rmc_paper_open_vendor_case_b.json,substantive repeated-success threshold,True,0,16,0,0,0,18
2-SAT,Qwen3-14B (think),qwen__Qwen__Qwen3-14B__cnf_qwen3_14b_cases_prompt_interleave_zero_shot_desc_allN_3_5_8_10_15_20_25_30_40_50_60_thinking,N,60,0.0,0.2937062937062937,0.2937062937062937,0.0,0.0,0.2937062937062937,0.0,0.2937062937062937,0.0,0.0,0.2937062937062937,0.0,0.2937062937062937,0.0,0.0,0.0,0.0,0.0230818132916035,True,1.0,0.0,0.9230769230769231,0.8461538461538461,0.6923076923076923,0.38461538461538464,0.3076923076923077,0.07692307692307693,0.0,0.0,0.0,0.0,0.0,0.0,0.0,0.0,0.0,0.0,0.0,0.0,0.0,0.0,0.0,0.0,0.0,0.0,0.0,0.0,0.0,0.0,0.0,0.10934520025429116,11,11,0.18436109345200255,0.08626338696268766,1348,SAT_Group_Evaluation/open_source_LLM_2SAT/qwen/outputs/cnf_qwen3_14b_unsat_clause_subset_followup_allN_3_5_8_10_15_20_25_30_40_50_60_thinking/results_desc.jsonl,121,143,13,13,13,13,13,13,13,13,13,13,13,13,13,13,13,13,13,13,13,13,13,13,75,0,143,1.0,42,0,0,SAT_Group_Evaluation/analysis/open_source_LLM_2SAT_analysis/open_source_LLM_2SAT_group_adr_with_wilson_and_cp_RMC_rmc_paper_open_vendor_case_b.json,substantive repeated-success threshold,True,0,39,0,0,0,20
2-SAT,Qwen3-14B (think),qwen__Qwen__Qwen3-14B__cnf_qwen3_14b_cases_prompt_interleave_zero_shot_desc_allN_3_5_8_10_15_20_25_30_40_50_60_thinking,N,60,0.25,0.2937062937062937,0.2937062937062937,0.0,0.0,0.2937062937062937,0.0,0.2937062937062937,0.0,0.0,0.24761602034329305,0.005770453322900854,0.2418455670203922,0.0,0.0,0.0,0.0,0.0230818132916035,True,1.0,0.0,0.9230769230769231,0.8461538461538461,0.6923076923076923,0.38461538461538464,0.3076923076923077,0.07692307692307693,0.0,0.0,0.0,0.0,0.0,0.0,0.0,0.0,0.0,0.0,0.0,0.0,0.0,0.0,0.0,0.0,0.0,0.0,0.0,0.0,0.0,0.0,0.0,0.10934520025429116,11,11,0.18436109345200255,0.08626338696268766,1348,SAT_Group_Evaluation/open_source_LLM_2SAT/qwen/outputs/cnf_qwen3_14b_unsat_clause_subset_followup_allN_3_5_8_10_15_20_25_30_40_50_60_thinking/results_desc.jsonl,121,143,13,13,13,13,13,13,13,13,13,13,13,13,13,13,13,13,13,13,13,13,13,13,75,0,143,1.0,42,0,0,SAT_Group_Evaluation/analysis/open_source_LLM_2SAT_analysis/open_source_LLM_2SAT_group_adr_with_wilson_and_cp_RMC_rmc_paper_open_vendor_case_b.json,substantive repeated-success threshold,True,0,39,0,0,0,20
2-SAT,Qwen3-14B (think),qwen__Qwen__Qwen3-14B__cnf_qwen3_14b_cases_prompt_interleave_zero_shot_desc_allN_3_5_8_10_15_20_25_30_40_50_60_thinking,N,60,0.5,0.2937062937062937,0.2937062937062937,0.0,0.0,0.2937062937062937,0.0,0.2937062937062937,0.0,0.0,0.20152574698029244,0.011540906645801735,0.1899848403344907,0.0,0.0,0.0,0.0,0.0230818132916035,True,1.0,0.0,0.9230769230769231,0.8461538461538461,0.6923076923076923,0.38461538461538464,0.3076923076923077,0.07692307692307693,0.0,0.0,0.0,0.0,0.0,0.0,0.0,0.0,0.0,0.0,0.0,0.0,0.0,0.0,0.0,0.0,0.0,0.0,0.0,0.0,0.0,0.0,0.0,0.10934520025429116,11,11,0.18436109345200255,0.08626338696268766,1348,SAT_Group_Evaluation/open_source_LLM_2SAT/qwen/outputs/cnf_qwen3_14b_unsat_clause_subset_followup_allN_3_5_8_10_15_20_25_30_40_50_60_thinking/results_desc.jsonl,121,143,13,13,13,13,13,13,13,13,13,13,13,13,13,13,13,13,13,13,13,13,13,13,75,0,143,1.0,42,0,0,SAT_Group_Evaluation/analysis/open_source_LLM_2SAT_analysis/open_source_LLM_2SAT_group_adr_with_wilson_and_cp_RMC_rmc_paper_open_vendor_case_b.json,substantive repeated-success threshold,True,0,39,0,0,0,20
2-SAT,Qwen3-14B (think),qwen__Qwen__Qwen3-14B__cnf_qwen3_14b_cases_prompt_interleave_zero_shot_desc_allN_3_5_8_10_15_20_25_30_40_50_60_thinking,N,60,0.75,0.2937062937062937,0.2937062937062937,0.0,0.0,0.2937062937062937,0.0,0.2937062937062937,0.0,0.0,0.1554354736172918,0.017311359968702617,0.13812411364858918,0.0,0.0,0.0,0.0,0.0230818132916035,True,1.0,0.0,0.9230769230769231,0.8461538461538461,0.6923076923076923,0.38461538461538464,0.3076923076923077,0.07692307692307693,0.0,0.0,0.0,0.0,0.0,0.0,0.0,0.0,0.0,0.0,0.0,0.0,0.0,0.0,0.0,0.0,0.0,0.0,0.0,0.0,0.0,0.0,0.0,0.10934520025429116,11,11,0.18436109345200255,0.08626338696268766,1348,SAT_Group_Evaluation/open_source_LLM_2SAT/qwen/outputs/cnf_qwen3_14b_unsat_clause_subset_followup_allN_3_5_8_10_15_20_25_30_40_50_60_thinking/results_desc.jsonl,121,143,13,13,13,13,13,13,13,13,13,13,13,13,13,13,13,13,13,13,13,13,13,13,75,0,143,1.0,42,0,0,SAT_Group_Evaluation/analysis/open_source_LLM_2SAT_analysis/open_source_LLM_2SAT_group_adr_with_wilson_and_cp_RMC_rmc_paper_open_vendor_case_b.json,substantive repeated-success threshold,True,0,39,0,0,0,20
2-SAT,Qwen3-14B (think),qwen__Qwen__Qwen3-14B__cnf_qwen3_14b_cases_prompt_interleave_zero_shot_desc_allN_3_5_8_10_15_20_25_30_40_50_60_thinking,N,60,1.0,0.2937062937062937,0.2937062937062937,0.0,0.0,0.2937062937062937,0.0,0.2937062937062937,0.0,0.0,0.10934520025429116,0.023081813291603484,0.08626338696268768,0.0,0.0,0.0,0.0,0.0230818132916035,True,1.0,0.0,0.9230769230769231,0.8461538461538461,0.6923076923076923,0.38461538461538464,0.3076923076923077,0.07692307692307693,0.0,0.0,0.0,0.0,0.0,0.0,0.0,0.0,0.0,0.0,0.0,0.0,0.0,0.0,0.0,0.0,0.0,0.0,0.0,0.0,0.0,0.0,0.0,0.10934520025429116,11,11,0.18436109345200255,0.08626338696268766,1348,SAT_Group_Evaluation/open_source_LLM_2SAT/qwen/outputs/cnf_qwen3_14b_unsat_clause_subset_followup_allN_3_5_8_10_15_20_25_30_40_50_60_thinking/results_desc.jsonl,121,143,13,13,13,13,13,13,13,13,13,13,13,13,13,13,13,13,13,13,13,13,13,13,75,0,143,1.0,42,0,0,SAT_Group_Evaluation/analysis/open_source_LLM_2SAT_analysis/open_source_LLM_2SAT_group_adr_with_wilson_and_cp_RMC_rmc_paper_open_vendor_case_b.json,substantive repeated-success threshold,True,0,39,0,0,0,20
2-SAT,Qwen3-32B (think),qwen__Qwen__Qwen3-32B__cnf_qwen3_32b_cases_prompt_interleave_zero_shot_desc_allN_3_5_8_10_15_20_25_30_40_50_60_thinking,overall,all,0.0,0.4549583648750946,0.21953065859197576,0.015897047691143074,0.23542770628311885,0.4532306536438768,-0.0017277112312177878,0.219496619083396,0.015777610818933134,0.23373403456048084,0.4532306536438768,-0.0017277112312177878,0.4549583648750946,0.015897047691143074,0.23542770628311885,0.015777610818933134,0.23373403456048084,0.1328015292727713,True,1.0,0.24793388429752067,0.8842975206611571,0.7107438016528925,0.6033057851239669,0.512396694214876,0.45454545454545453,0.4132231404958678,0.371900826446281,0.32231404958677684,0.2892561983471074,0.0,0.10743801652892562,0.04132231404958678,0.01652892561983471,0.008264462809917356,0.0,0.0,0.0,0.0,0.0,0.008264462809917356,0.6528925619834711,0.512396694214876,0.4462809917355372,0.36363636363636365,0.2644628099173554,0.14049586776859505,0.0743801652892562,0.06611570247933884,0.04132231404958678,0.3382195546752271,11,11,0.11501109896864968,0.20698711376981974,679,SAT_Group_Evaluation/open_source_LLM_2SAT/qwen/outputs/cnf_qwen3_32b_unsat_clause_subset_followup_allN_3_5_8_10_15_20_25_30_40_50_60_thinking/results_desc.jsonl,53,1321,121,121,120,121,121,121,121,121,121,121,121,121,120,121,120,121,120,121,120,121,120,121,425,53,1331,0.9924868519909842,601,21,311,SAT_Group_Evaluation/analysis/open_source_LLM_2SAT_analysis/open_source_LLM_2SAT_group_adr_with_wilson_and_cp_RMC_rmc_paper_open_vendor_case_b.json,substantive repeated-success threshold,True,0,14,231,0,311,55
2-SAT,Qwen3-32B (think),qwen__Qwen__Qwen3-32B__cnf_qwen3_32b_cases_prompt_interleave_zero_shot_desc_allN_3_5_8_10_15_20_25_30_40_50_60_thinking,overall,all,0.25,0.4549583648750946,0.21953065859197576,0.015897047691143074,0.23542770628311885,0.4532306536438768,-0.0017277112312177878,0.219496619083396,0.015777610818933134,0.23373403456048084,0.42447787890171434,0.03151232680293847,0.39296555209877587,0.011985964799680924,0.19042733093377176,0.012601598251485555,0.2036320948022676,0.1328015292727713,True,1.0,0.24793388429752067,0.8842975206611571,0.7107438016528925,0.6033057851239669,0.512396694214876,0.45454545454545453,0.4132231404958678,0.371900826446281,0.32231404958677684,0.2892561983471074,0.0,0.10743801652892562,0.04132231404958678,0.01652892561983471,0.008264462809917356,0.0,0.0,0.0,0.0,0.0,0.008264462809917356,0.6528925619834711,0.512396694214876,0.4462809917355372,0.36363636363636365,0.2644628099173554,0.14049586776859505,0.0743801652892562,0.06611570247933884,0.04132231404958678,0.3382195546752271,11,11,0.11501109896864968,0.20698711376981974,679,SAT_Group_Evaluation/open_source_LLM_2SAT/qwen/outputs/cnf_qwen3_32b_unsat_clause_subset_followup_allN_3_5_8_10_15_20_25_30_40_50_60_thinking/results_desc.jsonl,53,1321,121,121,120,121,121,121,121,121,121,121,121,121,120,121,120,121,120,121,120,121,120,121,425,53,1331,0.9924868519909842,601,21,311,SAT_Group_Evaluation/analysis/open_source_LLM_2SAT_analysis/open_source_LLM_2SAT_group_adr_with_wilson_and_cp_RMC_rmc_paper_open_vendor_case_b.json,substantive repeated-success threshold,True,0,14,231,0,311,55
2-SAT,Qwen3-32B (think),qwen__Qwen__Qwen3-32B__cnf_qwen3_32b_cases_prompt_interleave_zero_shot_desc_allN_3_5_8_10_15_20_25_30_40_50_60_thinking,overall,all,0.5,0.4549583648750946,0.21953065859197576,0.015897047691143074,0.23542770628311885,0.4532306536438768,-0.0017277112312177878,0.219496619083396,0.015777610818933134,0.23373403456048084,0.3957251041595519,0.06475236483709473,0.3309727393224572,0.008074881908218775,0.14542695558442464,0.009425585684037976,0.17353015504405436,0.1328015292727713,True,1.0,0.24793388429752067,0.8842975206611571,0.7107438016528925,0.6033057851239669,0.512396694214876,0.45454545454545453,0.4132231404958678,0.371900826446281,0.32231404958677684,0.2892561983471074,0.0,0.10743801652892562,0.04132231404958678,0.01652892561983471,0.008264462809917356,0.0,0.0,0.0,0.0,0.0,0.008264462809917356,0.6528925619834711,0.512396694214876,0.4462809917355372,0.36363636363636365,0.2644628099173554,0.14049586776859505,0.0743801652892562,0.06611570247933884,0.04132231404958678,0.3382195546752271,11,11,0.11501109896864968,0.20698711376981974,679,SAT_Group_Evaluation/open_source_LLM_2SAT/qwen/outputs/cnf_qwen3_32b_unsat_clause_subset_followup_allN_3_5_8_10_15_20_25_30_40_50_60_thinking/results_desc.jsonl,53,1321,121,121,120,121,121,121,121,121,121,121,121,121,120,121,120,121,120,121,120,121,120,121,425,53,1331,0.9924868519909842,601,21,311,SAT_Group_Evaluation/analysis/open_source_LLM_2SAT_analysis/open_source_LLM_2SAT_group_adr_with_wilson_and_cp_RMC_rmc_paper_open_vendor_case_b.json,substantive repeated-success threshold,True,0,14,231,0,311,55
2-SAT,Qwen3-32B (think),qwen__Qwen__Qwen3-32B__cnf_qwen3_32b_cases_prompt_interleave_zero_shot_desc_allN_3_5_8_10_15_20_25_30_40_50_60_thinking,overall,all,0.75,0.4549583648750946,0.21953065859197576,0.015897047691143074,0.23542770628311885,0.4532306536438768,-0.0017277112312177878,0.219496619083396,0.015777610818933134,0.23373403456048084,0.3669723294173895,0.09799240287125105,0.26897992654613845,0.004163799016756627,0.10042658023507756,0.006249573116590398,0.14342821528584115,0.1328015292727713,True,1.0,0.24793388429752067,0.8842975206611571,0.7107438016528925,0.6033057851239669,0.512396694214876,0.45454545454545453,0.4132231404958678,0.371900826446281,0.32231404958677684,0.2892561983471074,0.0,0.10743801652892562,0.04132231404958678,0.01652892561983471,0.008264462809917356,0.0,0.0,0.0,0.0,0.0,0.008264462809917356,0.6528925619834711,0.512396694214876,0.4462809917355372,0.36363636363636365,0.2644628099173554,0.14049586776859505,0.0743801652892562,0.06611570247933884,0.04132231404958678,0.3382195546752271,11,11,0.11501109896864968,0.20698711376981974,679,SAT_Group_Evaluation/open_source_LLM_2SAT/qwen/outputs/cnf_qwen3_32b_unsat_clause_subset_followup_allN_3_5_8_10_15_20_25_30_40_50_60_thinking/results_desc.jsonl,53,1321,121,121,120,121,121,121,121,121,121,121,121,121,120,121,120,121,120,121,120,121,120,121,425,53,1331,0.9924868519909842,601,21,311,SAT_Group_Evaluation/analysis/open_source_LLM_2SAT_analysis/open_source_LLM_2SAT_group_adr_with_wilson_and_cp_RMC_rmc_paper_open_vendor_case_b.json,substantive repeated-success threshold,True,0,14,231,0,311,55
2-SAT,Qwen3-32B (think),qwen__Qwen__Qwen3-32B__cnf_qwen3_32b_cases_prompt_interleave_zero_shot_desc_allN_3_5_8_10_15_20_25_30_40_50_60_thinking,overall,all,1.0,0.4549583648750946,0.21953065859197576,0.015897047691143074,0.23542770628311885,0.4532306536438768,-0.0017277112312177878,0.219496619083396,0.015777610818933134,0.23373403456048084,0.3382195546752271,0.13123244090540737,0.2069871137698197,0.00025271612529447623,0.05542620488573047,0.003073560549142818,0.11332627552762789,0.1328015292727713,True,1.0,0.24793388429752067,0.8842975206611571,0.7107438016528925,0.6033057851239669,0.512396694214876,0.45454545454545453,0.4132231404958678,0.371900826446281,0.32231404958677684,0.2892561983471074,0.0,0.10743801652892562,0.04132231404958678,0.01652892561983471,0.008264462809917356,0.0,0.0,0.0,0.0,0.0,0.008264462809917356,0.6528925619834711,0.512396694214876,0.4462809917355372,0.36363636363636365,0.2644628099173554,0.14049586776859505,0.0743801652892562,0.06611570247933884,0.04132231404958678,0.3382195546752271,11,11,0.11501109896864968,0.20698711376981974,679,SAT_Group_Evaluation/open_source_LLM_2SAT/qwen/outputs/cnf_qwen3_32b_unsat_clause_subset_followup_allN_3_5_8_10_15_20_25_30_40_50_60_thinking/results_desc.jsonl,53,1321,121,121,120,121,121,121,121,121,121,121,121,121,120,121,120,121,120,121,120,121,120,121,425,53,1331,0.9924868519909842,601,21,311,SAT_Group_Evaluation/analysis/open_source_LLM_2SAT_analysis/open_source_LLM_2SAT_group_adr_with_wilson_and_cp_RMC_rmc_paper_open_vendor_case_b.json,substantive repeated-success threshold,True,0,14,231,0,311,55
2-SAT,Qwen3-32B (think),qwen__Qwen__Qwen3-32B__cnf_qwen3_32b_cases_prompt_interleave_zero_shot_desc_allN_3_5_8_10_15_20_25_30_40_50_60_thinking,N,3,0.0,0.9586776859504132,0.71900826446281,0.008264462809917356,0.2396694214876033,0.9586776859504131,-1.1102230246251565e-16,0.7190082644628099,0.008264462809917356,0.23966942148760328,0.9586776859504131,-1.1102230246251565e-16,0.9586776859504132,0.008264462809917356,0.2396694214876033,0.008264462809917356,0.23966942148760328,0.0035516699678983673,True,1.0,0.9090909090909091,1.0,1.0,1.0,1.0,1.0,1.0,1.0,1.0,1.0,0.0,0.09090909090909091,0.0,0.0,0.0,0.0,0.0,0.0,0.0,0.0,0.0,0.9090909090909091,0.7272727272727273,0.6363636363636364,0.2727272727272727,0.09090909090909091,0.0,0.0,0.0,0.0,0.9226145755071374,11,11,0.03606311044327574,0.9190629055392392,679,SAT_Group_Evaluation/open_source_LLM_2SAT/qwen/outputs/cnf_qwen3_32b_unsat_clause_subset_followup_allN_3_5_8_10_15_20_25_30_40_50_60_thinking/results_desc.jsonl,53,121,11,11,11,11,11,11,11,11,11,11,11,11,11,11,11,11,11,11,11,11,11,11,41,9,121,1.0,116,1,29,SAT_Group_Evaluation/analysis/open_source_LLM_2SAT_analysis/open_source_LLM_2SAT_group_adr_with_wilson_and_cp_RMC_rmc_paper_open_vendor_case_b.json,substantive repeated-success threshold,True,0,0,87,0,29,0
2-SAT,Qwen3-32B (think),qwen__Qwen__Qwen3-32B__cnf_qwen3_32b_cases_prompt_interleave_zero_shot_desc_allN_3_5_8_10_15_20_25_30_40_50_60_thinking,N,3,0.25,0.9586776859504132,0.71900826446281,0.008264462809917356,0.2396694214876033,0.9586776859504131,-1.1102230246251565e-16,0.7190082644628099,0.008264462809917356,0.23966942148760328,0.9496619083395944,0.000887917491974699,0.9487739908476197,0.006215422443822144,0.1941124240147531,0.006386175807663411,0.1983471074380165,0.0035516699678983673,True,1.0,0.9090909090909091,1.0,1.0,1.0,1.0,1.0,1.0,1.0,1.0,1.0,0.0,0.09090909090909091,0.0,0.0,0.0,0.0,0.0,0.0,0.0,0.0,0.0,0.9090909090909091,0.7272727272727273,0.6363636363636364,0.2727272727272727,0.09090909090909091,0.0,0.0,0.0,0.0,0.9226145755071374,11,11,0.03606311044327574,0.9190629055392392,679,SAT_Group_Evaluation/open_source_LLM_2SAT/qwen/outputs/cnf_qwen3_32b_unsat_clause_subset_followup_allN_3_5_8_10_15_20_25_30_40_50_60_thinking/results_desc.jsonl,53,121,11,11,11,11,11,11,11,11,11,11,11,11,11,11,11,11,11,11,11,11,11,11,41,9,121,1.0,116,1,29,SAT_Group_Evaluation/analysis/open_source_LLM_2SAT_analysis/open_source_LLM_2SAT_group_adr_with_wilson_and_cp_RMC_rmc_paper_open_vendor_case_b.json,substantive repeated-success threshold,True,0,0,87,0,29,0
2-SAT,Qwen3-32B (think),qwen__Qwen__Qwen3-32B__cnf_qwen3_32b_cases_prompt_interleave_zero_shot_desc_allN_3_5_8_10_15_20_25_30_40_50_60_thinking,N,3,0.5,0.9586776859504132,0.71900826446281,0.008264462809917356,0.2396694214876033,0.9586776859504131,-1.1102230246251565e-16,0.7190082644628099,0.008264462809917356,0.23966942148760328,0.9406461307287753,0.001775834983949176,0.9388702957448262,0.004166382077726931,0.14855542654190287,0.004507888805409466,0.15702479338842976,0.0035516699678983673,True,1.0,0.9090909090909091,1.0,1.0,1.0,1.0,1.0,1.0,1.0,1.0,1.0,0.0,0.09090909090909091,0.0,0.0,0.0,0.0,0.0,0.0,0.0,0.0,0.0,0.9090909090909091,0.7272727272727273,0.6363636363636364,0.2727272727272727,0.09090909090909091,0.0,0.0,0.0,0.0,0.9226145755071374,11,11,0.03606311044327574,0.9190629055392392,679,SAT_Group_Evaluation/open_source_LLM_2SAT/qwen/outputs/cnf_qwen3_32b_unsat_clause_subset_followup_allN_3_5_8_10_15_20_25_30_40_50_60_thinking/results_desc.jsonl,53,121,11,11,11,11,11,11,11,11,11,11,11,11,11,11,11,11,11,11,11,11,11,11,41,9,121,1.0,116,1,29,SAT_Group_Evaluation/analysis/open_source_LLM_2SAT_analysis/open_source_LLM_2SAT_group_adr_with_wilson_and_cp_RMC_rmc_paper_open_vendor_case_b.json,substantive repeated-success threshold,True,0,0,87,0,29,0
2-SAT,Qwen3-32B (think),qwen__Qwen__Qwen3-32B__cnf_qwen3_32b_cases_prompt_interleave_zero_shot_desc_allN_3_5_8_10_15_20_25_30_40_50_60_thinking,N,3,0.75,0.9586776859504132,0.71900826446281,0.008264462809917356,0.2396694214876033,0.9586776859504131,-1.1102230246251565e-16,0.7190082644628099,0.008264462809917356,0.23966942148760328,0.9316303531179564,0.002663752475923653,0.9289666006420327,0.002117341711631719,0.10299842906905265,0.002629601803155523,0.11570247933884298,0.0035516699678983673,True,1.0,0.9090909090909091,1.0,1.0,1.0,1.0,1.0,1.0,1.0,1.0,1.0,0.0,0.09090909090909091,0.0,0.0,0.0,0.0,0.0,0.0,0.0,0.0,0.0,0.9090909090909091,0.7272727272727273,0.6363636363636364,0.2727272727272727,0.09090909090909091,0.0,0.0,0.0,0.0,0.9226145755071374,11,11,0.03606311044327574,0.9190629055392392,679,SAT_Group_Evaluation/open_source_LLM_2SAT/qwen/outputs/cnf_qwen3_32b_unsat_clause_subset_followup_allN_3_5_8_10_15_20_25_30_40_50_60_thinking/results_desc.jsonl,53,121,11,11,11,11,11,11,11,11,11,11,11,11,11,11,11,11,11,11,11,11,11,11,41,9,121,1.0,116,1,29,SAT_Group_Evaluation/analysis/open_source_LLM_2SAT_analysis/open_source_LLM_2SAT_group_adr_with_wilson_and_cp_RMC_rmc_paper_open_vendor_case_b.json,substantive repeated-success threshold,True,0,0,87,0,29,0
2-SAT,Qwen3-32B (think),qwen__Qwen__Qwen3-32B__cnf_qwen3_32b_cases_prompt_interleave_zero_shot_desc_allN_3_5_8_10_15_20_25_30_40_50_60_thinking,N,3,1.0,0.9586776859504132,0.71900826446281,0.008264462809917356,0.2396694214876033,0.9586776859504131,-1.1102230246251565e-16,0.7190082644628099,0.008264462809917356,0.23966942148760328,0.9226145755071374,0.003551669967898241,0.9190629055392392,6.830134553650717e-05,0.057441431596202436,0.0007513148009015778,0.0743801652892562,0.0035516699678983673,True,1.0,0.9090909090909091,1.0,1.0,1.0,1.0,1.0,1.0,1.0,1.0,1.0,0.0,0.09090909090909091,0.0,0.0,0.0,0.0,0.0,0.0,0.0,0.0,0.0,0.9090909090909091,0.7272727272727273,0.6363636363636364,0.2727272727272727,0.09090909090909091,0.0,0.0,0.0,0.0,0.9226145755071374,11,11,0.03606311044327574,0.9190629055392392,679,SAT_Group_Evaluation/open_source_LLM_2SAT/qwen/outputs/cnf_qwen3_32b_unsat_clause_subset_followup_allN_3_5_8_10_15_20_25_30_40_50_60_thinking/results_desc.jsonl,53,121,11,11,11,11,11,11,11,11,11,11,11,11,11,11,11,11,11,11,11,11,11,11,41,9,121,1.0,116,1,29,SAT_Group_Evaluation/analysis/open_source_LLM_2SAT_analysis/open_source_LLM_2SAT_group_adr_with_wilson_and_cp_RMC_rmc_paper_open_vendor_case_b.json,substantive repeated-success threshold,True,0,0,87,0,29,0
2-SAT,Qwen3-32B (think),qwen__Qwen__Qwen3-32B__cnf_qwen3_32b_cases_prompt_interleave_zero_shot_desc_allN_3_5_8_10_15_20_25_30_40_50_60_thinking,N,5,0.0,0.9090909090909091,0.4958677685950413,0.06611570247933884,0.4132231404958678,0.9090909090909091,0.0,0.49586776859504134,0.06611570247933884,0.4132231404958677,0.9090909090909091,0.0,0.9090909090909091,0.06611570247933884,0.4132231404958678,0.06611570247933884,0.4132231404958677,0.012021036814425241,True,1.0,0.7272727272727273,1.0,1.0,1.0,1.0,1.0,1.0,1.0,0.9090909090909091,0.9090909090909091,0.0,0.36363636363636365,0.2727272727272727,0.09090909090909091,0.0,0.0,0.0,0.0,0.0,0.0,0.0,1.0,1.0,1.0,0.9090909090909091,0.45454545454545453,0.18181818181818182,0.0,0.0,0.0,0.8384673178061608,11,11,0.07062359128474832,0.8264462809917354,679,SAT_Group_Evaluation/open_source_LLM_2SAT/qwen/outputs/cnf_qwen3_32b_unsat_clause_subset_followup_allN_3_5_8_10_15_20_25_30_40_50_60_thinking/results_desc.jsonl,53,121,11,11,11,11,11,11,11,11,11,11,11,11,11,11,11,11,11,11,11,11,11,11,44,15,121,1.0,110,8,50,SAT_Group_Evaluation/analysis/open_source_LLM_2SAT_analysis/open_source_LLM_2SAT_group_adr_with_wilson_and_cp_RMC_rmc_paper_open_vendor_case_b.json,substantive repeated-success threshold,True,0,0,60,0,50,0
2-SAT,Qwen3-32B (think),qwen__Qwen__Qwen3-32B__cnf_qwen3_32b_cases_prompt_interleave_zero_shot_desc_allN_3_5_8_10_15_20_25_30_40_50_60_thinking,N,5,0.25,0.9090909090909091,0.4958677685950413,0.06611570247933884,0.4132231404958678,0.9090909090909091,0.0,0.49586776859504134,0.06611570247933884,0.4132231404958677,0.891435011269722,0.003005259203606392,0.8884297520661156,0.05067959838808825,0.3526056963322177,0.052967693463561234,0.3542449286250939,0.012021036814425241,True,1.0,0.7272727272727273,1.0,1.0,1.0,1.0,1.0,1.0,1.0,0.9090909090909091,0.9090909090909091,0.0,0.36363636363636365,0.2727272727272727,0.09090909090909091,0.0,0.0,0.0,0.0,0.0,0.0,0.0,1.0,1.0,1.0,0.9090909090909091,0.45454545454545453,0.18181818181818182,0.0,0.0,0.0,0.8384673178061608,11,11,0.07062359128474832,0.8264462809917354,679,SAT_Group_Evaluation/open_source_LLM_2SAT/qwen/outputs/cnf_qwen3_32b_unsat_clause_subset_followup_allN_3_5_8_10_15_20_25_30_40_50_60_thinking/results_desc.jsonl,53,121,11,11,11,11,11,11,11,11,11,11,11,11,11,11,11,11,11,11,11,11,11,11,44,15,121,1.0,110,8,50,SAT_Group_Evaluation/analysis/open_source_LLM_2SAT_analysis/open_source_LLM_2SAT_group_adr_with_wilson_and_cp_RMC_rmc_paper_open_vendor_case_b.json,substantive repeated-success threshold,True,0,0,60,0,50,0
2-SAT,Qwen3-32B (think),qwen__Qwen__Qwen3-32B__cnf_qwen3_32b_cases_prompt_interleave_zero_shot_desc_allN_3_5_8_10_15_20_25_30_40_50_60_thinking,N,5,0.5,0.9090909090909091,0.4958677685950413,0.06611570247933884,0.4132231404958678,0.9090909090909091,0.0,0.49586776859504134,0.06611570247933884,0.4132231404958677,0.8737791134485349,0.006010518407212562,0.8677685950413223,0.03524349429683765,0.2919882521685677,0.03981968444778362,0.2952667167543201,0.012021036814425241,True,1.0,0.7272727272727273,1.0,1.0,1.0,1.0,1.0,1.0,1.0,0.9090909090909091,0.9090909090909091,0.0,0.36363636363636365,0.2727272727272727,0.09090909090909091,0.0,0.0,0.0,0.0,0.0,0.0,0.0,1.0,1.0,1.0,0.9090909090909091,0.45454545454545453,0.18181818181818182,0.0,0.0,0.0,0.8384673178061608,11,11,0.07062359128474832,0.8264462809917354,679,SAT_Group_Evaluation/open_source_LLM_2SAT/qwen/outputs/cnf_qwen3_32b_unsat_clause_subset_followup_allN_3_5_8_10_15_20_25_30_40_50_60_thinking/results_desc.jsonl,53,121,11,11,11,11,11,11,11,11,11,11,11,11,11,11,11,11,11,11,11,11,11,11,44,15,121,1.0,110,8,50,SAT_Group_Evaluation/analysis/open_source_LLM_2SAT_analysis/open_source_LLM_2SAT_group_adr_with_wilson_and_cp_RMC_rmc_paper_open_vendor_case_b.json,substantive repeated-success threshold,True,0,0,60,0,50,0
2-SAT,Qwen3-32B (think),qwen__Qwen__Qwen3-32B__cnf_qwen3_32b_cases_prompt_interleave_zero_shot_desc_allN_3_5_8_10_15_20_25_30_40_50_60_thinking,N,5,0.75,0.9090909090909091,0.4958677685950413,0.06611570247933884,0.4132231404958678,0.9090909090909091,0.0,0.49586776859504134,0.06611570247933884,0.4132231404958677,0.8561232156273479,0.009015777610819065,0.8471074380165289,0.01980739020558705,0.2313708080049177,0.026671675432006013,0.23628850488354622,0.012021036814425241,True,1.0,0.7272727272727273,1.0,1.0,1.0,1.0,1.0,1.0,1.0,0.9090909090909091,0.9090909090909091,0.0,0.36363636363636365,0.2727272727272727,0.09090909090909091,0.0,0.0,0.0,0.0,0.0,0.0,0.0,1.0,1.0,1.0,0.9090909090909091,0.45454545454545453,0.18181818181818182,0.0,0.0,0.0,0.8384673178061608,11,11,0.07062359128474832,0.8264462809917354,679,SAT_Group_Evaluation/open_source_LLM_2SAT/qwen/outputs/cnf_qwen3_32b_unsat_clause_subset_followup_allN_3_5_8_10_15_20_25_30_40_50_60_thinking/results_desc.jsonl,53,121,11,11,11,11,11,11,11,11,11,11,11,11,11,11,11,11,11,11,11,11,11,11,44,15,121,1.0,110,8,50,SAT_Group_Evaluation/analysis/open_source_LLM_2SAT_analysis/open_source_LLM_2SAT_group_adr_with_wilson_and_cp_RMC_rmc_paper_open_vendor_case_b.json,substantive repeated-success threshold,True,0,0,60,0,50,0
2-SAT,Qwen3-32B (think),qwen__Qwen__Qwen3-32B__cnf_qwen3_32b_cases_prompt_interleave_zero_shot_desc_allN_3_5_8_10_15_20_25_30_40_50_60_thinking,N,5,1.0,0.9090909090909091,0.4958677685950413,0.06611570247933884,0.4132231404958678,0.9090909090909091,0.0,0.49586776859504134,0.06611570247933884,0.4132231404958677,0.8384673178061608,0.012021036814425345,0.8264462809917354,0.004371286114336452,0.17075336384126766,0.0135236664162284,0.17731029301277235,0.012021036814425241,True,1.0,0.7272727272727273,1.0,1.0,1.0,1.0,1.0,1.0,1.0,0.9090909090909091,0.9090909090909091,0.0,0.36363636363636365,0.2727272727272727,0.09090909090909091,0.0,0.0,0.0,0.0,0.0,0.0,0.0,1.0,1.0,1.0,0.9090909090909091,0.45454545454545453,0.18181818181818182,0.0,0.0,0.0,0.8384673178061608,11,11,0.07062359128474832,0.8264462809917354,679,SAT_Group_Evaluation/open_source_LLM_2SAT/qwen/outputs/cnf_qwen3_32b_unsat_clause_subset_followup_allN_3_5_8_10_15_20_25_30_40_50_60_thinking/results_desc.jsonl,53,121,11,11,11,11,11,11,11,11,11,11,11,11,11,11,11,11,11,11,11,11,11,11,44,15,121,1.0,110,8,50,SAT_Group_Evaluation/analysis/open_source_LLM_2SAT_analysis/open_source_LLM_2SAT_group_adr_with_wilson_and_cp_RMC_rmc_paper_open_vendor_case_b.json,substantive repeated-success threshold,True,0,0,60,0,50,0
2-SAT,Qwen3-32B (think),qwen__Qwen__Qwen3-32B__cnf_qwen3_32b_cases_prompt_interleave_zero_shot_desc_allN_3_5_8_10_15_20_25_30_40_50_60_thinking,N,8,0.0,0.8512396694214877,0.2975206611570248,0.008264462809917356,0.5537190082644629,0.8512396694214875,-1.1102230246251565e-16,0.2975206611570247,0.008264462809917356,0.5537190082644629,0.8512396694214875,-1.1102230246251565e-16,0.8512396694214877,0.008264462809917356,0.5537190082644629,0.008264462809917356,0.5537190082644629,0.019943992896660063,True,1.0,0.5454545454545454,1.0,1.0,1.0,1.0,1.0,1.0,1.0,0.8181818181818182,0.6363636363636364,0.0,0.09090909090909091,0.0,0.0,0.0,0.0,0.0,0.0,0.0,0.0,0.0,1.0,0.9090909090909091,0.9090909090909091,0.9090909090909091,0.9090909090909091,0.5454545454545454,0.36363636363636365,0.36363636363636365,0.18181818181818182,0.7445529676934636,11,11,0.10668670172802405,0.7246089747968036,679,SAT_Group_Evaluation/open_source_LLM_2SAT/qwen/outputs/cnf_qwen3_32b_unsat_clause_subset_followup_allN_3_5_8_10_15_20_25_30_40_50_60_thinking/results_desc.jsonl,53,121,11,11,11,11,11,11,11,11,11,11,11,11,11,11,11,11,11,11,11,11,11,11,44,7,121,1.0,103,1,67,SAT_Group_Evaluation/analysis/open_source_LLM_2SAT_analysis/open_source_LLM_2SAT_group_adr_with_wilson_and_cp_RMC_rmc_paper_open_vendor_case_b.json,substantive repeated-success threshold,True,0,0,36,0,67,0
2-SAT,Qwen3-32B (think),qwen__Qwen__Qwen3-32B__cnf_qwen3_32b_cases_prompt_interleave_zero_shot_desc_allN_3_5_8_10_15_20_25_30_40_50_60_thinking,N,8,0.25,0.8512396694214877,0.2975206611570248,0.008264462809917356,0.5537190082644629,0.8512396694214875,-1.1102230246251565e-16,0.2975206611570247,0.008264462809917356,0.5537190082644629,0.8245679939894817,0.004985998224165011,0.8195819957653167,0.006215422443822144,0.4919404412266922,0.006386175807663411,0.5022539444027048,0.019943992896660063,True,1.0,0.5454545454545454,1.0,1.0,1.0,1.0,1.0,1.0,1.0,0.8181818181818182,0.6363636363636364,0.0,0.09090909090909091,0.0,0.0,0.0,0.0,0.0,0.0,0.0,0.0,0.0,1.0,0.9090909090909091,0.9090909090909091,0.9090909090909091,0.9090909090909091,0.5454545454545454,0.36363636363636365,0.36363636363636365,0.18181818181818182,0.7445529676934636,11,11,0.10668670172802405,0.7246089747968036,679,SAT_Group_Evaluation/open_source_LLM_2SAT/qwen/outputs/cnf_qwen3_32b_unsat_clause_subset_followup_allN_3_5_8_10_15_20_25_30_40_50_60_thinking/results_desc.jsonl,53,121,11,11,11,11,11,11,11,11,11,11,11,11,11,11,11,11,11,11,11,11,11,11,44,7,121,1.0,103,1,67,SAT_Group_Evaluation/analysis/open_source_LLM_2SAT_analysis/open_source_LLM_2SAT_group_adr_with_wilson_and_cp_RMC_rmc_paper_open_vendor_case_b.json,substantive repeated-success threshold,True,0,0,36,0,67,0
2-SAT,Qwen3-32B (think),qwen__Qwen__Qwen3-32B__cnf_qwen3_32b_cases_prompt_interleave_zero_shot_desc_allN_3_5_8_10_15_20_25_30_40_50_60_thinking,N,8,0.5,0.8512396694214877,0.2975206611570248,0.008264462809917356,0.5537190082644629,0.8512396694214875,-1.1102230246251565e-16,0.2975206611570247,0.008264462809917356,0.5537190082644629,0.7978963185574756,0.009971996448329912,0.7879243221091456,0.004166382077726931,0.4301618741889216,0.004507888805409466,0.4507888805409467,0.019943992896660063,True,1.0,0.5454545454545454,1.0,1.0,1.0,1.0,1.0,1.0,1.0,0.8181818181818182,0.6363636363636364,0.0,0.09090909090909091,0.0,0.0,0.0,0.0,0.0,0.0,0.0,0.0,0.0,1.0,0.9090909090909091,0.9090909090909091,0.9090909090909091,0.9090909090909091,0.5454545454545454,0.36363636363636365,0.36363636363636365,0.18181818181818182,0.7445529676934636,11,11,0.10668670172802405,0.7246089747968036,679,SAT_Group_Evaluation/open_source_LLM_2SAT/qwen/outputs/cnf_qwen3_32b_unsat_clause_subset_followup_allN_3_5_8_10_15_20_25_30_40_50_60_thinking/results_desc.jsonl,53,121,11,11,11,11,11,11,11,11,11,11,11,11,11,11,11,11,11,11,11,11,11,11,44,7,121,1.0,103,1,67,SAT_Group_Evaluation/analysis/open_source_LLM_2SAT_analysis/open_source_LLM_2SAT_group_adr_with_wilson_and_cp_RMC_rmc_paper_open_vendor_case_b.json,substantive repeated-success threshold,True,0,0,36,0,67,0
2-SAT,Qwen3-32B (think),qwen__Qwen__Qwen3-32B__cnf_qwen3_32b_cases_prompt_interleave_zero_shot_desc_allN_3_5_8_10_15_20_25_30_40_50_60_thinking,N,8,0.75,0.8512396694214877,0.2975206611570248,0.008264462809917356,0.5537190082644629,0.8512396694214875,-1.1102230246251565e-16,0.2975206611570247,0.008264462809917356,0.5537190082644629,0.7712246431254696,0.014957994672494923,0.7562666484529746,0.002117341711631719,0.368383307151151,0.002629601803155523,0.39932381667918865,0.019943992896660063,True,1.0,0.5454545454545454,1.0,1.0,1.0,1.0,1.0,1.0,1.0,0.8181818181818182,0.6363636363636364,0.0,0.09090909090909091,0.0,0.0,0.0,0.0,0.0,0.0,0.0,0.0,0.0,1.0,0.9090909090909091,0.9090909090909091,0.9090909090909091,0.9090909090909091,0.5454545454545454,0.36363636363636365,0.36363636363636365,0.18181818181818182,0.7445529676934636,11,11,0.10668670172802405,0.7246089747968036,679,SAT_Group_Evaluation/open_source_LLM_2SAT/qwen/outputs/cnf_qwen3_32b_unsat_clause_subset_followup_allN_3_5_8_10_15_20_25_30_40_50_60_thinking/results_desc.jsonl,53,121,11,11,11,11,11,11,11,11,11,11,11,11,11,11,11,11,11,11,11,11,11,11,44,7,121,1.0,103,1,67,SAT_Group_Evaluation/analysis/open_source_LLM_2SAT_analysis/open_source_LLM_2SAT_group_adr_with_wilson_and_cp_RMC_rmc_paper_open_vendor_case_b.json,substantive repeated-success threshold,True,0,0,36,0,67,0
2-SAT,Qwen3-32B (think),qwen__Qwen__Qwen3-32B__cnf_qwen3_32b_cases_prompt_interleave_zero_shot_desc_allN_3_5_8_10_15_20_25_30_40_50_60_thinking,N,8,1.0,0.8512396694214877,0.2975206611570248,0.008264462809917356,0.5537190082644629,0.8512396694214875,-1.1102230246251565e-16,0.2975206611570247,0.008264462809917356,0.5537190082644629,0.7445529676934636,0.019943992896659934,0.7246089747968036,6.830134553650717e-05,0.3066047401133803,0.0007513148009015778,0.34785875281743056,0.019943992896660063,True,1.0,0.5454545454545454,1.0,1.0,1.0,1.0,1.0,1.0,1.0,0.8181818181818182,0.6363636363636364,0.0,0.09090909090909091,0.0,0.0,0.0,0.0,0.0,0.0,0.0,0.0,0.0,1.0,0.9090909090909091,0.9090909090909091,0.9090909090909091,0.9090909090909091,0.5454545454545454,0.36363636363636365,0.36363636363636365,0.18181818181818182,0.7445529676934636,11,11,0.10668670172802405,0.7246089747968036,679,SAT_Group_Evaluation/open_source_LLM_2SAT/qwen/outputs/cnf_qwen3_32b_unsat_clause_subset_followup_allN_3_5_8_10_15_20_25_30_40_50_60_thinking/results_desc.jsonl,53,121,11,11,11,11,11,11,11,11,11,11,11,11,11,11,11,11,11,11,11,11,11,11,44,7,121,1.0,103,1,67,SAT_Group_Evaluation/analysis/open_source_LLM_2SAT_analysis/open_source_LLM_2SAT_group_adr_with_wilson_and_cp_RMC_rmc_paper_open_vendor_case_b.json,substantive repeated-success threshold,True,0,0,36,0,67,0
2-SAT,Qwen3-32B (think),qwen__Qwen__Qwen3-32B__cnf_qwen3_32b_cases_prompt_interleave_zero_shot_desc_allN_3_5_8_10_15_20_25_30_40_50_60_thinking,N,10,0.0,0.8099173553719008,0.20661157024793386,0.06611570247933884,0.6033057851239669,0.8099173553719008,0.0,0.20661157024793386,0.06611570247933884,0.6033057851239669,0.8099173553719008,0.0,0.8099173553719008,0.06611570247933884,0.6033057851239669,0.06611570247933884,0.6033057851239669,0.03073560549142818,True,1.0,0.5454545454545454,1.0,1.0,1.0,1.0,1.0,0.9090909090909091,0.9090909090909091,0.7272727272727273,0.5454545454545454,0.0,0.36363636363636365,0.18181818181818182,0.09090909090909091,0.09090909090909091,0.0,0.0,0.0,0.0,0.0,0.09090909090909091,1.0,1.0,1.0,0.9090909090909091,0.9090909090909091,0.6363636363636364,0.45454545454545453,0.36363636363636365,0.2727272727272727,0.6867017280240421,11,11,0.12321562734785875,0.6559661225326139,679,SAT_Group_Evaluation/open_source_LLM_2SAT/qwen/outputs/cnf_qwen3_32b_unsat_clause_subset_followup_allN_3_5_8_10_15_20_25_30_40_50_60_thinking/results_desc.jsonl,53,121,11,11,11,11,11,11,11,11,11,11,11,11,11,11,11,11,11,11,11,11,11,11,44,11,121,1.0,98,8,73,SAT_Group_Evaluation/analysis/open_source_LLM_2SAT_analysis/open_source_LLM_2SAT_group_adr_with_wilson_and_cp_RMC_rmc_paper_open_vendor_case_b.json,substantive repeated-success threshold,True,0,0,22,0,73,3
2-SAT,Qwen3-32B (think),qwen__Qwen__Qwen3-32B__cnf_qwen3_32b_cases_prompt_interleave_zero_shot_desc_allN_3_5_8_10_15_20_25_30_40_50_60_thinking,N,10,0.25,0.8099173553719008,0.20661157024793386,0.06611570247933884,0.6033057851239669,0.8099173553719008,0.0,0.20661157024793386,0.06611570247933884,0.6033057851239669,0.7791134485349361,0.007683901372857127,0.771429547162079,0.05067959838808825,0.5434738064339868,0.05371900826446281,0.5522163786626596,0.03073560549142818,True,1.0,0.5454545454545454,1.0,1.0,1.0,1.0,1.0,0.9090909090909091,0.9090909090909091,0.7272727272727273,0.5454545454545454,0.0,0.36363636363636365,0.18181818181818182,0.09090909090909091,0.09090909090909091,0.0,0.0,0.0,0.0,0.0,0.09090909090909091,1.0,1.0,1.0,0.9090909090909091,0.9090909090909091,0.6363636363636364,0.45454545454545453,0.36363636363636365,0.2727272727272727,0.6867017280240421,11,11,0.12321562734785875,0.6559661225326139,679,SAT_Group_Evaluation/open_source_LLM_2SAT/qwen/outputs/cnf_qwen3_32b_unsat_clause_subset_followup_allN_3_5_8_10_15_20_25_30_40_50_60_thinking/results_desc.jsonl,53,121,11,11,11,11,11,11,11,11,11,11,11,11,11,11,11,11,11,11,11,11,11,11,44,11,121,1.0,98,8,73,SAT_Group_Evaluation/analysis/open_source_LLM_2SAT_analysis/open_source_LLM_2SAT_group_adr_with_wilson_and_cp_RMC_rmc_paper_open_vendor_case_b.json,substantive repeated-success threshold,True,0,0,22,0,73,3
2-SAT,Qwen3-32B (think),qwen__Qwen__Qwen3-32B__cnf_qwen3_32b_cases_prompt_interleave_zero_shot_desc_allN_3_5_8_10_15_20_25_30_40_50_60_thinking,N,10,0.5,0.8099173553719008,0.20661157024793386,0.06611570247933884,0.6033057851239669,0.8099173553719008,0.0,0.20661157024793386,0.06611570247933884,0.6033057851239669,0.7483095416979715,0.015367802745714143,0.7329417389522573,0.03524349429683765,0.48364182774400655,0.04132231404958678,0.5011269722013524,0.03073560549142818,True,1.0,0.5454545454545454,1.0,1.0,1.0,1.0,1.0,0.9090909090909091,0.9090909090909091,0.7272727272727273,0.5454545454545454,0.0,0.36363636363636365,0.18181818181818182,0.09090909090909091,0.09090909090909091,0.0,0.0,0.0,0.0,0.0,0.09090909090909091,1.0,1.0,1.0,0.9090909090909091,0.9090909090909091,0.6363636363636364,0.45454545454545453,0.36363636363636365,0.2727272727272727,0.6867017280240421,11,11,0.12321562734785875,0.6559661225326139,679,SAT_Group_Evaluation/open_source_LLM_2SAT/qwen/outputs/cnf_qwen3_32b_unsat_clause_subset_followup_allN_3_5_8_10_15_20_25_30_40_50_60_thinking/results_desc.jsonl,53,121,11,11,11,11,11,11,11,11,11,11,11,11,11,11,11,11,11,11,11,11,11,11,44,11,121,1.0,98,8,73,SAT_Group_Evaluation/analysis/open_source_LLM_2SAT_analysis/open_source_LLM_2SAT_group_adr_with_wilson_and_cp_RMC_rmc_paper_open_vendor_case_b.json,substantive repeated-success threshold,True,0,0,22,0,73,3
2-SAT,Qwen3-32B (think),qwen__Qwen__Qwen3-32B__cnf_qwen3_32b_cases_prompt_interleave_zero_shot_desc_allN_3_5_8_10_15_20_25_30_40_50_60_thinking,N,10,0.75,0.8099173553719008,0.20661157024793386,0.06611570247933884,0.6033057851239669,0.8099173553719008,0.0,0.20661157024793386,0.06611570247933884,0.6033057851239669,0.7175056348610067,0.02305170411857116,0.6944539307424356,0.01980739020558705,0.42380984905402636,0.028925619834710748,0.45003756574004505,0.03073560549142818,True,1.0,0.5454545454545454,1.0,1.0,1.0,1.0,1.0,0.9090909090909091,0.9090909090909091,0.7272727272727273,0.5454545454545454,0.0,0.36363636363636365,0.18181818181818182,0.09090909090909091,0.09090909090909091,0.0,0.0,0.0,0.0,0.0,0.09090909090909091,1.0,1.0,1.0,0.9090909090909091,0.9090909090909091,0.6363636363636364,0.45454545454545453,0.36363636363636365,0.2727272727272727,0.6867017280240421,11,11,0.12321562734785875,0.6559661225326139,679,SAT_Group_Evaluation/open_source_LLM_2SAT/qwen/outputs/cnf_qwen3_32b_unsat_clause_subset_followup_allN_3_5_8_10_15_20_25_30_40_50_60_thinking/results_desc.jsonl,53,121,11,11,11,11,11,11,11,11,11,11,11,11,11,11,11,11,11,11,11,11,11,11,44,11,121,1.0,98,8,73,SAT_Group_Evaluation/analysis/open_source_LLM_2SAT_analysis/open_source_LLM_2SAT_group_adr_with_wilson_and_cp_RMC_rmc_paper_open_vendor_case_b.json,substantive repeated-success threshold,True,0,0,22,0,73,3
2-SAT,Qwen3-32B (think),qwen__Qwen__Qwen3-32B__cnf_qwen3_32b_cases_prompt_interleave_zero_shot_desc_allN_3_5_8_10_15_20_25_30_40_50_60_thinking,N,10,1.0,0.8099173553719008,0.20661157024793386,0.06611570247933884,0.6033057851239669,0.8099173553719008,0.0,0.20661157024793386,0.06611570247933884,0.6033057851239669,0.6867017280240421,0.030735605491428175,0.6559661225326139,0.004371286114336452,0.36397787036404616,0.01652892561983471,0.3989481592787378,0.03073560549142818,True,1.0,0.5454545454545454,1.0,1.0,1.0,1.0,1.0,0.9090909090909091,0.9090909090909091,0.7272727272727273,0.5454545454545454,0.0,0.36363636363636365,0.18181818181818182,0.09090909090909091,0.09090909090909091,0.0,0.0,0.0,0.0,0.0,0.09090909090909091,1.0,1.0,1.0,0.9090909090909091,0.9090909090909091,0.6363636363636364,0.45454545454545453,0.36363636363636365,0.2727272727272727,0.6867017280240421,11,11,0.12321562734785875,0.6559661225326139,679,SAT_Group_Evaluation/open_source_LLM_2SAT/qwen/outputs/cnf_qwen3_32b_unsat_clause_subset_followup_allN_3_5_8_10_15_20_25_30_40_50_60_thinking/results_desc.jsonl,53,121,11,11,11,11,11,11,11,11,11,11,11,11,11,11,11,11,11,11,11,11,11,11,44,11,121,1.0,98,8,73,SAT_Group_Evaluation/analysis/open_source_LLM_2SAT_analysis/open_source_LLM_2SAT_group_adr_with_wilson_and_cp_RMC_rmc_paper_open_vendor_case_b.json,substantive repeated-success threshold,True,0,0,22,0,73,3
2-SAT,Qwen3-32B (think),qwen__Qwen__Qwen3-32B__cnf_qwen3_32b_cases_prompt_interleave_zero_shot_desc_allN_3_5_8_10_15_20_25_30_40_50_60_thinking,N,15,0.0,0.49586776859504134,0.11570247933884298,0.008264462809917356,0.38016528925619836,0.4958677685950413,-5.551115123125783e-17,0.11570247933884292,0.008264462809917356,0.38016528925619836,0.4958677685950413,-5.551115123125783e-17,0.49586776859504134,0.008264462809917356,0.38016528925619836,0.008264462809917356,0.38016528925619836,0.024588484393142544,True,1.0,0.0,1.0,1.0,0.9090909090909091,0.9090909090909091,0.7272727272727273,0.5454545454545454,0.18181818181818182,0.09090909090909091,0.09090909090909091,0.0,0.09090909090909091,0.0,0.0,0.0,0.0,0.0,0.0,0.0,0.0,0.0,1.0,1.0,0.8181818181818182,0.8181818181818182,0.36363636363636365,0.18181818181818182,0.0,0.0,0.0,0.270473328324568,11,11,0.22539444027047334,0.24588484393142546,679,SAT_Group_Evaluation/open_source_LLM_2SAT/qwen/outputs/cnf_qwen3_32b_unsat_clause_subset_followup_allN_3_5_8_10_15_20_25_30_40_50_60_thinking/results_desc.jsonl,53,121,11,11,11,11,11,11,11,11,11,11,11,11,11,11,11,11,11,11,11,11,11,11,40,4,121,1.0,60,1,46,SAT_Group_Evaluation/analysis/open_source_LLM_2SAT_analysis/open_source_LLM_2SAT_group_adr_with_wilson_and_cp_RMC_rmc_paper_open_vendor_case_b.json,substantive repeated-success threshold,True,0,0,9,0,46,5
2-SAT,Qwen3-32B (think),qwen__Qwen__Qwen3-32B__cnf_qwen3_32b_cases_prompt_interleave_zero_shot_desc_allN_3_5_8_10_15_20_25_30_40_50_60_thinking,N,15,0.25,0.49586776859504134,0.11570247933884298,0.008264462809917356,0.38016528925619836,0.4958677685950413,-5.551115123125783e-17,0.11570247933884292,0.008264462809917356,0.38016528925619836,0.43951915852742296,0.0061471210982855795,0.4333720374291374,0.006215422443822144,0.321255378730961,0.006386175807663411,0.32456799398948155,0.024588484393142544,True,1.0,0.0,1.0,1.0,0.9090909090909091,0.9090909090909091,0.7272727272727273,0.5454545454545454,0.18181818181818182,0.09090909090909091,0.09090909090909091,0.0,0.09090909090909091,0.0,0.0,0.0,0.0,0.0,0.0,0.0,0.0,0.0,1.0,1.0,0.8181818181818182,0.8181818181818182,0.36363636363636365,0.18181818181818182,0.0,0.0,0.0,0.270473328324568,11,11,0.22539444027047334,0.24588484393142546,679,SAT_Group_Evaluation/open_source_LLM_2SAT/qwen/outputs/cnf_qwen3_32b_unsat_clause_subset_followup_allN_3_5_8_10_15_20_25_30_40_50_60_thinking/results_desc.jsonl,53,121,11,11,11,11,11,11,11,11,11,11,11,11,11,11,11,11,11,11,11,11,11,11,40,4,121,1.0,60,1,46,SAT_Group_Evaluation/analysis/open_source_LLM_2SAT_analysis/open_source_LLM_2SAT_group_adr_with_wilson_and_cp_RMC_rmc_paper_open_vendor_case_b.json,substantive repeated-success threshold,True,0,0,9,0,46,5
2-SAT,Qwen3-32B (think),qwen__Qwen__Qwen3-32B__cnf_qwen3_32b_cases_prompt_interleave_zero_shot_desc_allN_3_5_8_10_15_20_25_30_40_50_60_thinking,N,15,0.5,0.49586776859504134,0.11570247933884298,0.008264462809917356,0.38016528925619836,0.4958677685950413,-5.551115123125783e-17,0.11570247933884292,0.008264462809917356,0.38016528925619836,0.38317054845980464,0.012294242196571215,0.3708763062632334,0.004166382077726931,0.2623454682057237,0.004507888805409466,0.26897069872276486,0.024588484393142544,True,1.0,0.0,1.0,1.0,0.9090909090909091,0.9090909090909091,0.7272727272727273,0.5454545454545454,0.18181818181818182,0.09090909090909091,0.09090909090909091,0.0,0.09090909090909091,0.0,0.0,0.0,0.0,0.0,0.0,0.0,0.0,0.0,1.0,1.0,0.8181818181818182,0.8181818181818182,0.36363636363636365,0.18181818181818182,0.0,0.0,0.0,0.270473328324568,11,11,0.22539444027047334,0.24588484393142546,679,SAT_Group_Evaluation/open_source_LLM_2SAT/qwen/outputs/cnf_qwen3_32b_unsat_clause_subset_followup_allN_3_5_8_10_15_20_25_30_40_50_60_thinking/results_desc.jsonl,53,121,11,11,11,11,11,11,11,11,11,11,11,11,11,11,11,11,11,11,11,11,11,11,40,4,121,1.0,60,1,46,SAT_Group_Evaluation/analysis/open_source_LLM_2SAT_analysis/open_source_LLM_2SAT_group_adr_with_wilson_and_cp_RMC_rmc_paper_open_vendor_case_b.json,substantive repeated-success threshold,True,0,0,9,0,46,5
2-SAT,Qwen3-32B (think),qwen__Qwen__Qwen3-32B__cnf_qwen3_32b_cases_prompt_interleave_zero_shot_desc_allN_3_5_8_10_15_20_25_30_40_50_60_thinking,N,15,0.75,0.49586776859504134,0.11570247933884298,0.008264462809917356,0.38016528925619836,0.4958677685950413,-5.551115123125783e-17,0.11570247933884292,0.008264462809917356,0.38016528925619836,0.3268219383921863,0.018441363294856905,0.3083805750973294,0.002117341711631719,0.20343555768048635,0.002629601803155523,0.2133734034560481,0.024588484393142544,True,1.0,0.0,1.0,1.0,0.9090909090909091,0.9090909090909091,0.7272727272727273,0.5454545454545454,0.18181818181818182,0.09090909090909091,0.09090909090909091,0.0,0.09090909090909091,0.0,0.0,0.0,0.0,0.0,0.0,0.0,0.0,0.0,1.0,1.0,0.8181818181818182,0.8181818181818182,0.36363636363636365,0.18181818181818182,0.0,0.0,0.0,0.270473328324568,11,11,0.22539444027047334,0.24588484393142546,679,SAT_Group_Evaluation/open_source_LLM_2SAT/qwen/outputs/cnf_qwen3_32b_unsat_clause_subset_followup_allN_3_5_8_10_15_20_25_30_40_50_60_thinking/results_desc.jsonl,53,121,11,11,11,11,11,11,11,11,11,11,11,11,11,11,11,11,11,11,11,11,11,11,40,4,121,1.0,60,1,46,SAT_Group_Evaluation/analysis/open_source_LLM_2SAT_analysis/open_source_LLM_2SAT_group_adr_with_wilson_and_cp_RMC_rmc_paper_open_vendor_case_b.json,substantive repeated-success threshold,True,0,0,9,0,46,5
2-SAT,Qwen3-32B (think),qwen__Qwen__Qwen3-32B__cnf_qwen3_32b_cases_prompt_interleave_zero_shot_desc_allN_3_5_8_10_15_20_25_30_40_50_60_thinking,N,15,1.0,0.49586776859504134,0.11570247933884298,0.008264462809917356,0.38016528925619836,0.4958677685950413,-5.551115123125783e-17,0.11570247933884292,0.008264462809917356,0.38016528925619836,0.270473328324568,0.02458848439314254,0.24588484393142546,6.830134553650717e-05,0.144525647155249,0.0007513148009015778,0.15777610818933133,0.024588484393142544,True,1.0,0.0,1.0,1.0,0.9090909090909091,0.9090909090909091,0.7272727272727273,0.5454545454545454,0.18181818181818182,0.09090909090909091,0.09090909090909091,0.0,0.09090909090909091,0.0,0.0,0.0,0.0,0.0,0.0,0.0,0.0,0.0,1.0,1.0,0.8181818181818182,0.8181818181818182,0.36363636363636365,0.18181818181818182,0.0,0.0,0.0,0.270473328324568,11,11,0.22539444027047334,0.24588484393142546,679,SAT_Group_Evaluation/open_source_LLM_2SAT/qwen/outputs/cnf_qwen3_32b_unsat_clause_subset_followup_allN_3_5_8_10_15_20_25_30_40_50_60_thinking/results_desc.jsonl,53,121,11,11,11,11,11,11,11,11,11,11,11,11,11,11,11,11,11,11,11,11,11,11,40,4,121,1.0,60,1,46,SAT_Group_Evaluation/analysis/open_source_LLM_2SAT_analysis/open_source_LLM_2SAT_group_adr_with_wilson_and_cp_RMC_rmc_paper_open_vendor_case_b.json,substantive repeated-success threshold,True,0,0,9,0,46,5
2-SAT,Qwen3-32B (think),qwen__Qwen__Qwen3-32B__cnf_qwen3_32b_cases_prompt_interleave_zero_shot_desc_allN_3_5_8_10_15_20_25_30_40_50_60_thinking,N,20,0.0,0.24793388429752067,0.04132231404958678,0.008264462809917356,0.2066115702479339,0.24793388429752064,-2.7755575615628914e-17,0.04132231404958678,0.008264462809917356,0.20661157024793386,0.24793388429752064,-2.7755575615628914e-17,0.24793388429752067,0.008264462809917356,0.2066115702479339,0.008264462809917356,0.20661157024793386,0.021173417116317192,True,1.0,0.0,1.0,0.7272727272727273,0.45454545454545453,0.2727272727272727,0.18181818181818182,0.09090909090909091,0.0,0.0,0.0,0.0,0.09090909090909091,0.0,0.0,0.0,0.0,0.0,0.0,0.0,0.0,0.0,0.9090909090909091,0.6363636363636364,0.36363636363636365,0.18181818181818182,0.18181818181818182,0.0,0.0,0.0,0.0,0.08264462809917354,11,11,0.1652892561983471,0.061471210982856364,679,SAT_Group_Evaluation/open_source_LLM_2SAT/qwen/outputs/cnf_qwen3_32b_unsat_clause_subset_followup_allN_3_5_8_10_15_20_25_30_40_50_60_thinking/results_desc.jsonl,53,121,11,11,11,11,11,11,11,11,11,11,11,11,11,11,11,11,11,11,11,11,11,11,43,4,121,1.0,30,1,25,SAT_Group_Evaluation/analysis/open_source_LLM_2SAT_analysis/open_source_LLM_2SAT_group_adr_with_wilson_and_cp_RMC_rmc_paper_open_vendor_case_b.json,substantive repeated-success threshold,True,0,1,0,0,25,4
2-SAT,Qwen3-32B (think),qwen__Qwen__Qwen3-32B__cnf_qwen3_32b_cases_prompt_interleave_zero_shot_desc_allN_3_5_8_10_15_20_25_30_40_50_60_thinking,N,20,0.25,0.24793388429752067,0.04132231404958678,0.008264462809917356,0.2066115702479339,0.24793388429752064,-2.7755575615628914e-17,0.04132231404958678,0.008264462809917356,0.20661157024793386,0.20661157024793386,0.00529335427907926,0.2013182159688546,0.006215422443822144,0.16563076292602966,0.006386175807663411,0.17054845980465816,0.021173417116317192,True,1.0,0.0,1.0,0.7272727272727273,0.45454545454545453,0.2727272727272727,0.18181818181818182,0.09090909090909091,0.0,0.0,0.0,0.0,0.09090909090909091,0.0,0.0,0.0,0.0,0.0,0.0,0.0,0.0,0.0,0.9090909090909091,0.6363636363636364,0.36363636363636365,0.18181818181818182,0.18181818181818182,0.0,0.0,0.0,0.0,0.08264462809917354,11,11,0.1652892561983471,0.061471210982856364,679,SAT_Group_Evaluation/open_source_LLM_2SAT/qwen/outputs/cnf_qwen3_32b_unsat_clause_subset_followup_allN_3_5_8_10_15_20_25_30_40_50_60_thinking/results_desc.jsonl,53,121,11,11,11,11,11,11,11,11,11,11,11,11,11,11,11,11,11,11,11,11,11,11,43,4,121,1.0,30,1,25,SAT_Group_Evaluation/analysis/open_source_LLM_2SAT_analysis/open_source_LLM_2SAT_group_adr_with_wilson_and_cp_RMC_rmc_paper_open_vendor_case_b.json,substantive repeated-success threshold,True,0,1,0,0,25,4
2-SAT,Qwen3-32B (think),qwen__Qwen__Qwen3-32B__cnf_qwen3_32b_cases_prompt_interleave_zero_shot_desc_allN_3_5_8_10_15_20_25_30_40_50_60_thinking,N,20,0.5,0.24793388429752067,0.04132231404958678,0.008264462809917356,0.2066115702479339,0.24793388429752064,-2.7755575615628914e-17,0.04132231404958678,0.008264462809917356,0.20661157024793386,0.1652892561983471,0.010586708558158575,0.15470254764018854,0.004166382077726931,0.12464995560412541,0.004507888805409466,0.13448534936138243,0.021173417116317192,True,1.0,0.0,1.0,0.7272727272727273,0.45454545454545453,0.2727272727272727,0.18181818181818182,0.09090909090909091,0.0,0.0,0.0,0.0,0.09090909090909091,0.0,0.0,0.0,0.0,0.0,0.0,0.0,0.0,0.0,0.9090909090909091,0.6363636363636364,0.36363636363636365,0.18181818181818182,0.18181818181818182,0.0,0.0,0.0,0.0,0.08264462809917354,11,11,0.1652892561983471,0.061471210982856364,679,SAT_Group_Evaluation/open_source_LLM_2SAT/qwen/outputs/cnf_qwen3_32b_unsat_clause_subset_followup_allN_3_5_8_10_15_20_25_30_40_50_60_thinking/results_desc.jsonl,53,121,11,11,11,11,11,11,11,11,11,11,11,11,11,11,11,11,11,11,11,11,11,11,43,4,121,1.0,30,1,25,SAT_Group_Evaluation/analysis/open_source_LLM_2SAT_analysis/open_source_LLM_2SAT_group_adr_with_wilson_and_cp_RMC_rmc_paper_open_vendor_case_b.json,substantive repeated-success threshold,True,0,1,0,0,25,4
2-SAT,Qwen3-32B (think),qwen__Qwen__Qwen3-32B__cnf_qwen3_32b_cases_prompt_interleave_zero_shot_desc_allN_3_5_8_10_15_20_25_30_40_50_60_thinking,N,20,0.75,0.24793388429752067,0.04132231404958678,0.008264462809917356,0.2066115702479339,0.24793388429752064,-2.7755575615628914e-17,0.04132231404958678,0.008264462809917356,0.20661157024793386,0.12396694214876032,0.01588006283723785,0.10808687931152247,0.002117341711631719,0.08366914828222115,0.002629601803155523,0.09842223891810668,0.021173417116317192,True,1.0,0.0,1.0,0.7272727272727273,0.45454545454545453,0.2727272727272727,0.18181818181818182,0.09090909090909091,0.0,0.0,0.0,0.0,0.09090909090909091,0.0,0.0,0.0,0.0,0.0,0.0,0.0,0.0,0.0,0.9090909090909091,0.6363636363636364,0.36363636363636365,0.18181818181818182,0.18181818181818182,0.0,0.0,0.0,0.0,0.08264462809917354,11,11,0.1652892561983471,0.061471210982856364,679,SAT_Group_Evaluation/open_source_LLM_2SAT/qwen/outputs/cnf_qwen3_32b_unsat_clause_subset_followup_allN_3_5_8_10_15_20_25_30_40_50_60_thinking/results_desc.jsonl,53,121,11,11,11,11,11,11,11,11,11,11,11,11,11,11,11,11,11,11,11,11,11,11,43,4,121,1.0,30,1,25,SAT_Group_Evaluation/analysis/open_source_LLM_2SAT_analysis/open_source_LLM_2SAT_group_adr_with_wilson_and_cp_RMC_rmc_paper_open_vendor_case_b.json,substantive repeated-success threshold,True,0,1,0,0,25,4
2-SAT,Qwen3-32B (think),qwen__Qwen__Qwen3-32B__cnf_qwen3_32b_cases_prompt_interleave_zero_shot_desc_allN_3_5_8_10_15_20_25_30_40_50_60_thinking,N,20,1.0,0.24793388429752067,0.04132231404958678,0.008264462809917356,0.2066115702479339,0.24793388429752064,-2.7755575615628914e-17,0.04132231404958678,0.008264462809917356,0.20661157024793386,0.08264462809917356,0.021173417116317178,0.06147121098285638,6.830134553650717e-05,0.04268834096031693,0.0007513148009015778,0.06235912847483096,0.021173417116317192,True,1.0,0.0,1.0,0.7272727272727273,0.45454545454545453,0.2727272727272727,0.18181818181818182,0.09090909090909091,0.0,0.0,0.0,0.0,0.09090909090909091,0.0,0.0,0.0,0.0,0.0,0.0,0.0,0.0,0.0,0.9090909090909091,0.6363636363636364,0.36363636363636365,0.18181818181818182,0.18181818181818182,0.0,0.0,0.0,0.0,0.08264462809917354,11,11,0.1652892561983471,0.061471210982856364,679,SAT_Group_Evaluation/open_source_LLM_2SAT/qwen/outputs/cnf_qwen3_32b_unsat_clause_subset_followup_allN_3_5_8_10_15_20_25_30_40_50_60_thinking/results_desc.jsonl,53,121,11,11,11,11,11,11,11,11,11,11,11,11,11,11,11,11,11,11,11,11,11,11,43,4,121,1.0,30,1,25,SAT_Group_Evaluation/analysis/open_source_LLM_2SAT_analysis/open_source_LLM_2SAT_group_adr_with_wilson_and_cp_RMC_rmc_paper_open_vendor_case_b.json,substantive repeated-success threshold,True,0,1,0,0,25,4
2-SAT,Qwen3-32B (think),qwen__Qwen__Qwen3-32B__cnf_qwen3_32b_cases_prompt_interleave_zero_shot_desc_allN_3_5_8_10_15_20_25_30_40_50_60_thinking,N,25,0.0,0.14166666666666666,0.05,0.0,0.09166666666666666,0.14132231404958676,-0.00034435261707990716,0.04958677685950412,0.0,0.09173553719008264,0.14132231404958676,-0.00034435261707990716,0.14166666666666666,0.0,0.09166666666666666,0.0,0.09173553719008264,0.012492316098627143,True,1.0,0.0,0.8181818181818182,0.36363636363636365,0.2727272727272727,0.09090909090909091,0.0,0.0,0.0,0.0,0.0,0.0,0.0,0.0,0.0,0.0,0.0,0.0,0.0,0.0,0.0,0.0,0.7272727272727273,0.18181818181818182,0.09090909090909091,0.0,0.0,0.0,0.0,0.0,0.0,0.03246431254695717,11,11,0.1088580015026296,0.020069444444444442,679,SAT_Group_Evaluation/open_source_LLM_2SAT/qwen/outputs/cnf_qwen3_32b_unsat_clause_subset_followup_allN_3_5_8_10_15_20_25_30_40_50_60_thinking/results_desc.jsonl,53,120,11,11,11,11,11,11,11,11,11,11,11,11,11,11,11,11,11,11,11,11,11,11,44,0,121,0.9917355371900827,17,0,11,SAT_Group_Evaluation/analysis/open_source_LLM_2SAT_analysis/open_source_LLM_2SAT_group_adr_with_wilson_and_cp_RMC_rmc_paper_open_vendor_case_b.json,substantive repeated-success threshold,True,0,0,1,0,11,5
2-SAT,Qwen3-32B (think),qwen__Qwen__Qwen3-32B__cnf_qwen3_32b_cases_prompt_interleave_zero_shot_desc_allN_3_5_8_10_15_20_25_30_40_50_60_thinking,N,25,0.25,0.14166666666666666,0.05,0.0,0.09166666666666666,0.14132231404958676,-0.00034435261707990716,0.04958677685950412,0.0,0.09173553719008264,0.11410781367392936,0.0028404525628182575,0.1112673611111111,0.0,0.07085069444444445,0.0,0.07240984222389181,0.012492316098627143,True,1.0,0.0,0.8181818181818182,0.36363636363636365,0.2727272727272727,0.09090909090909091,0.0,0.0,0.0,0.0,0.0,0.0,0.0,0.0,0.0,0.0,0.0,0.0,0.0,0.0,0.0,0.0,0.7272727272727273,0.18181818181818182,0.09090909090909091,0.0,0.0,0.0,0.0,0.0,0.0,0.03246431254695717,11,11,0.1088580015026296,0.020069444444444442,679,SAT_Group_Evaluation/open_source_LLM_2SAT/qwen/outputs/cnf_qwen3_32b_unsat_clause_subset_followup_allN_3_5_8_10_15_20_25_30_40_50_60_thinking/results_desc.jsonl,53,120,11,11,11,11,11,11,11,11,11,11,11,11,11,11,11,11,11,11,11,11,11,11,44,0,121,0.9917355371900827,17,0,11,SAT_Group_Evaluation/analysis/open_source_LLM_2SAT_analysis/open_source_LLM_2SAT_group_adr_with_wilson_and_cp_RMC_rmc_paper_open_vendor_case_b.json,substantive repeated-success threshold,True,0,0,1,0,11,5
2-SAT,Qwen3-32B (think),qwen__Qwen__Qwen3-32B__cnf_qwen3_32b_cases_prompt_interleave_zero_shot_desc_allN_3_5_8_10_15_20_25_30_40_50_60_thinking,N,25,0.5,0.14166666666666666,0.05,0.0,0.09166666666666666,0.14132231404958676,-0.00034435261707990716,0.04958677685950412,0.0,0.09173553719008264,0.08689331329827198,0.006025257742716436,0.08086805555555554,0.0,0.05003472222222222,0.0,0.05308414725770097,0.012492316098627143,True,1.0,0.0,0.8181818181818182,0.36363636363636365,0.2727272727272727,0.09090909090909091,0.0,0.0,0.0,0.0,0.0,0.0,0.0,0.0,0.0,0.0,0.0,0.0,0.0,0.0,0.0,0.0,0.7272727272727273,0.18181818181818182,0.09090909090909091,0.0,0.0,0.0,0.0,0.0,0.0,0.03246431254695717,11,11,0.1088580015026296,0.020069444444444442,679,SAT_Group_Evaluation/open_source_LLM_2SAT/qwen/outputs/cnf_qwen3_32b_unsat_clause_subset_followup_allN_3_5_8_10_15_20_25_30_40_50_60_thinking/results_desc.jsonl,53,120,11,11,11,11,11,11,11,11,11,11,11,11,11,11,11,11,11,11,11,11,11,11,44,0,121,0.9917355371900827,17,0,11,SAT_Group_Evaluation/analysis/open_source_LLM_2SAT_analysis/open_source_LLM_2SAT_group_adr_with_wilson_and_cp_RMC_rmc_paper_open_vendor_case_b.json,substantive repeated-success threshold,True,0,0,1,0,11,5
2-SAT,Qwen3-32B (think),qwen__Qwen__Qwen3-32B__cnf_qwen3_32b_cases_prompt_interleave_zero_shot_desc_allN_3_5_8_10_15_20_25_30_40_50_60_thinking,N,25,0.75,0.14166666666666666,0.05,0.0,0.09166666666666666,0.14132231404958676,-0.00034435261707990716,0.04958677685950412,0.0,0.09173553719008264,0.05967881292261457,0.00921006292261458,0.05046874999999999,0.0,0.02921875,0.0,0.033758452291510144,0.012492316098627143,True,1.0,0.0,0.8181818181818182,0.36363636363636365,0.2727272727272727,0.09090909090909091,0.0,0.0,0.0,0.0,0.0,0.0,0.0,0.0,0.0,0.0,0.0,0.0,0.0,0.0,0.0,0.0,0.7272727272727273,0.18181818181818182,0.09090909090909091,0.0,0.0,0.0,0.0,0.0,0.0,0.03246431254695717,11,11,0.1088580015026296,0.020069444444444442,679,SAT_Group_Evaluation/open_source_LLM_2SAT/qwen/outputs/cnf_qwen3_32b_unsat_clause_subset_followup_allN_3_5_8_10_15_20_25_30_40_50_60_thinking/results_desc.jsonl,53,120,11,11,11,11,11,11,11,11,11,11,11,11,11,11,11,11,11,11,11,11,11,11,44,0,121,0.9917355371900827,17,0,11,SAT_Group_Evaluation/analysis/open_source_LLM_2SAT_analysis/open_source_LLM_2SAT_group_adr_with_wilson_and_cp_RMC_rmc_paper_open_vendor_case_b.json,substantive repeated-success threshold,True,0,0,1,0,11,5
2-SAT,Qwen3-32B (think),qwen__Qwen__Qwen3-32B__cnf_qwen3_32b_cases_prompt_interleave_zero_shot_desc_allN_3_5_8_10_15_20_25_30_40_50_60_thinking,N,25,1.0,0.14166666666666666,0.05,0.0,0.09166666666666666,0.14132231404958676,-0.00034435261707990716,0.04958677685950412,0.0,0.09173553719008264,0.032464312546957176,0.012394868102512745,0.02006944444444443,0.0,0.008402777777777773,0.0,0.01443275732531931,0.012492316098627143,True,1.0,0.0,0.8181818181818182,0.36363636363636365,0.2727272727272727,0.09090909090909091,0.0,0.0,0.0,0.0,0.0,0.0,0.0,0.0,0.0,0.0,0.0,0.0,0.0,0.0,0.0,0.0,0.7272727272727273,0.18181818181818182,0.09090909090909091,0.0,0.0,0.0,0.0,0.0,0.0,0.03246431254695717,11,11,0.1088580015026296,0.020069444444444442,679,SAT_Group_Evaluation/open_source_LLM_2SAT/qwen/outputs/cnf_qwen3_32b_unsat_clause_subset_followup_allN_3_5_8_10_15_20_25_30_40_50_60_thinking/results_desc.jsonl,53,120,11,11,11,11,11,11,11,11,11,11,11,11,11,11,11,11,11,11,11,11,11,11,44,0,121,0.9917355371900827,17,0,11,SAT_Group_Evaluation/analysis/open_source_LLM_2SAT_analysis/open_source_LLM_2SAT_group_adr_with_wilson_and_cp_RMC_rmc_paper_open_vendor_case_b.json,substantive repeated-success threshold,True,0,0,1,0,11,5
2-SAT,Qwen3-32B (think),qwen__Qwen__Qwen3-32B__cnf_qwen3_32b_cases_prompt_interleave_zero_shot_desc_allN_3_5_8_10_15_20_25_30_40_50_60_thinking,N,30,0.0,0.15702479338842976,0.0743801652892562,0.008264462809917356,0.08264462809917356,0.15702479338842976,0.0,0.0743801652892562,0.008264462809917356,0.08264462809917356,0.15702479338842976,0.0,0.15702479338842976,0.008264462809917356,0.08264462809917356,0.008264462809917356,0.08264462809917356,0.016665528310907726,True,1.0,0.0,0.8181818181818182,0.45454545454545453,0.2727272727272727,0.09090909090909091,0.09090909090909091,0.0,0.0,0.0,0.0,0.0,0.09090909090909091,0.0,0.0,0.0,0.0,0.0,0.0,0.0,0.0,0.0,0.6363636363636364,0.18181818181818182,0.09090909090909091,0.0,0.0,0.0,0.0,0.0,0.0,0.04132231404958677,11,11,0.11570247933884298,0.024656785738679052,679,SAT_Group_Evaluation/open_source_LLM_2SAT/qwen/outputs/cnf_qwen3_32b_unsat_clause_subset_followup_allN_3_5_8_10_15_20_25_30_40_50_60_thinking/results_desc.jsonl,53,121,11,11,11,11,11,11,11,11,11,11,11,11,11,11,11,11,11,11,11,11,11,11,43,2,121,1.0,19,1,10,SAT_Group_Evaluation/analysis/open_source_LLM_2SAT_analysis/open_source_LLM_2SAT_group_adr_with_wilson_and_cp_RMC_rmc_paper_open_vendor_case_b.json,substantive repeated-success threshold,True,0,1,1,0,10,7
2-SAT,Qwen3-32B (think),qwen__Qwen__Qwen3-32B__cnf_qwen3_32b_cases_prompt_interleave_zero_shot_desc_allN_3_5_8_10_15_20_25_30_40_50_60_thinking,N,30,0.25,0.15702479338842976,0.0743801652892562,0.008264462809917356,0.08264462809917356,0.15702479338842976,0.0,0.0743801652892562,0.008264462809917356,0.08264462809917356,0.12809917355371903,0.004166382077726946,0.12393279147599208,0.006215422443822144,0.06369100471279285,0.006386175807663411,0.06536438767843727,0.016665528310907726,True,1.0,0.0,0.8181818181818182,0.45454545454545453,0.2727272727272727,0.09090909090909091,0.09090909090909091,0.0,0.0,0.0,0.0,0.0,0.09090909090909091,0.0,0.0,0.0,0.0,0.0,0.0,0.0,0.0,0.0,0.6363636363636364,0.18181818181818182,0.09090909090909091,0.0,0.0,0.0,0.0,0.0,0.0,0.04132231404958677,11,11,0.11570247933884298,0.024656785738679052,679,SAT_Group_Evaluation/open_source_LLM_2SAT/qwen/outputs/cnf_qwen3_32b_unsat_clause_subset_followup_allN_3_5_8_10_15_20_25_30_40_50_60_thinking/results_desc.jsonl,53,121,11,11,11,11,11,11,11,11,11,11,11,11,11,11,11,11,11,11,11,11,11,11,43,2,121,1.0,19,1,10,SAT_Group_Evaluation/analysis/open_source_LLM_2SAT_analysis/open_source_LLM_2SAT_group_adr_with_wilson_and_cp_RMC_rmc_paper_open_vendor_case_b.json,substantive repeated-success threshold,True,0,1,1,0,10,7
2-SAT,Qwen3-32B (think),qwen__Qwen__Qwen3-32B__cnf_qwen3_32b_cases_prompt_interleave_zero_shot_desc_allN_3_5_8_10_15_20_25_30_40_50_60_thinking,N,30,0.5,0.15702479338842976,0.0743801652892562,0.008264462809917356,0.08264462809917356,0.15702479338842976,0.0,0.0743801652892562,0.008264462809917356,0.08264462809917356,0.09917355371900825,0.00833276415545385,0.0908407895635544,0.004166382077726931,0.044737381326412126,0.004507888805409466,0.04808414725770098,0.016665528310907726,True,1.0,0.0,0.8181818181818182,0.45454545454545453,0.2727272727272727,0.09090909090909091,0.09090909090909091,0.0,0.0,0.0,0.0,0.0,0.09090909090909091,0.0,0.0,0.0,0.0,0.0,0.0,0.0,0.0,0.0,0.6363636363636364,0.18181818181818182,0.09090909090909091,0.0,0.0,0.0,0.0,0.0,0.0,0.04132231404958677,11,11,0.11570247933884298,0.024656785738679052,679,SAT_Group_Evaluation/open_source_LLM_2SAT/qwen/outputs/cnf_qwen3_32b_unsat_clause_subset_followup_allN_3_5_8_10_15_20_25_30_40_50_60_thinking/results_desc.jsonl,53,121,11,11,11,11,11,11,11,11,11,11,11,11,11,11,11,11,11,11,11,11,11,11,43,2,121,1.0,19,1,10,SAT_Group_Evaluation/analysis/open_source_LLM_2SAT_analysis/open_source_LLM_2SAT_group_adr_with_wilson_and_cp_RMC_rmc_paper_open_vendor_case_b.json,substantive repeated-success threshold,True,0,1,1,0,10,7
2-SAT,Qwen3-32B (think),qwen__Qwen__Qwen3-32B__cnf_qwen3_32b_cases_prompt_interleave_zero_shot_desc_allN_3_5_8_10_15_20_25_30_40_50_60_thinking,N,30,0.75,0.15702479338842976,0.0743801652892562,0.008264462809917356,0.08264462809917356,0.15702479338842976,0.0,0.0743801652892562,0.008264462809917356,0.08264462809917356,0.07024793388429752,0.012499146233180783,0.05774878765111674,0.002117341711631719,0.025783757940031418,0.002629601803155523,0.03080390683696469,0.016665528310907726,True,1.0,0.0,0.8181818181818182,0.45454545454545453,0.2727272727272727,0.09090909090909091,0.09090909090909091,0.0,0.0,0.0,0.0,0.0,0.09090909090909091,0.0,0.0,0.0,0.0,0.0,0.0,0.0,0.0,0.0,0.6363636363636364,0.18181818181818182,0.09090909090909091,0.0,0.0,0.0,0.0,0.0,0.0,0.04132231404958677,11,11,0.11570247933884298,0.024656785738679052,679,SAT_Group_Evaluation/open_source_LLM_2SAT/qwen/outputs/cnf_qwen3_32b_unsat_clause_subset_followup_allN_3_5_8_10_15_20_25_30_40_50_60_thinking/results_desc.jsonl,53,121,11,11,11,11,11,11,11,11,11,11,11,11,11,11,11,11,11,11,11,11,11,11,43,2,121,1.0,19,1,10,SAT_Group_Evaluation/analysis/open_source_LLM_2SAT_analysis/open_source_LLM_2SAT_group_adr_with_wilson_and_cp_RMC_rmc_paper_open_vendor_case_b.json,substantive repeated-success threshold,True,0,1,1,0,10,7
2-SAT,Qwen3-32B (think),qwen__Qwen__Qwen3-32B__cnf_qwen3_32b_cases_prompt_interleave_zero_shot_desc_allN_3_5_8_10_15_20_25_30_40_50_60_thinking,N,30,1.0,0.15702479338842976,0.0743801652892562,0.008264462809917356,0.08264462809917356,0.15702479338842976,0.0,0.0743801652892562,0.008264462809917356,0.08264462809917356,0.04132231404958678,0.01666552831090773,0.02465678573867905,6.830134553650717e-05,0.006830134553650696,0.0007513148009015778,0.0135236664162284,0.016665528310907726,True,1.0,0.0,0.8181818181818182,0.45454545454545453,0.2727272727272727,0.09090909090909091,0.09090909090909091,0.0,0.0,0.0,0.0,0.0,0.09090909090909091,0.0,0.0,0.0,0.0,0.0,0.0,0.0,0.0,0.0,0.6363636363636364,0.18181818181818182,0.09090909090909091,0.0,0.0,0.0,0.0,0.0,0.0,0.04132231404958677,11,11,0.11570247933884298,0.024656785738679052,679,SAT_Group_Evaluation/open_source_LLM_2SAT/qwen/outputs/cnf_qwen3_32b_unsat_clause_subset_followup_allN_3_5_8_10_15_20_25_30_40_50_60_thinking/results_desc.jsonl,53,121,11,11,11,11,11,11,11,11,11,11,11,11,11,11,11,11,11,11,11,11,11,11,43,2,121,1.0,19,1,10,SAT_Group_Evaluation/analysis/open_source_LLM_2SAT_analysis/open_source_LLM_2SAT_group_adr_with_wilson_and_cp_RMC_rmc_paper_open_vendor_case_b.json,substantive repeated-success threshold,True,0,1,1,0,10,7
2-SAT,Qwen3-32B (think),qwen__Qwen__Qwen3-32B__cnf_qwen3_32b_cases_prompt_interleave_zero_shot_desc_allN_3_5_8_10_15_20_25_30_40_50_60_thinking,N,40,0.0,0.09917355371900827,0.09917355371900827,0.0,0.0,0.09917355371900825,-1.3877787807814457e-17,0.09917355371900825,0.0,0.0,0.09917355371900825,-1.3877787807814457e-17,0.09917355371900827,0.0,0.0,0.0,0.0,0.011201420667987157,True,1.0,0.0,0.5454545454545454,0.36363636363636365,0.18181818181818182,0.0,0.0,0.0,0.0,0.0,0.0,0.0,0.0,0.0,0.0,0.0,0.0,0.0,0.0,0.0,0.0,0.0,0.0,0.0,0.0,0.0,0.0,0.0,0.0,0.0,0.0,0.021036814425244174,11,11,0.0781367392937641,0.009835393757257019,679,SAT_Group_Evaluation/open_source_LLM_2SAT/qwen/outputs/cnf_qwen3_32b_unsat_clause_subset_followup_allN_3_5_8_10_15_20_25_30_40_50_60_thinking/results_desc.jsonl,53,121,11,11,11,11,11,11,11,11,11,11,11,11,11,11,11,11,11,11,11,11,11,11,40,0,121,1.0,12,0,0,SAT_Group_Evaluation/analysis/open_source_LLM_2SAT_analysis/open_source_LLM_2SAT_group_adr_with_wilson_and_cp_RMC_rmc_paper_open_vendor_case_b.json,substantive repeated-success threshold,True,0,4,2,0,0,6
2-SAT,Qwen3-32B (think),qwen__Qwen__Qwen3-32B__cnf_qwen3_32b_cases_prompt_interleave_zero_shot_desc_allN_3_5_8_10_15_20_25_30_40_50_60_thinking,N,40,0.25,0.09917355371900827,0.09917355371900827,0.0,0.0,0.09917355371900825,-1.3877787807814457e-17,0.09917355371900825,0.0,0.0,0.07963936889556723,0.002800355166996782,0.07683901372857045,0.0,0.0,0.0,0.0,0.011201420667987157,True,1.0,0.0,0.5454545454545454,0.36363636363636365,0.18181818181818182,0.0,0.0,0.0,0.0,0.0,0.0,0.0,0.0,0.0,0.0,0.0,0.0,0.0,0.0,0.0,0.0,0.0,0.0,0.0,0.0,0.0,0.0,0.0,0.0,0.0,0.0,0.021036814425244174,11,11,0.0781367392937641,0.009835393757257019,679,SAT_Group_Evaluation/open_source_LLM_2SAT/qwen/outputs/cnf_qwen3_32b_unsat_clause_subset_followup_allN_3_5_8_10_15_20_25_30_40_50_60_thinking/results_desc.jsonl,53,121,11,11,11,11,11,11,11,11,11,11,11,11,11,11,11,11,11,11,11,11,11,11,40,0,121,1.0,12,0,0,SAT_Group_Evaluation/analysis/open_source_LLM_2SAT_analysis/open_source_LLM_2SAT_group_adr_with_wilson_and_cp_RMC_rmc_paper_open_vendor_case_b.json,substantive repeated-success threshold,True,0,4,2,0,0,6
2-SAT,Qwen3-32B (think),qwen__Qwen__Qwen3-32B__cnf_qwen3_32b_cases_prompt_interleave_zero_shot_desc_allN_3_5_8_10_15_20_25_30_40_50_60_thinking,N,40,0.5,0.09917355371900827,0.09917355371900827,0.0,0.0,0.09917355371900825,-1.3877787807814457e-17,0.09917355371900825,0.0,0.0,0.06010518407212622,0.005600710333993578,0.05450447373813264,0.0,0.0,0.0,0.0,0.011201420667987157,True,1.0,0.0,0.5454545454545454,0.36363636363636365,0.18181818181818182,0.0,0.0,0.0,0.0,0.0,0.0,0.0,0.0,0.0,0.0,0.0,0.0,0.0,0.0,0.0,0.0,0.0,0.0,0.0,0.0,0.0,0.0,0.0,0.0,0.0,0.0,0.021036814425244174,11,11,0.0781367392937641,0.009835393757257019,679,SAT_Group_Evaluation/open_source_LLM_2SAT/qwen/outputs/cnf_qwen3_32b_unsat_clause_subset_followup_allN_3_5_8_10_15_20_25_30_40_50_60_thinking/results_desc.jsonl,53,121,11,11,11,11,11,11,11,11,11,11,11,11,11,11,11,11,11,11,11,11,11,11,40,0,121,1.0,12,0,0,SAT_Group_Evaluation/analysis/open_source_LLM_2SAT_analysis/open_source_LLM_2SAT_group_adr_with_wilson_and_cp_RMC_rmc_paper_open_vendor_case_b.json,substantive repeated-success threshold,True,0,4,2,0,0,6
2-SAT,Qwen3-32B (think),qwen__Qwen__Qwen3-32B__cnf_qwen3_32b_cases_prompt_interleave_zero_shot_desc_allN_3_5_8_10_15_20_25_30_40_50_60_thinking,N,40,0.75,0.09917355371900827,0.09917355371900827,0.0,0.0,0.09917355371900825,-1.3877787807814457e-17,0.09917355371900825,0.0,0.0,0.0405709992486852,0.008401065500990366,0.032169933747694834,0.0,0.0,0.0,0.0,0.011201420667987157,True,1.0,0.0,0.5454545454545454,0.36363636363636365,0.18181818181818182,0.0,0.0,0.0,0.0,0.0,0.0,0.0,0.0,0.0,0.0,0.0,0.0,0.0,0.0,0.0,0.0,0.0,0.0,0.0,0.0,0.0,0.0,0.0,0.0,0.0,0.0,0.021036814425244174,11,11,0.0781367392937641,0.009835393757257019,679,SAT_Group_Evaluation/open_source_LLM_2SAT/qwen/outputs/cnf_qwen3_32b_unsat_clause_subset_followup_allN_3_5_8_10_15_20_25_30_40_50_60_thinking/results_desc.jsonl,53,121,11,11,11,11,11,11,11,11,11,11,11,11,11,11,11,11,11,11,11,11,11,11,40,0,121,1.0,12,0,0,SAT_Group_Evaluation/analysis/open_source_LLM_2SAT_analysis/open_source_LLM_2SAT_group_adr_with_wilson_and_cp_RMC_rmc_paper_open_vendor_case_b.json,substantive repeated-success threshold,True,0,4,2,0,0,6
2-SAT,Qwen3-32B (think),qwen__Qwen__Qwen3-32B__cnf_qwen3_32b_cases_prompt_interleave_zero_shot_desc_allN_3_5_8_10_15_20_25_30_40_50_60_thinking,N,40,1.0,0.09917355371900827,0.09917355371900827,0.0,0.0,0.09917355371900825,-1.3877787807814457e-17,0.09917355371900825,0.0,0.0,0.021036814425244178,0.011201420667987159,0.009835393757257019,0.0,0.0,0.0,0.0,0.011201420667987157,True,1.0,0.0,0.5454545454545454,0.36363636363636365,0.18181818181818182,0.0,0.0,0.0,0.0,0.0,0.0,0.0,0.0,0.0,0.0,0.0,0.0,0.0,0.0,0.0,0.0,0.0,0.0,0.0,0.0,0.0,0.0,0.0,0.0,0.0,0.0,0.021036814425244174,11,11,0.0781367392937641,0.009835393757257019,679,SAT_Group_Evaluation/open_source_LLM_2SAT/qwen/outputs/cnf_qwen3_32b_unsat_clause_subset_followup_allN_3_5_8_10_15_20_25_30_40_50_60_thinking/results_desc.jsonl,53,121,11,11,11,11,11,11,11,11,11,11,11,11,11,11,11,11,11,11,11,11,11,11,40,0,121,1.0,12,0,0,SAT_Group_Evaluation/analysis/open_source_LLM_2SAT_analysis/open_source_LLM_2SAT_group_adr_with_wilson_and_cp_RMC_rmc_paper_open_vendor_case_b.json,substantive repeated-success threshold,True,0,4,2,0,0,6
2-SAT,Qwen3-32B (think),qwen__Qwen__Qwen3-32B__cnf_qwen3_32b_cases_prompt_interleave_zero_shot_desc_allN_3_5_8_10_15_20_25_30_40_50_60_thinking,N,50,0.0,0.14285714285714285,0.14285714285714285,0.0,0.0,0.14380165289256197,0.0009445100354191216,0.14380165289256197,0.0,0.0,0.14380165289256197,0.0009445100354191216,0.14285714285714285,0.0,0.0,0.0,0.0,0.017713270951437744,True,1.0,0.0,0.7272727272727273,0.36363636363636365,0.2727272727272727,0.18181818181818182,0.0,0.0,0.0,0.0,0.0,0.0,0.0,0.0,0.0,0.0,0.0,0.0,0.0,0.0,0.0,0.0,0.0,0.0,0.0,0.0,0.0,0.0,0.0,0.0,0.0,0.038392186326070624,11,11,0.10540946656649136,0.02040816326530612,679,SAT_Group_Evaluation/open_source_LLM_2SAT/qwen/outputs/cnf_qwen3_32b_unsat_clause_subset_followup_allN_3_5_8_10_15_20_25_30_40_50_60_thinking/results_desc.jsonl,53,119,11,11,11,11,11,11,11,11,11,11,11,11,11,11,11,11,11,11,11,11,11,11,19,0,121,0.9834710743801653,17,0,0,SAT_Group_Evaluation/analysis/open_source_LLM_2SAT_analysis/open_source_LLM_2SAT_group_adr_with_wilson_and_cp_RMC_rmc_paper_open_vendor_case_b.json,substantive repeated-success threshold,True,0,6,3,0,0,15
2-SAT,Qwen3-32B (think),qwen__Qwen__Qwen3-32B__cnf_qwen3_32b_cases_prompt_interleave_zero_shot_desc_allN_3_5_8_10_15_20_25_30_40_50_60_thinking,N,50,0.25,0.14285714285714285,0.14285714285714285,0.0,0.0,0.14380165289256197,0.0009445100354191216,0.14380165289256197,0.0,0.0,0.11744928625093914,0.005204388291755485,0.11224489795918366,0.0,0.0,0.0,0.0,0.017713270951437744,True,1.0,0.0,0.7272727272727273,0.36363636363636365,0.2727272727272727,0.18181818181818182,0.0,0.0,0.0,0.0,0.0,0.0,0.0,0.0,0.0,0.0,0.0,0.0,0.0,0.0,0.0,0.0,0.0,0.0,0.0,0.0,0.0,0.0,0.0,0.0,0.0,0.038392186326070624,11,11,0.10540946656649136,0.02040816326530612,679,SAT_Group_Evaluation/open_source_LLM_2SAT/qwen/outputs/cnf_qwen3_32b_unsat_clause_subset_followup_allN_3_5_8_10_15_20_25_30_40_50_60_thinking/results_desc.jsonl,53,119,11,11,11,11,11,11,11,11,11,11,11,11,11,11,11,11,11,11,11,11,11,11,19,0,121,0.9834710743801653,17,0,0,SAT_Group_Evaluation/analysis/open_source_LLM_2SAT_analysis/open_source_LLM_2SAT_group_adr_with_wilson_and_cp_RMC_rmc_paper_open_vendor_case_b.json,substantive repeated-success threshold,True,0,6,3,0,0,15
2-SAT,Qwen3-32B (think),qwen__Qwen__Qwen3-32B__cnf_qwen3_32b_cases_prompt_interleave_zero_shot_desc_allN_3_5_8_10_15_20_25_30_40_50_60_thinking,N,50,0.5,0.14285714285714285,0.14285714285714285,0.0,0.0,0.14380165289256197,0.0009445100354191216,0.14380165289256197,0.0,0.0,0.0910969196093163,0.009464266548091821,0.08163265306122448,0.0,0.0,0.0,0.0,0.017713270951437744,True,1.0,0.0,0.7272727272727273,0.36363636363636365,0.2727272727272727,0.18181818181818182,0.0,0.0,0.0,0.0,0.0,0.0,0.0,0.0,0.0,0.0,0.0,0.0,0.0,0.0,0.0,0.0,0.0,0.0,0.0,0.0,0.0,0.0,0.0,0.0,0.0,0.038392186326070624,11,11,0.10540946656649136,0.02040816326530612,679,SAT_Group_Evaluation/open_source_LLM_2SAT/qwen/outputs/cnf_qwen3_32b_unsat_clause_subset_followup_allN_3_5_8_10_15_20_25_30_40_50_60_thinking/results_desc.jsonl,53,119,11,11,11,11,11,11,11,11,11,11,11,11,11,11,11,11,11,11,11,11,11,11,19,0,121,0.9834710743801653,17,0,0,SAT_Group_Evaluation/analysis/open_source_LLM_2SAT_analysis/open_source_LLM_2SAT_group_adr_with_wilson_and_cp_RMC_rmc_paper_open_vendor_case_b.json,substantive repeated-success threshold,True,0,6,3,0,0,15
2-SAT,Qwen3-32B (think),qwen__Qwen__Qwen3-32B__cnf_qwen3_32b_cases_prompt_interleave_zero_shot_desc_allN_3_5_8_10_15_20_25_30_40_50_60_thinking,N,50,0.75,0.14285714285714285,0.14285714285714285,0.0,0.0,0.14380165289256197,0.0009445100354191216,0.14380165289256197,0.0,0.0,0.06474455296769346,0.01372414480442817,0.05102040816326529,0.0,0.0,0.0,0.0,0.017713270951437744,True,1.0,0.0,0.7272727272727273,0.36363636363636365,0.2727272727272727,0.18181818181818182,0.0,0.0,0.0,0.0,0.0,0.0,0.0,0.0,0.0,0.0,0.0,0.0,0.0,0.0,0.0,0.0,0.0,0.0,0.0,0.0,0.0,0.0,0.0,0.0,0.0,0.038392186326070624,11,11,0.10540946656649136,0.02040816326530612,679,SAT_Group_Evaluation/open_source_LLM_2SAT/qwen/outputs/cnf_qwen3_32b_unsat_clause_subset_followup_allN_3_5_8_10_15_20_25_30_40_50_60_thinking/results_desc.jsonl,53,119,11,11,11,11,11,11,11,11,11,11,11,11,11,11,11,11,11,11,11,11,11,11,19,0,121,0.9834710743801653,17,0,0,SAT_Group_Evaluation/analysis/open_source_LLM_2SAT_analysis/open_source_LLM_2SAT_group_adr_with_wilson_and_cp_RMC_rmc_paper_open_vendor_case_b.json,substantive repeated-success threshold,True,0,6,3,0,0,15
2-SAT,Qwen3-32B (think),qwen__Qwen__Qwen3-32B__cnf_qwen3_32b_cases_prompt_interleave_zero_shot_desc_allN_3_5_8_10_15_20_25_30_40_50_60_thinking,N,50,1.0,0.14285714285714285,0.14285714285714285,0.0,0.0,0.14380165289256197,0.0009445100354191216,0.14380165289256197,0.0,0.0,0.038392186326070624,0.017984023060764506,0.020408163265306117,0.0,0.0,0.0,0.0,0.017713270951437744,True,1.0,0.0,0.7272727272727273,0.36363636363636365,0.2727272727272727,0.18181818181818182,0.0,0.0,0.0,0.0,0.0,0.0,0.0,0.0,0.0,0.0,0.0,0.0,0.0,0.0,0.0,0.0,0.0,0.0,0.0,0.0,0.0,0.0,0.0,0.0,0.0,0.038392186326070624,11,11,0.10540946656649136,0.02040816326530612,679,SAT_Group_Evaluation/open_source_LLM_2SAT/qwen/outputs/cnf_qwen3_32b_unsat_clause_subset_followup_allN_3_5_8_10_15_20_25_30_40_50_60_thinking/results_desc.jsonl,53,119,11,11,11,11,11,11,11,11,11,11,11,11,11,11,11,11,11,11,11,11,11,11,19,0,121,0.9834710743801653,17,0,0,SAT_Group_Evaluation/analysis/open_source_LLM_2SAT_analysis/open_source_LLM_2SAT_group_adr_with_wilson_and_cp_RMC_rmc_paper_open_vendor_case_b.json,substantive repeated-success threshold,True,0,6,3,0,0,15
2-SAT,Qwen3-32B (think),qwen__Qwen__Qwen3-32B__cnf_qwen3_32b_cases_prompt_interleave_zero_shot_desc_allN_3_5_8_10_15_20_25_30_40_50_60_thinking,N,60,0.0,0.16666666666666666,0.16666666666666666,0.0,0.0,0.1714876033057851,0.0048209366391184505,0.1714876033057851,0.0,0.0,0.1714876033057851,0.0048209366391184505,0.16666666666666666,0.0,0.0,0.0,0.0,0.012336930537531588,True,1.0,0.0,0.8181818181818182,0.5454545454545454,0.2727272727272727,0.09090909090909091,0.0,0.0,0.0,0.0,0.0,0.0,0.0,0.0,0.0,0.0,0.0,0.0,0.0,0.0,0.0,0.0,0.0,0.0,0.0,0.0,0.0,0.0,0.0,0.0,0.0,0.041744928625093915,11,11,0.1297426746806912,0.027777777777777776,679,SAT_Group_Evaluation/open_source_LLM_2SAT/qwen/outputs/cnf_qwen3_32b_unsat_clause_subset_followup_allN_3_5_8_10_15_20_25_30_40_50_60_thinking/results_desc.jsonl,53,114,11,11,10,11,11,11,11,11,11,11,11,11,10,11,10,11,10,11,10,11,10,11,23,1,121,0.9421487603305785,19,0,0,SAT_Group_Evaluation/analysis/open_source_LLM_2SAT_analysis/open_source_LLM_2SAT_group_adr_with_wilson_and_cp_RMC_rmc_paper_open_vendor_case_b.json,substantive repeated-success threshold,True,0,2,10,0,0,10
2-SAT,Qwen3-32B (think),qwen__Qwen__Qwen3-32B__cnf_qwen3_32b_cases_prompt_interleave_zero_shot_desc_allN_3_5_8_10_15_20_25_30_40_50_60_thinking,N,60,0.25,0.16666666666666666,0.16666666666666666,0.0,0.0,0.1714876033057851,0.0048209366391184505,0.1714876033057851,0.0,0.0,0.1390519346356123,0.007107490191167881,0.13194444444444442,0.0,0.0,0.0,0.0,0.012336930537531588,True,1.0,0.0,0.8181818181818182,0.5454545454545454,0.2727272727272727,0.09090909090909091,0.0,0.0,0.0,0.0,0.0,0.0,0.0,0.0,0.0,0.0,0.0,0.0,0.0,0.0,0.0,0.0,0.0,0.0,0.0,0.0,0.0,0.0,0.0,0.0,0.0,0.041744928625093915,11,11,0.1297426746806912,0.027777777777777776,679,SAT_Group_Evaluation/open_source_LLM_2SAT/qwen/outputs/cnf_qwen3_32b_unsat_clause_subset_followup_allN_3_5_8_10_15_20_25_30_40_50_60_thinking/results_desc.jsonl,53,114,11,11,10,11,11,11,11,11,11,11,11,11,10,11,10,11,10,11,10,11,10,11,23,1,121,0.9421487603305785,19,0,0,SAT_Group_Evaluation/analysis/open_source_LLM_2SAT_analysis/open_source_LLM_2SAT_group_adr_with_wilson_and_cp_RMC_rmc_paper_open_vendor_case_b.json,substantive repeated-success threshold,True,0,2,10,0,0,10
2-SAT,Qwen3-32B (think),qwen__Qwen__Qwen3-32B__cnf_qwen3_32b_cases_prompt_interleave_zero_shot_desc_allN_3_5_8_10_15_20_25_30_40_50_60_thinking,N,60,0.5,0.16666666666666666,0.16666666666666666,0.0,0.0,0.1714876033057851,0.0048209366391184505,0.1714876033057851,0.0,0.0,0.10661626596543951,0.009394043743217298,0.09722222222222221,0.0,0.0,0.0,0.0,0.012336930537531588,True,1.0,0.0,0.8181818181818182,0.5454545454545454,0.2727272727272727,0.09090909090909091,0.0,0.0,0.0,0.0,0.0,0.0,0.0,0.0,0.0,0.0,0.0,0.0,0.0,0.0,0.0,0.0,0.0,0.0,0.0,0.0,0.0,0.0,0.0,0.0,0.0,0.041744928625093915,11,11,0.1297426746806912,0.027777777777777776,679,SAT_Group_Evaluation/open_source_LLM_2SAT/qwen/outputs/cnf_qwen3_32b_unsat_clause_subset_followup_allN_3_5_8_10_15_20_25_30_40_50_60_thinking/results_desc.jsonl,53,114,11,11,10,11,11,11,11,11,11,11,11,11,10,11,10,11,10,11,10,11,10,11,23,1,121,0.9421487603305785,19,0,0,SAT_Group_Evaluation/analysis/open_source_LLM_2SAT_analysis/open_source_LLM_2SAT_group_adr_with_wilson_and_cp_RMC_rmc_paper_open_vendor_case_b.json,substantive repeated-success threshold,True,0,2,10,0,0,10
2-SAT,Qwen3-32B (think),qwen__Qwen__Qwen3-32B__cnf_qwen3_32b_cases_prompt_interleave_zero_shot_desc_allN_3_5_8_10_15_20_25_30_40_50_60_thinking,N,60,0.75,0.16666666666666666,0.16666666666666666,0.0,0.0,0.1714876033057851,0.0048209366391184505,0.1714876033057851,0.0,0.0,0.07418059729526671,0.011680597295266729,0.062499999999999986,0.0,0.0,0.0,0.0,0.012336930537531588,True,1.0,0.0,0.8181818181818182,0.5454545454545454,0.2727272727272727,0.09090909090909091,0.0,0.0,0.0,0.0,0.0,0.0,0.0,0.0,0.0,0.0,0.0,0.0,0.0,0.0,0.0,0.0,0.0,0.0,0.0,0.0,0.0,0.0,0.0,0.0,0.0,0.041744928625093915,11,11,0.1297426746806912,0.027777777777777776,679,SAT_Group_Evaluation/open_source_LLM_2SAT/qwen/outputs/cnf_qwen3_32b_unsat_clause_subset_followup_allN_3_5_8_10_15_20_25_30_40_50_60_thinking/results_desc.jsonl,53,114,11,11,10,11,11,11,11,11,11,11,11,11,10,11,10,11,10,11,10,11,10,11,23,1,121,0.9421487603305785,19,0,0,SAT_Group_Evaluation/analysis/open_source_LLM_2SAT_analysis/open_source_LLM_2SAT_group_adr_with_wilson_and_cp_RMC_rmc_paper_open_vendor_case_b.json,substantive repeated-success threshold,True,0,2,10,0,0,10
2-SAT,Qwen3-32B (think),qwen__Qwen__Qwen3-32B__cnf_qwen3_32b_cases_prompt_interleave_zero_shot_desc_allN_3_5_8_10_15_20_25_30_40_50_60_thinking,N,60,1.0,0.16666666666666666,0.16666666666666666,0.0,0.0,0.1714876033057851,0.0048209366391184505,0.1714876033057851,0.0,0.0,0.041744928625093915,0.013967150847316152,0.027777777777777762,0.0,0.0,0.0,0.0,0.012336930537531588,True,1.0,0.0,0.8181818181818182,0.5454545454545454,0.2727272727272727,0.09090909090909091,0.0,0.0,0.0,0.0,0.0,0.0,0.0,0.0,0.0,0.0,0.0,0.0,0.0,0.0,0.0,0.0,0.0,0.0,0.0,0.0,0.0,0.0,0.0,0.0,0.0,0.041744928625093915,11,11,0.1297426746806912,0.027777777777777776,679,SAT_Group_Evaluation/open_source_LLM_2SAT/qwen/outputs/cnf_qwen3_32b_unsat_clause_subset_followup_allN_3_5_8_10_15_20_25_30_40_50_60_thinking/results_desc.jsonl,53,114,11,11,10,11,11,11,11,11,11,11,11,11,10,11,10,11,10,11,10,11,10,11,23,1,121,0.9421487603305785,19,0,0,SAT_Group_Evaluation/analysis/open_source_LLM_2SAT_analysis/open_source_LLM_2SAT_group_adr_with_wilson_and_cp_RMC_rmc_paper_open_vendor_case_b.json,substantive repeated-success threshold,True,0,2,10,0,0,10
